d.vec,Cor.M,Model
0,1,log_CAA
1.000100010001,0.999999147824765,log_CAA
2.000200020002,0.999996875410797,log_CAA
3.000300030003,0.999993343611827,log_CAA
4.000400040004,0.999988638087397,log_CAA
5.000500050005,0.999982818655089,log_CAA
6.000600060006,0.999975931437255,log_CAA
7.000700070007,0.999968014008959,log_CAA
8.000800080008,0.999959098086968,log_CAA
9.000900090009,0.999949211117134,log_CAA
10.00100010001,0.999938377291518,log_CAA
11.001100110011,0.999926618239881,log_CAA
12.001200120012,0.999913953521449,log_CAA
13.001300130013,0.999900400987235,log_CAA
14.001400140014,0.999885977054763,log_CAA
15.001500150015,0.999870696921354,log_CAA
16.001600160016,0.999854574733053,log_CAA
17.001700170017,0.999837623720695,log_CAA
18.001800180018,0.999819856311147,log_CAA
19.001900190019,0.9998012842194,log_CAA
20.00200020002,0.999781918525684,log_CAA
21.002100210021,0.999761769740685,log_CAA
22.002200220022,0.999740847861194,log_CAA
23.002300230023,0.999719162417971,log_CAA
24.002400240024,0.999696722517216,log_CAA
25.002500250025,0.999673536876736,log_CAA
26.002600260026,0.999649613857675,log_CAA
27.002700270027,0.999624961492502,log_CAA
28.002800280028,0.999599587509834,log_CAA
29.002900290029,0.999573499356537,log_CAA
30.00300030003,0.999546704217508,log_CAA
31.003100310031,0.999519209033432,log_CAA
32.003200320032,0.999491020516804,log_CAA
33.003300330033,0.999462145166408,log_CAA
34.003400340034,0.999432589280476,log_CAA
35.003500350035,0.999402358968648,log_CAA
36.003600360036,0.999371460162908,log_CAA
37.003700370037,0.999339898627587,log_CAA
38.003800380038,0.999307679968543,log_CAA
39.003900390039,0.99927480964161,log_CAA
40.00400040004,0.999241292960384,log_CAA
41.004100410041,0.999207135103422,log_CAA
42.004200420042,0.999172341120902,log_CAA
43.004300430043,0.999136915940808,log_CAA
44.004400440044,0.99910086437467,log_CAA
45.004500450045,0.999064191122915,log_CAA
46.004600460046,0.999026900779857,log_CAA
47.004700470047,0.99898899783835,log_CAA
48.004800480048,0.998950486694151,log_CAA
49.004900490049,0.998911371650001,log_CAA
50.00500050005,0.998871656919454,log_CAA
51.005100510051,0.998831346630476,log_CAA
52.005200520052,0.998790444828832,log_CAA
53.005300530053,0.998748955481265,log_CAA
54.005400540054,0.998706882478512,log_CAA
55.005500550055,0.99866422963813,log_CAA
56.005600560056,0.998621000707184,log_CAA
57.005700570057,0.998577199364776,log_CAA
58.005800580058,0.998532829224451,log_CAA
59.005900590059,0.998487893836471,log_CAA
60.00600060006,0.998442396689969,log_CAA
61.006100610061,0.998396341215009,log_CAA
62.006200620062,0.998349730784523,log_CAA
63.006300630063,0.998302568716172,log_CAA
64.006400640064,0.998254858274108,log_CAA
65.006500650065,0.998206602670655,log_CAA
66.006600660066,0.99815780506791,log_CAA
67.006700670067,0.998108468579277,log_CAA
68.006800680068,0.998058596270921,log_CAA
69.006900690069,0.99800819116317,log_CAA
70.00700070007,0.997957256231845,log_CAA
71.007100710071,0.997905794409538,log_CAA
72.007200720072,0.997853808586836,log_CAA
73.007300730073,0.997801301613491,log_CAA
74.007400740074,0.997748276299541,log_CAA
75.007500750075,0.997694735416392,log_CAA
76.007600760076,0.997640681697844,log_CAA
77.007700770077,0.997586117841093,log_CAA
78.007800780078,0.997531046507676,log_CAA
79.007900790079,0.997475470324393,log_CAA
80.00800080008,0.997419391884187,log_CAA
81.008100810081,0.997362813746992,log_CAA
82.008200820082,0.997305738440551,log_CAA
83.008300830083,0.997248168461202,log_CAA
84.008400840084,0.997190106274637,log_CAA
85.008500850085,0.997131554316633,log_CAA
86.008600860086,0.997072514993756,log_CAA
87.008700870087,0.99701299068404,log_CAA
88.008800880088,0.996952983737649,log_CAA
89.008900890089,0.996892496477507,log_CAA
90.00900090009,0.996831531199909,log_CAA
91.009100910091,0.99677009017512,log_CAA
92.009200920092,0.99670817564794,log_CAA
93.009300930093,0.996645789838263,log_CAA
94.009400940094,0.996582934941612,log_CAA
95.009500950095,0.996519613129656,log_CAA
96.009600960096,0.996455826550712,log_CAA
97.009700970097,0.996391577330235,log_CAA
98.009800980098,0.996326867571286,log_CAA
99.009900990099,0.99626169935499,log_CAA
100.0100010001,0.996196074740979,log_CAA
101.010101010101,0.996129995767823,log_CAA
102.010201020102,0.996063464453443,log_CAA
103.010301030103,0.995996482795519,log_CAA
104.010401040104,0.995929052771884,log_CAA
105.010501050105,0.9958611763409,log_CAA
106.010601060106,0.995792855441831,log_CAA
107.010701070107,0.995724091995207,log_CAA
108.010801080108,0.995654887903167,log_CAA
109.010901090109,0.995585245049802,log_CAA
110.01100110011,0.995515165301486,log_CAA
111.011101110111,0.995444650507199,log_CAA
112.011201120112,0.995373702498835,log_CAA
113.011301130113,0.995302323091511,log_CAA
114.011401140114,0.995230514083862,log_CAA
115.011501150115,0.995158277258328,log_CAA
116.011601160116,0.995085614381436,log_CAA
117.011701170117,0.995012527204075,log_CAA
118.011801180118,0.994939017461762,log_CAA
119.011901190119,0.994865086874898,log_CAA
120.01200120012,0.994790737149027,log_CAA
121.012101210121,0.994715969975081,log_CAA
122.012201220122,0.994640787029617,log_CAA
123.012301230123,0.994565189975057,log_CAA
124.012401240124,0.994489180459916,log_CAA
125.012501250125,0.994412760119021,log_CAA
126.012601260126,0.994335930573737,log_CAA
127.012701270127,0.994258693432171,log_CAA
128.012801280128,0.994181050289389,log_CAA
129.012901290129,0.994103002727611,log_CAA
130.01300130013,0.994024552316415,log_CAA
131.013101310131,0.993945700612926,log_CAA
132.013201320132,0.993866449162011,log_CAA
133.013301330133,0.993786799496456,log_CAA
134.013401340134,0.993706753137157,log_CAA
135.013501350135,0.993626311593286,log_CAA
136.013601360136,0.993545476362473,log_CAA
137.013701370137,0.993464248930966,log_CAA
138.013801380138,0.993382630773807,log_CAA
139.013901390139,0.993300623354981,log_CAA
140.01400140014,0.993218228127587,log_CAA
141.014101410141,0.993135446533983,log_CAA
142.014201420142,0.993052280005941,log_CAA
143.014301430143,0.992968729964796,log_CAA
144.014401440144,0.992884797821591,log_CAA
145.014501450145,0.992800484977218,log_CAA
146.014601460146,0.992715792822557,log_CAA
147.014701470147,0.992630722738613,log_CAA
148.014801480148,0.99254527609665,log_CAA
149.014901490149,0.992459454258322,log_CAA
150.01500150015,0.992373258575799,log_CAA
151.015101510151,0.992286690391894,log_CAA
152.015201520152,0.992199751040187,log_CAA
153.015301530153,0.992112441845144,log_CAA
154.015401540154,0.992024764122237,log_CAA
155.015501550155,0.991936719178059,log_CAA
156.015601560156,0.991848308310435,log_CAA
157.015701570157,0.991759532808541,log_CAA
158.015801580158,0.991670393953005,log_CAA
159.015901590159,0.99158089301602,log_CAA
160.01600160016,0.991491031261447,log_CAA
161.016101610161,0.991400809944918,log_CAA
162.016201620162,0.991310230313941,log_CAA
163.016301630163,0.991219293607992,log_CAA
164.016401640164,0.991128001058621,log_CAA
165.016501650165,0.991036353889543,log_CAA
166.016601660166,0.990944353316735,log_CAA
167.016701670167,0.990852000548524,log_CAA
168.016801680168,0.990759296785684,log_CAA
169.016901690169,0.99066624322152,log_CAA
170.01700170017,0.990572841041958,log_CAA
171.017101710171,0.99047909142563,log_CAA
172.017201720172,0.99038499554396,log_CAA
173.017301730173,0.990290554561246,log_CAA
174.017401740174,0.990195769634742,log_CAA
175.017501750175,0.990100641914737,log_CAA
176.017601760176,0.990005172544636,log_CAA
177.017701770177,0.989909362661036,log_CAA
178.017801780178,0.989813213393802,log_CAA
179.017901790179,0.989716725866143,log_CAA
180.01800180018,0.989619901194686,log_CAA
181.018101810181,0.989522740489546,log_CAA
182.018201820182,0.989425244854399,log_CAA
183.018301830183,0.989327415386552,log_CAA
184.018401840184,0.989229253177013,log_CAA
185.018501850185,0.989130759310556,log_CAA
186.018601860186,0.989031934865788,log_CAA
187.018701870187,0.988932780915219,log_CAA
188.018801880188,0.988833298525319,log_CAA
189.018901890189,0.988733488756592,log_CAA
190.01900190019,0.988633352663626,log_CAA
191.019101910191,0.988532891295163,log_CAA
192.019201920192,0.98843210569416,log_CAA
193.019301930193,0.988330996897842,log_CAA
194.019401940194,0.988229565937768,log_CAA
195.019501950195,0.988127813839883,log_CAA
196.019601960196,0.98802574162458,log_CAA
197.019701970197,0.987923350306751,log_CAA
198.019801980198,0.987820640895845,log_CAA
199.019901990199,0.987717614395924,log_CAA
200.0200020002,0.987614271805712,log_CAA
201.020102010201,0.987510614118651,log_CAA
202.020202020202,0.987406642322953,log_CAA
203.020302030203,0.987302357401649,log_CAA
204.020402040204,0.987197760332642,log_CAA
205.020502050205,0.987092852088753,log_CAA
206.020602060206,0.986987633637775,log_CAA
207.020702070207,0.986882105942517,log_CAA
208.020802080208,0.986776269960853,log_CAA
209.020902090209,0.986670126645771,log_CAA
210.02100210021,0.986563676945413,log_CAA
211.021102110211,0.986456921803129,log_CAA
212.021202120212,0.986349862157514,log_CAA
213.021302130213,0.986242498942458,log_CAA
214.021402140214,0.986134833087185,log_CAA
215.021502150215,0.986026865516302,log_CAA
216.021602160216,0.985918597149833,log_CAA
217.021702170217,0.98581002890327,log_CAA
218.021802180218,0.985701161687606,log_CAA
219.021902190219,0.985591996409383,log_CAA
220.02200220022,0.985482533970726,log_CAA
221.022102210221,0.985372775269386,log_CAA
222.022202220222,0.985262721198777,log_CAA
223.022302230223,0.985152372648019,log_CAA
224.022402240224,0.985041730501969,log_CAA
225.022502250225,0.984930795641265,log_CAA
226.022602260226,0.984819568942357,log_CAA
227.022702270227,0.984708051277551,log_CAA
228.022802280228,0.984596243515036,log_CAA
229.022902290229,0.984484146518927,log_CAA
230.02300230023,0.984371761149298,log_CAA
231.023102310231,0.984259088262214,log_CAA
232.023202320232,0.984146128709767,log_CAA
233.023302330233,0.984032883340112,log_CAA
234.023402340234,0.983919352997496,log_CAA
235.023502350235,0.983805538522294,log_CAA
236.023602360236,0.983691440751041,log_CAA
237.023702370237,0.983577060516462,log_CAA
238.023802380238,0.983462398647506,log_CAA
239.023902390239,0.983347455969377,log_CAA
240.02400240024,0.983232233303564,log_CAA
241.024102410241,0.983116731467871,log_CAA
242.024202420242,0.983000951276447,log_CAA
243.024302430243,0.98288489353982,log_CAA
244.024402440244,0.98276855906492,log_CAA
245.024502450245,0.98265194865511,log_CAA
246.024602460246,0.982535063110219,log_CAA
247.024702470247,0.982417903226565,log_CAA
248.024802480248,0.982300469796984,log_CAA
249.024902490249,0.98218276361086,log_CAA
250.02500250025,0.982064785454148,log_CAA
251.025102510251,0.981946536109407,log_CAA
252.025202520252,0.981828016355821,log_CAA
253.025302530253,0.981709226969229,log_CAA
254.025402540254,0.981590168722147,log_CAA
255.025502550255,0.981470842383801,log_CAA
256.025602560256,0.981351248720142,log_CAA
257.025702570257,0.981231388493882,log_CAA
258.025802580258,0.981111262464509,log_CAA
259.025902590259,0.98099087138832,log_CAA
260.02600260026,0.980870216018439,log_CAA
261.026102610261,0.980749297104843,log_CAA
262.026202620262,0.98062811539439,log_CAA
263.026302630263,0.980506671630832,log_CAA
264.026402640264,0.98038496655485,log_CAA
265.026502650265,0.98026300090407,log_CAA
266.026602660266,0.980140775413086,log_CAA
267.026702670267,0.980018290813484,log_CAA
268.026802680268,0.979895547833863,log_CAA
269.026902690269,0.979772547199861,log_CAA
270.02700270027,0.979649289634167,log_CAA
271.027102710271,0.979525775856555,log_CAA
272.027202720272,0.979402006583894,log_CAA
273.027302730273,0.979277982530176,log_CAA
274.027402740274,0.979153704406534,log_CAA
275.027502750275,0.979029172921262,log_CAA
276.027602760276,0.978904388779836,log_CAA
277.027702770277,0.978779352684936,log_CAA
278.027802780278,0.978654065336462,log_CAA
279.027902790279,0.978528527431557,log_CAA
280.02800280028,0.978402739664623,log_CAA
281.028102810281,0.978276702727344,log_CAA
282.028202820282,0.978150417308702,log_CAA
283.028302830283,0.978023884094998,log_CAA
284.028402840284,0.977897103769868,log_CAA
285.028502850285,0.977770077014305,log_CAA
286.028602860286,0.977642804506672,log_CAA
287.028702870287,0.977515286922727,log_CAA
288.028802880288,0.977387524935633,log_CAA
289.028902890289,0.977259519215982,log_CAA
290.02900290029,0.97713127043181,log_CAA
291.029102910291,0.977002779248614,log_CAA
292.029202920292,0.976874046329367,log_CAA
293.029302930293,0.976745072334542,log_CAA
294.029402940294,0.97661585792212,log_CAA
295.029502950295,0.976486403747612,log_CAA
296.029602960296,0.976356710464076,log_CAA
297.029702970297,0.976226778722127,log_CAA
298.029802980298,0.976096609169963,log_CAA
299.029902990299,0.97596620245337,log_CAA
300.0300030003,0.975835559215747,log_CAA
301.030103010301,0.975704680098115,log_CAA
302.030203020302,0.975573565739137,log_CAA
303.030303030303,0.975442216775131,log_CAA
304.030403040304,0.975310633840085,log_CAA
305.030503050305,0.975178817565674,log_CAA
306.030603060306,0.975046768581272,log_CAA
307.030703070307,0.974914487513969,log_CAA
308.030803080308,0.974781974988584,log_CAA
309.030903090309,0.974649231627682,log_CAA
310.03100310031,0.974516258051585,log_CAA
311.031103110311,0.974383054878387,log_CAA
312.031203120312,0.974249622723971,log_CAA
313.031303130313,0.974115962202019,log_CAA
314.031403140314,0.973982073924028,log_CAA
315.031503150315,0.973847958499321,log_CAA
316.031603160316,0.973713616535065,log_CAA
317.031703170317,0.973579048636281,log_CAA
318.031803180318,0.973444255405857,log_CAA
319.031903190319,0.973309237444564,log_CAA
320.03200320032,0.973173995351065,log_CAA
321.032103210321,0.973038529721931,log_CAA
322.032203220322,0.972902841151654,log_CAA
323.032303230323,0.972766930232656,log_CAA
324.032403240324,0.972630797555306,log_CAA
325.032503250325,0.97249444370793,log_CAA
326.032603260326,0.972357869276821,log_CAA
327.032703270327,0.972221074846258,log_CAA
328.032803280328,0.972084060998511,log_CAA
329.032903290329,0.971946828313857,log_CAA
330.03300330033,0.97180937737059,log_CAA
331.033103310331,0.971671708745033,log_CAA
332.033203320332,0.971533823011552,log_CAA
333.033303330333,0.971395720742564,log_CAA
334.033403340334,0.971257402508549,log_CAA
335.033503350335,0.971118868878066,log_CAA
336.033603360336,0.970980120417756,log_CAA
337.033703370337,0.970841157692362,log_CAA
338.033803380338,0.970701981264732,log_CAA
339.033903390339,0.970562591695836,log_CAA
340.03400340034,0.970422989544774,log_CAA
341.034103410341,0.970283175368786,log_CAA
342.034203420342,0.970143149723267,log_CAA
343.034303430343,0.970002913161771,log_CAA
344.034403440344,0.969862466236026,log_CAA
345.034503450345,0.969721809495945,log_CAA
346.034603460346,0.969580943489632,log_CAA
347.034703470347,0.969439868763395,log_CAA
348.034803480348,0.969298585861759,log_CAA
349.034903490349,0.96915709532747,log_CAA
350.03500350035,0.969015397701508,log_CAA
351.035103510351,0.968873493523097,log_CAA
352.035203520352,0.968731383329716,log_CAA
353.035303530353,0.968589067657104,log_CAA
354.035403540354,0.968446547039276,log_CAA
355.035503550355,0.968303822008527,log_CAA
356.035603560356,0.968160893095444,log_CAA
357.035703570357,0.968017760828917,log_CAA
358.035803580358,0.967874425736144,log_CAA
359.035903590359,0.967730888342644,log_CAA
360.03600360036,0.967587149172264,log_CAA
361.036103610361,0.967443208747189,log_CAA
362.036203620362,0.96729906758795,log_CAA
363.036303630363,0.967154726213437,log_CAA
364.036403640364,0.967010185140899,log_CAA
365.036503650365,0.966865444885963,log_CAA
366.036603660366,0.966720505962635,log_CAA
367.036703670367,0.966575368883315,log_CAA
368.036803680368,0.966430034158797,log_CAA
369.036903690369,0.966284502298288,log_CAA
370.03700370037,0.966138773809407,log_CAA
371.037103710371,0.9659928491982,log_CAA
372.037203720372,0.965846728969145,log_CAA
373.037303730373,0.965700413625159,log_CAA
374.037403740374,0.965553903667611,log_CAA
375.037503750375,0.965407199596325,log_CAA
376.037603760376,0.965260301909592,log_CAA
377.037703770377,0.965113211104175,log_CAA
378.037803780378,0.964965927675317,log_CAA
379.037903790379,0.964818452116751,log_CAA
380.03800380038,0.964670784920707,log_CAA
381.038103810381,0.96452292657792,log_CAA
382.038203820382,0.964374877577634,log_CAA
383.038303830383,0.964226638407616,log_CAA
384.038403840384,0.964078209554157,log_CAA
385.038503850385,0.963929591502086,log_CAA
386.038603860386,0.963780784734771,log_CAA
387.038703870387,0.96363178973413,log_CAA
388.038803880388,0.96348260698064,log_CAA
389.038903890389,0.963333236953339,log_CAA
390.03900390039,0.963183680129838,log_CAA
391.039103910391,0.963033936986324,log_CAA
392.039203920392,0.962884007997573,log_CAA
393.039303930393,0.96273389363695,log_CAA
394.039403940394,0.962583594376421,log_CAA
395.039503950395,0.962433110686558,log_CAA
396.039603960396,0.962282443036545,log_CAA
397.039703970397,0.962131591894189,log_CAA
398.039803980398,0.961980557725921,log_CAA
399.039903990399,0.961829340996806,log_CAA
400.0400040004,0.961677942170549,log_CAA
401.040104010401,0.961526361709503,log_CAA
402.040204020402,0.961374600074673,log_CAA
403.040304030403,0.961222657725725,log_CAA
404.040404040404,0.961070535120991,log_CAA
405.040504050405,0.960918232717474,log_CAA
406.040604060406,0.960765750970859,log_CAA
407.040704070407,0.960613090335515,log_CAA
408.040804080408,0.960460251264502,log_CAA
409.040904090409,0.96030723420958,log_CAA
410.04100410041,0.960154039621212,log_CAA
411.041104110411,0.960000667948571,log_CAA
412.041204120412,0.959847119639548,log_CAA
413.041304130413,0.959693395140754,log_CAA
414.041404140414,0.959539494897532,log_CAA
415.041504150415,0.959385419353956,log_CAA
416.041604160416,0.959231168952844,log_CAA
417.041704170417,0.959076744135757,log_CAA
418.041804180418,0.95892214534301,log_CAA
419.041904190419,0.958767373013677,log_CAA
420.04200420042,0.958612427585593,log_CAA
421.042104210421,0.958457309495366,log_CAA
422.042204220422,0.958302019178376,log_CAA
423.042304230423,0.958146557068786,log_CAA
424.042404240424,0.957990923599544,log_CAA
425.042504250425,0.957835119202392,log_CAA
426.042604260426,0.957679144307868,log_CAA
427.042704270427,0.957522999345313,log_CAA
428.042804280428,0.957366684742878,log_CAA
429.042904290429,0.957210200927527,log_CAA
430.04300430043,0.957053548325042,log_CAA
431.043104310431,0.956896727360032,log_CAA
432.043204320432,0.956739738455935,log_CAA
433.043304330433,0.956582582035025,log_CAA
434.043404340434,0.956425258518415,log_CAA
435.043504350435,0.956267768326064,log_CAA
436.043604360436,0.956110111876783,log_CAA
437.043704370437,0.955952289588239,log_CAA
438.043804380438,0.955794301876958,log_CAA
439.043904390439,0.955636149158334,log_CAA
440.04400440044,0.955477831846632,log_CAA
441.044104410441,0.955319350354992,log_CAA
442.044204420442,0.955160705095437,log_CAA
443.044304430443,0.955001896478875,log_CAA
444.044404440444,0.954842924915103,log_CAA
445.044504450445,0.954683790812818,log_CAA
446.044604460446,0.954524494579614,log_CAA
447.044704470447,0.954365036621992,log_CAA
448.044804480448,0.954205417345363,log_CAA
449.044904490449,0.954045637154052,log_CAA
450.04500450045,0.953885696451305,log_CAA
451.045104510451,0.953725595639291,log_CAA
452.045204520452,0.95356533511911,log_CAA
453.045304530453,0.953404915290792,log_CAA
454.045404540454,0.953244336553308,log_CAA
455.045504550455,0.953083599304571,log_CAA
456.045604560456,0.952922703941441,log_CAA
457.045704570457,0.95276165085973,log_CAA
458.045804580458,0.952600440454204,log_CAA
459.045904590459,0.952439073118592,log_CAA
460.04600460046,0.952277549245588,log_CAA
461.046104610461,0.952115869226854,log_CAA
462.046204620462,0.951954033453027,log_CAA
463.046304630463,0.951792042313719,log_CAA
464.046404640464,0.951629896197529,log_CAA
465.046504650465,0.951467595492038,log_CAA
466.046604660466,0.951305140583821,log_CAA
467.046704670467,0.951142531858446,log_CAA
468.046804680468,0.950979769700483,log_CAA
469.046904690469,0.950816854493501,log_CAA
470.04700470047,0.950653786620079,log_CAA
471.047104710471,0.950490566461809,log_CAA
472.047204720472,0.950327194399296,log_CAA
473.047304730473,0.950163670812167,log_CAA
474.047404740474,0.949999996079069,log_CAA
475.047504750475,0.949836170577682,log_CAA
476.047604760476,0.949672194684713,log_CAA
477.047704770477,0.949508068775908,log_CAA
478.047804780478,0.949343793226051,log_CAA
479.047904790479,0.94917936840897,log_CAA
480.04800480048,0.94901479469754,log_CAA
481.048104810481,0.948850072463687,log_CAA
482.048204820482,0.948685202078393,log_CAA
483.048304830483,0.9485201839117,log_CAA
484.048404840484,0.948355018332709,log_CAA
485.048504850485,0.94818970570959,log_CAA
486.048604860486,0.948024246409584,log_CAA
487.048704870487,0.947858640799005,log_CAA
488.048804880488,0.947692889243243,log_CAA
489.048904890489,0.947526992106772,log_CAA
490.04900490049,0.947360949753149,log_CAA
491.049104910491,0.947194762545021,log_CAA
492.049204920492,0.947028430844125,log_CAA
493.049304930493,0.946861955011297,log_CAA
494.049404940494,0.946695335406469,log_CAA
495.049504950495,0.946528572388678,log_CAA
496.049604960496,0.946361666316068,log_CAA
497.049704970497,0.94619461754589,log_CAA
498.049804980498,0.946027426434511,log_CAA
499.049904990499,0.945860093337414,log_CAA
500.0500050005,0.945692618609203,log_CAA
501.050105010501,0.945525002603604,log_CAA
502.050205020502,0.945357245673471,log_CAA
503.050305030503,0.945189348170789,log_CAA
504.050405040504,0.945021310446677,log_CAA
505.050505050505,0.94485313285139,log_CAA
506.050605060506,0.944684815734324,log_CAA
507.050705070507,0.94451635944402,log_CAA
508.050805080508,0.944347764328164,log_CAA
509.050905090509,0.944179030733595,log_CAA
510.05100510051,0.944010159006302,log_CAA
511.051105110511,0.943841149491435,log_CAA
512.051205120512,0.943672002533301,log_CAA
513.051305130513,0.94350271847537,log_CAA
514.051405140514,0.943333297660282,log_CAA
515.051505150515,0.943163740429843,log_CAA
516.051605160516,0.942994047125033,log_CAA
517.051705170517,0.942824218086007,log_CAA
518.051805180518,0.942654253652101,log_CAA
519.051905190519,0.94248415416183,log_CAA
520.05200520052,0.942313919952897,log_CAA
521.052105210521,0.94214355136219,log_CAA
522.052205220522,0.941973048725792,log_CAA
523.052305230523,0.941802412378977,log_CAA
524.052405240524,0.941631642656217,log_CAA
525.052505250525,0.941460739891185,log_CAA
526.052605260526,0.941289704416755,log_CAA
527.052705270527,0.941118536565009,log_CAA
528.052805280528,0.940947236667238,log_CAA
529.052905290529,0.940775805053944,log_CAA
530.05300530053,0.940604242054843,log_CAA
531.053105310531,0.94043254799887,log_CAA
532.053205320532,0.940260723214181,log_CAA
533.053305330533,0.940088768028154,log_CAA
534.053405340534,0.939916682767394,log_CAA
535.053505350535,0.939744467757733,log_CAA
536.053605360536,0.939572123324239,log_CAA
537.053705370537,0.93939964979121,log_CAA
538.053805380538,0.939227047482185,log_CAA
539.053905390539,0.939054316719941,log_CAA
540.05400540054,0.938881457826498,log_CAA
541.054105410541,0.938708471123122,log_CAA
542.054205420542,0.938535356930329,log_CAA
543.054305430543,0.938362115567882,log_CAA
544.054405440544,0.938188747354802,log_CAA
545.054505450545,0.938015252609363,log_CAA
546.054605460546,0.937841631649101,log_CAA
547.054705470547,0.937667884790811,log_CAA
548.054805480548,0.937494012350553,log_CAA
549.054905490549,0.937320014643655,log_CAA
550.05500550055,0.937145891984714,log_CAA
551.055105510551,0.936971644687597,log_CAA
552.055205520552,0.93679727306545,log_CAA
553.055305530553,0.936622777430691,log_CAA
554.055405540554,0.936448158095022,log_CAA
555.055505550555,0.936273415369425,log_CAA
556.055605560556,0.936098549564168,log_CAA
557.055705570557,0.935923560988804,log_CAA
558.055805580558,0.935748449952179,log_CAA
559.055905590559,0.93557321676243,log_CAA
560.05600560056,0.935397861726986,log_CAA
561.056105610561,0.935222385152578,log_CAA
562.056205620562,0.935046787345233,log_CAA
563.056305630563,0.934871068610281,log_CAA
564.056405640564,0.934695229252356,log_CAA
565.056505650565,0.9345192695754,log_CAA
566.056605660566,0.934343189882665,log_CAA
567.056705670567,0.934166990476711,log_CAA
568.056805680568,0.933990671659414,log_CAA
569.056905690569,0.933814233731969,log_CAA
570.05700570057,0.933637676994885,log_CAA
571.057105710571,0.933461001747994,log_CAA
572.057205720572,0.933284208290451,log_CAA
573.057305730573,0.933107296920739,log_CAA
574.057405740574,0.932930267936665,log_CAA
575.057505750575,0.932753121635368,log_CAA
576.057605760576,0.93257585831332,log_CAA
577.057705770577,0.932398478266326,log_CAA
578.057805780578,0.93222098178953,log_CAA
579.057905790579,0.932043369177413,log_CAA
580.05800580058,0.9318656407238,log_CAA
581.058105810581,0.931687796721856,log_CAA
582.058205820582,0.931509837464096,log_CAA
583.058305830583,0.931331763242379,log_CAA
584.058405840584,0.931153574347916,log_CAA
585.058505850585,0.930975271071271,log_CAA
586.058605860586,0.930796853702362,log_CAA
587.058705870587,0.930618322530462,log_CAA
588.058805880588,0.930439677844206,log_CAA
589.058905890589,0.930260919931585,log_CAA
590.05900590059,0.930082049079959,log_CAA
591.059105910591,0.929903065576048,log_CAA
592.059205920592,0.929723969705941,log_CAA
593.059305930593,0.929544761755098,log_CAA
594.059405940594,0.929365442008347,log_CAA
595.059505950595,0.929186010749892,log_CAA
596.059605960596,0.929006468263312,log_CAA
597.059705970597,0.928826814831562,log_CAA
598.059805980598,0.928647050736978,log_CAA
599.059905990599,0.928467176261278,log_CAA
600.0600060006,0.92828719168556,log_CAA
601.060106010601,0.928107097290313,log_CAA
602.060206020602,0.92792689335541,log_CAA
603.060306030603,0.927746580160113,log_CAA
604.060406040604,0.927566157983077,log_CAA
605.060506050605,0.927385627102351,log_CAA
606.060606060606,0.927204987795378,log_CAA
607.060706070607,0.927024240338999,log_CAA
608.060806080608,0.926843385009454,log_CAA
609.060906090609,0.926662422082384,log_CAA
610.06100610061,0.926481351832835,log_CAA
611.061106110611,0.926300174535255,log_CAA
612.061206120612,0.9261188904635,log_CAA
613.061306130613,0.925937499890837,log_CAA
614.061406140614,0.925756003089941,log_CAA
615.061506150615,0.9255744003329,log_CAA
616.061606160616,0.925392691891218,log_CAA
617.061706170617,0.925210878035814,log_CAA
618.061806180618,0.925028959037025,log_CAA
619.061906190619,0.924846935164608,log_CAA
620.06200620062,0.924664806687742,log_CAA
621.062106210621,0.92448257387503,log_CAA
622.062206220622,0.9243002369945,log_CAA
623.062306230623,0.924117796313608,log_CAA
624.062406240624,0.923935252099237,log_CAA
625.062506250625,0.923752604617703,log_CAA
626.062606260626,0.923569854134753,log_CAA
627.062706270627,0.923387000915569,log_CAA
628.062806280628,0.92320404522477,log_CAA
629.062906290629,0.92302098732641,log_CAA
630.06300630063,0.922837827483986,log_CAA
631.063106310631,0.922654565960435,log_CAA
632.063206320632,0.922471203018136,log_CAA
633.063306330633,0.922287738918913,log_CAA
634.063406340634,0.922104173924039,log_CAA
635.063506350635,0.921920508294231,log_CAA
636.063606360636,0.921736742289659,log_CAA
637.063706370637,0.921552876169945,log_CAA
638.063806380638,0.921368910194161,log_CAA
639.063906390639,0.921184844620836,log_CAA
640.06400640064,0.921000679707956,log_CAA
641.064106410641,0.920816415712965,log_CAA
642.064206420642,0.920632052892766,log_CAA
643.064306430643,0.920447591503723,log_CAA
644.064406440644,0.920263031801666,log_CAA
645.064506450645,0.920078374041887,log_CAA
646.064606460646,0.919893618479145,log_CAA
647.064706470647,0.919708765367668,log_CAA
648.064806480648,0.919523814961152,log_CAA
649.064906490649,0.919338767512767,log_CAA
650.06500650065,0.919153623275152,log_CAA
651.065106510651,0.918968382500424,log_CAA
652.065206520652,0.918783045440174,log_CAA
653.065306530653,0.91859761234547,log_CAA
654.065406540654,0.918412083466861,log_CAA
655.065506550655,0.918226459054375,log_CAA
656.065606560656,0.918040739357523,log_CAA
657.065706570657,0.9178549246253,log_CAA
658.065806580658,0.917669015106185,log_CAA
659.065906590659,0.917483011048145,log_CAA
660.06600660066,0.917296912698636,log_CAA
661.066106610661,0.917110720304602,log_CAA
662.066206620662,0.916924434112479,log_CAA
663.066306630663,0.916738054368196,log_CAA
664.066406640664,0.916551581317177,log_CAA
665.066506650665,0.916365015204341,log_CAA
666.066606660666,0.916178356274104,log_CAA
667.066706670667,0.915991604770382,log_CAA
668.066806680668,0.91580476093659,log_CAA
669.066906690669,0.915617825015646,log_CAA
670.06700670067,0.915430797249969,log_CAA
671.067106710671,0.915243677881486,log_CAA
672.067206720672,0.915056467151627,log_CAA
673.067306730673,0.914869165301331,log_CAA
674.067406740674,0.914681772571046,log_CAA
675.067506750675,0.914494289200729,log_CAA
676.067606760676,0.91430671542985,log_CAA
677.067706770677,0.914119051497393,log_CAA
678.067806780678,0.913931297641853,log_CAA
679.067906790679,0.913743454101246,log_CAA
680.06800680068,0.913555521113102,log_CAA
681.068106810681,0.913367498914471,log_CAA
682.068206820682,0.913179387741922,log_CAA
683.068306830683,0.912991187831547,log_CAA
684.068406840684,0.91280289941896,log_CAA
685.068506850685,0.912614522739299,log_CAA
686.068606860686,0.912426058027229,log_CAA
687.068706870687,0.912237505516942,log_CAA
688.068806880688,0.912048865442155,log_CAA
689.068906890689,0.911860138036119,log_CAA
690.06900690069,0.911671323531614,log_CAA
691.069106910691,0.911482422160952,log_CAA
692.069206920692,0.911293434155979,log_CAA
693.069306930693,0.911104359748077,log_CAA
694.069406940694,0.910915199168162,log_CAA
695.069506950695,0.91072595264669,log_CAA
696.069606960696,0.910536620413655,log_CAA
697.069706970697,0.910347202698592,log_CAA
698.069806980698,0.910157699730574,log_CAA
699.069906990699,0.909968111738221,log_CAA
700.0700070007,0.909778438949696,log_CAA
701.070107010701,0.909588681592706,log_CAA
702.070207020702,0.909398839894506,log_CAA
703.070307030703,0.909208914081897,log_CAA
704.070407040704,0.909018904381232,log_CAA
705.070507050705,0.908828811018412,log_CAA
706.070607060706,0.90863863421889,log_CAA
707.070707070707,0.908448374207673,log_CAA
708.070807080708,0.908258031209321,log_CAA
709.070907090709,0.908067605447951,log_CAA
710.07100710071,0.907877097147233,log_CAA
711.071107110711,0.907686506530399,log_CAA
712.071207120712,0.907495833820238,log_CAA
713.071307130713,0.907305079239099,log_CAA
714.071407140714,0.907114243008893,log_CAA
715.071507150715,0.906923325351094,log_CAA
716.071607160716,0.906732326486738,log_CAA
717.071707170717,0.906541246636429,log_CAA
718.071807180718,0.906350086020336,log_CAA
719.071907190719,0.906158844858193,log_CAA
720.07200720072,0.905967523369306,log_CAA
721.072107210721,0.90577612177255,log_CAA
722.072207220722,0.905584640286369,log_CAA
723.072307230723,0.905393079128782,log_CAA
724.072407240724,0.905201438517379,log_CAA
725.072507250725,0.905009718669325,log_CAA
726.072607260726,0.904817919801362,log_CAA
727.072707270727,0.904626042129806,log_CAA
728.072807280728,0.904434085870554,log_CAA
729.072907290729,0.904242051239079,log_CAA
730.07300730073,0.904049938450436,log_CAA
731.073107310731,0.903857747719262,log_CAA
732.073207320732,0.903665479259774,log_CAA
733.073307330733,0.903473133285774,log_CAA
734.073407340734,0.903280710010649,log_CAA
735.073507350735,0.903088209647371,log_CAA
736.073607360736,0.902895632408498,log_CAA
737.073707370737,0.902702978506178,log_CAA
738.073807380738,0.902510248152147,log_CAA
739.073907390739,0.902317441557731,log_CAA
740.07400740074,0.902124558933848,log_CAA
741.074107410741,0.901931600491006,log_CAA
742.074207420742,0.901738566439309,log_CAA
743.074307430743,0.901545456988456,log_CAA
744.074407440744,0.901352272347738,log_CAA
745.074507450745,0.901159012726047,log_CAA
746.074607460746,0.900965678331869,log_CAA
747.074707470747,0.90077226937329,log_CAA
748.074807480748,0.900578786057997,log_CAA
749.074907490749,0.900385228593276,log_CAA
750.07500750075,0.900191597186017,log_CAA
751.075107510751,0.899997892042711,log_CAA
752.075207520752,0.899804113369454,log_CAA
753.075307530753,0.899610261371945,log_CAA
754.075407540754,0.899416336255494,log_CAA
755.075507550755,0.899222338225012,log_CAA
756.075607560756,0.899028267485023,log_CAA
757.075707570757,0.898834124239657,log_CAA
758.075807580758,0.898639908692656,log_CAA
759.075907590759,0.898445621047371,log_CAA
760.07600760076,0.898251261506768,log_CAA
761.076107610761,0.898056830273425,log_CAA
762.076207620762,0.897862327549533,log_CAA
763.076307630763,0.897667753536899,log_CAA
764.076407640764,0.897473108436946,log_CAA
765.076507650765,0.897278392450716,log_CAA
766.076607660766,0.897083605778866,log_CAA
767.076707670767,0.896888748621674,log_CAA
768.076807680768,0.896693821179038,log_CAA
769.076907690769,0.896498823650477,log_CAA
770.07700770077,0.896303756235131,log_CAA
771.077107710771,0.896108619131764,log_CAA
772.077207720772,0.895913412538765,log_CAA
773.077307730773,0.895718136654146,log_CAA
774.077407740774,0.895522791675545,log_CAA
775.077507750775,0.895327377800228,log_CAA
776.077607760776,0.895131895225088,log_CAA
777.077707770777,0.894936344146648,log_CAA
778.077807780778,0.894740724761059,log_CAA
779.077907790779,0.894545037264102,log_CAA
780.07800780078,0.894349281851193,log_CAA
781.078107810781,0.894153458717377,log_CAA
782.078207820782,0.893957568057335,log_CAA
783.078307830783,0.893761610065379,log_CAA
784.078407840784,0.89356558493546,log_CAA
785.078507850785,0.893369492861163,log_CAA
786.078607860786,0.89317333403571,log_CAA
787.078707870787,0.892977108651963,log_CAA
788.078807880788,0.89278081690242,log_CAA
789.078907890789,0.892584458979221,log_CAA
790.07900790079,0.892388035074146,log_CAA
791.079107910791,0.892191545378617,log_CAA
792.079207920792,0.891994990083697,log_CAA
793.079307930793,0.891798369380094,log_CAA
794.079407940794,0.891601683458161,log_CAA
795.079507950795,0.891404932507893,log_CAA
796.079607960796,0.891208116718935,log_CAA
797.079707970797,0.891011236280575,log_CAA
798.079807980798,0.890814291381753,log_CAA
799.079907990799,0.890617282211053,log_CAA
800.0800080008,0.890420208956713,log_CAA
801.080108010801,0.890223071806619,log_CAA
802.080208020802,0.890025870948307,log_CAA
803.080308030803,0.889828606568969,log_CAA
804.080408040804,0.889631278855448,log_CAA
805.080508050805,0.889433887994238,log_CAA
806.080608060806,0.889236434171493,log_CAA
807.080708070807,0.889038917573019,log_CAA
808.080808080808,0.888841338384279,log_CAA
809.080908090809,0.888643696790393,log_CAA
810.08100810081,0.888445992976141,log_CAA
811.081108110811,0.88824822712596,log_CAA
812.081208120812,0.888050399423947,log_CAA
813.081308130813,0.88785251005386,log_CAA
814.081408140814,0.887654559199117,log_CAA
815.081508150815,0.887456547042802,log_CAA
816.081608160816,0.887258473767657,log_CAA
817.081708170817,0.887060339556091,log_CAA
818.081808180818,0.886862144590177,log_CAA
819.081908190819,0.886663889051654,log_CAA
820.08200820082,0.886465573121926,log_CAA
821.082108210821,0.886267196982065,log_CAA
822.082208220822,0.886068760812811,log_CAA
823.082308230823,0.885870264794572,log_CAA
824.082408240824,0.885671709107426,log_CAA
825.082508250825,0.885473093931121,log_CAA
826.082608260826,0.885274419445077,log_CAA
827.082708270827,0.885075685828385,log_CAA
828.082808280828,0.884876893259808,log_CAA
829.082908290829,0.884678041917783,log_CAA
830.08300830083,0.884479131980423,log_CAA
831.083108310831,0.884280163625514,log_CAA
832.083208320832,0.884081137030518,log_CAA
833.083308330833,0.883882052372573,log_CAA
834.083408340834,0.883682909828496,log_CAA
835.083508350835,0.883483709574781,log_CAA
836.083608360836,0.883284451787602,log_CAA
837.083708370837,0.88308513664281,log_CAA
838.083808380838,0.88288576431594,log_CAA
839.083908390839,0.882686334982204,log_CAA
840.08400840084,0.8824868488165,log_CAA
841.084108410841,0.882287305993405,log_CAA
842.084208420842,0.882087706687183,log_CAA
843.084308430843,0.881888051071779,log_CAA
844.084408440844,0.881688339320824,log_CAA
845.084508450845,0.881488571607636,log_CAA
846.084608460846,0.881288748105217,log_CAA
847.084708470847,0.881088868986257,log_CAA
848.084808480848,0.880888934423135,log_CAA
849.084908490849,0.880688944587917,log_CAA
850.08500850085,0.88048889965236,log_CAA
851.085108510851,0.880288799787908,log_CAA
852.085208520852,0.880088645165699,log_CAA
853.085308530853,0.879888435956561,log_CAA
854.085408540854,0.879688172331014,log_CAA
855.085508550855,0.879487854459272,log_CAA
856.085608560856,0.87928748251124,log_CAA
857.085708570857,0.879087056656521,log_CAA
858.085808580858,0.878886577064411,log_CAA
859.085908590859,0.878686043903901,log_CAA
860.08600860086,0.878485457343681,log_CAA
861.086108610861,0.878284817552135,log_CAA
862.086208620862,0.878084124697346,log_CAA
863.086308630863,0.877883378947098,log_CAA
864.086408640864,0.877682580468871,log_CAA
865.086508650865,0.877481729429846,log_CAA
866.086608660866,0.877280825996905,log_CAA
867.086708670867,0.877079870336631,log_CAA
868.086808680868,0.87687886261531,log_CAA
869.086908690869,0.876677802998929,log_CAA
870.08700870087,0.876476691653179,log_CAA
871.087108710871,0.876275528743456,log_CAA
872.087208720872,0.876074314434859,log_CAA
873.087308730873,0.875873048892194,log_CAA
874.087408740874,0.875671732279973,log_CAA
875.087508750875,0.875470364762412,log_CAA
876.087608760876,0.875268946503439,log_CAA
877.087708770877,0.875067477666687,log_CAA
878.087808780878,0.874865958415498,log_CAA
879.087908790879,0.874664388912924,log_CAA
880.08800880088,0.874462769321727,log_CAA
881.088108810881,0.87426109980438,log_CAA
882.088208820882,0.874059380523066,log_CAA
883.088308830883,0.873857611639683,log_CAA
884.088408840884,0.873655793315837,log_CAA
885.088508850885,0.873453925712852,log_CAA
886.088608860886,0.873252008991764,log_CAA
887.088708870887,0.873050043313323,log_CAA
888.088808880888,0.872848028837996,log_CAA
889.088908890889,0.872645965725963,log_CAA
890.08900890089,0.872443854137124,log_CAA
891.089108910891,0.872241694231094,log_CAA
892.089208920892,0.872039486167207,log_CAA
893.089308930893,0.871837230104515,log_CAA
894.089408940894,0.871634926201787,log_CAA
895.089508950895,0.871432574617516,log_CAA
896.089608960896,0.871230175509912,log_CAA
897.089708970897,0.871027729036907,log_CAA
898.089808980898,0.870825235356154,log_CAA
899.089908990899,0.87062269462503,log_CAA
900.0900090009,0.870420107000633,log_CAA
901.090109010901,0.870217472639785,log_CAA
902.090209020902,0.870014791699032,log_CAA
903.090309030903,0.869812064334645,log_CAA
904.090409040904,0.869609290702619,log_CAA
905.090509050905,0.869406470958677,log_CAA
906.090609060906,0.869203605258267,log_CAA
907.090709070907,0.869000693756565,log_CAA
908.090809080908,0.868797736608473,log_CAA
909.090909090909,0.868594733968624,log_CAA
910.09100910091,0.868391685991377,log_CAA
911.091109110911,0.868188592830822,log_CAA
912.091209120912,0.86798545464078,log_CAA
913.091309130913,0.867782271574801,log_CAA
914.091409140914,0.867579043786167,log_CAA
915.091509150915,0.867375771427892,log_CAA
916.091609160916,0.867172454652721,log_CAA
917.091709170917,0.866969093613135,log_CAA
918.091809180918,0.866765688461346,log_CAA
919.091909190919,0.866562239349302,log_CAA
920.09200920092,0.866358746428683,log_CAA
921.092109210921,0.866155209850908,log_CAA
922.092209220922,0.86595162976713,log_CAA
923.092309230923,0.865748006328238,log_CAA
924.092409240924,0.865544339684859,log_CAA
925.092509250925,0.865340629987357,log_CAA
926.092609260926,0.865136877385836,log_CAA
927.092709270927,0.864933082030136,log_CAA
928.092809280928,0.864729244069839,log_CAA
929.092909290929,0.864525363654266,log_CAA
930.09300930093,0.864321440932477,log_CAA
931.093109310931,0.864117476053275,log_CAA
932.093209320932,0.863913469165204,log_CAA
933.093309330933,0.86370942041655,log_CAA
934.093409340934,0.863505329955341,log_CAA
935.093509350935,0.863301197929351,log_CAA
936.093609360936,0.863097024486094,log_CAA
937.093709370937,0.862892809772832,log_CAA
938.093809380938,0.862688553936568,log_CAA
939.093909390939,0.862484257124055,log_CAA
940.09400940094,0.862279919481789,log_CAA
941.094109410941,0.862075541156013,log_CAA
942.094209420942,0.861871122292717,log_CAA
943.094309430943,0.86166666303764,log_CAA
944.094409440944,0.861462163536267,log_CAA
945.094509450945,0.861257623933835,log_CAA
946.094609460946,0.861053044375326,log_CAA
947.094709470947,0.860848425005476,log_CAA
948.094809480948,0.860643765968768,log_CAA
949.094909490949,0.860439067409437,log_CAA
950.09500950095,0.860234329471471,log_CAA
951.095109510951,0.860029552298608,log_CAA
952.095209520952,0.859824736034338,log_CAA
953.095309530953,0.859619880821905,log_CAA
954.095409540954,0.859414986804308,log_CAA
955.095509550955,0.859210054124297,log_CAA
956.095609560956,0.859005082924379,log_CAA
957.095709570957,0.858800073346814,log_CAA
958.095809580958,0.858595025533618,log_CAA
959.095909590959,0.858389939626566,log_CAA
960.09600960096,0.858184815767185,log_CAA
961.096109610961,0.857979654096762,log_CAA
962.096209620962,0.857774454756342,log_CAA
963.096309630963,0.857569217886725,log_CAA
964.096409640964,0.857363943628474,log_CAA
965.096509650965,0.857158632121906,log_CAA
966.096609660966,0.856953283507104,log_CAA
967.096709670967,0.856747897923905,log_CAA
968.096809680968,0.85654247551191,log_CAA
969.096909690969,0.85633701641048,log_CAA
970.09700970097,0.856131520758739,log_CAA
971.097109710971,0.855925988695572,log_CAA
972.097209720972,0.855720420359626,log_CAA
973.097309730973,0.855514815889314,log_CAA
974.097409740974,0.855309175422808,log_CAA
975.097509750975,0.855103499098048,log_CAA
976.097609760976,0.854897787052737,log_CAA
977.097709770977,0.854692039424344,log_CAA
978.097809780978,0.854486256350102,log_CAA
979.097909790979,0.854280437967012,log_CAA
980.09800980098,0.85407458441184,log_CAA
981.098109810981,0.85386869582112,log_CAA
982.098209820982,0.853662772331153,log_CAA
983.098309830983,0.853456814078008,log_CAA
984.098409840984,0.853250821197522,log_CAA
985.098509850985,0.853044793825303,log_CAA
986.098609860986,0.852838732096726,log_CAA
987.098709870987,0.852632636146938,log_CAA
988.098809880988,0.852426506110853,log_CAA
989.098909890989,0.85222034212316,log_CAA
990.09900990099,0.852014144318317,log_CAA
991.099109910991,0.851807912830554,log_CAA
992.099209920992,0.851601647793873,log_CAA
993.099309930993,0.85139534934205,log_CAA
994.099409940994,0.851189017608632,log_CAA
995.099509950995,0.850982652726942,log_CAA
996.099609960996,0.850776254830076,log_CAA
997.099709970997,0.850569824050905,log_CAA
998.099809980998,0.850363360522073,log_CAA
999.099909990999,0.850156864376003,log_CAA
1000.100010001,0.849950335744891,log_CAA
1001.100110011,0.849743774760711,log_CAA
1002.100210021,0.849537181555213,log_CAA
1003.100310031,0.849330556259924,log_CAA
1004.100410041,0.84912389900615,log_CAA
1005.10051005101,0.848917209924975,log_CAA
1006.10061006101,0.848710489147261,log_CAA
1007.10071007101,0.848503736803649,log_CAA
1008.10081008101,0.848296953024559,log_CAA
1009.10091009101,0.848090137940194,log_CAA
1010.10101010101,0.847883291680533,log_CAA
1011.10111011101,0.84767641437534,log_CAA
1012.10121012101,0.847469506154157,log_CAA
1013.10131013101,0.84726256714631,log_CAA
1014.10141014101,0.847055597480906,log_CAA
1015.10151015102,0.846848597286835,log_CAA
1016.10161016102,0.846641566692771,log_CAA
1017.10171017102,0.84643450582717,log_CAA
1018.10181018102,0.846227414818273,log_CAA
1019.10191019102,0.846020293794104,log_CAA
1020.10201020102,0.845813142882474,log_CAA
1021.10211021102,0.845605962210977,log_CAA
1022.10221022102,0.845398751906994,log_CAA
1023.10231023102,0.845191512097691,log_CAA
1024.10241024102,0.844984242910023,log_CAA
1025.10251025103,0.844776944470729,log_CAA
1026.10261026103,0.844569616906336,log_CAA
1027.10271027103,0.844362260343161,log_CAA
1028.10281028103,0.844154874907306,log_CAA
1029.10291029103,0.843947460724664,log_CAA
1030.10301030103,0.843740017920916,log_CAA
1031.10311031103,0.843532546621533,log_CAA
1032.10321032103,0.843325046951776,log_CAA
1033.10331033103,0.843117519036694,log_CAA
1034.10341034103,0.842909963001131,log_CAA
1035.10351035104,0.842702378969718,log_CAA
1036.10361036104,0.842494767066881,log_CAA
1037.10371037104,0.842287127416835,log_CAA
1038.10381038104,0.842079460143589,log_CAA
1039.10391039104,0.841871765370944,log_CAA
1040.10401040104,0.841664043222496,log_CAA
1041.10411041104,0.841456293821631,log_CAA
1042.10421042104,0.841248517291533,log_CAA
1043.10431043104,0.841040713755179,log_CAA
1044.10441044104,0.840832883335338,log_CAA
1045.10451045105,0.840625026154578,log_CAA
1046.10461046105,0.840417142335262,log_CAA
1047.10471047105,0.840209231999547,log_CAA
1048.10481048105,0.840001295269389,log_CAA
1049.10491049105,0.839793332266538,log_CAA
1050.10501050105,0.839585343112543,log_CAA
1051.10511051105,0.83937732792875,log_CAA
1052.10521052105,0.839169286836305,log_CAA
1053.10531053105,0.838961219956148,log_CAA
1054.10541054105,0.838753127409023,log_CAA
1055.10551055106,0.838545009315469,log_CAA
1056.10561056106,0.838336865795827,log_CAA
1057.10571057106,0.838128696970236,log_CAA
1058.10581058106,0.837920502958637,log_CAA
1059.10591059106,0.837712283880772,log_CAA
1060.10601060106,0.837504039856182,log_CAA
1061.10611061106,0.837295771004212,log_CAA
1062.10621062106,0.837087477444008,log_CAA
1063.10631063106,0.836879159294516,log_CAA
1064.10641064106,0.836670816674488,log_CAA
1065.10651065107,0.836462449702477,log_CAA
1066.10661066107,0.836254058496841,log_CAA
1067.10671067107,0.836045643175741,log_CAA
1068.10681068107,0.835837203857141,log_CAA
1069.10691069107,0.83562874065881,log_CAA
1070.10701070107,0.835420253698324,log_CAA
1071.10711071107,0.835211743093063,log_CAA
1072.10721072107,0.835003208960212,log_CAA
1073.10731073107,0.834794651416761,log_CAA
1074.10741074107,0.83458607057951,log_CAA
1075.10751075108,0.834377466565063,log_CAA
1076.10761076108,0.834168839489832,log_CAA
1077.10771077108,0.833960189470036,log_CAA
1078.10781078108,0.833751516621703,log_CAA
1079.10791079108,0.833542821060669,log_CAA
1080.10801080108,0.833334102902576,log_CAA
1081.10811081108,0.83312536226288,log_CAA
1082.10821082108,0.832916599256842,log_CAA
1083.10831083108,0.832707813999534,log_CAA
1084.10841084108,0.832499006605839,log_CAA
1085.10851085109,0.832290177190451,log_CAA
1086.10861086109,0.832081325867871,log_CAA
1087.10871087109,0.831872452752416,log_CAA
1088.10881088109,0.831663557958212,log_CAA
1089.10891089109,0.831454641599197,log_CAA
1090.10901090109,0.831245703789121,log_CAA
1091.10911091109,0.831036744641548,log_CAA
1092.10921092109,0.830827764269853,log_CAA
1093.10931093109,0.830618762787226,log_CAA
1094.10941094109,0.83040974030667,log_CAA
1095.1095109511,0.830200696941002,log_CAA
1096.1096109611,0.829991632802853,log_CAA
1097.1097109711,0.829782548004669,log_CAA
1098.1098109811,0.829573442658712,log_CAA
1099.1099109911,0.829364316877058,log_CAA
1100.1100110011,0.829155170771599,log_CAA
1101.1101110111,0.828946004454044,log_CAA
1102.1102110211,0.828736818035918,log_CAA
1103.1103110311,0.828527611628562,log_CAA
1104.1104110411,0.828318385343135,log_CAA
1105.11051105111,0.828109139290614,log_CAA
1106.11061106111,0.827899873581792,log_CAA
1107.11071107111,0.827690588327283,log_CAA
1108.11081108111,0.827481283637515,log_CAA
1109.11091109111,0.82727195962274,log_CAA
1110.11101110111,0.827062616393026,log_CAA
1111.11111111111,0.826853254058262,log_CAA
1112.11121112111,0.826643872728155,log_CAA
1113.11131113111,0.826434472512234,log_CAA
1114.11141114111,0.826225053519849,log_CAA
1115.11151115112,0.826015615860168,log_CAA
1116.11161116112,0.825806159642183,log_CAA
1117.11171117112,0.825596684974706,log_CAA
1118.11181118112,0.825387191966372,log_CAA
1119.11191119112,0.825177680725637,log_CAA
1120.11201120112,0.824968151360781,log_CAA
1121.11211121112,0.824758603979905,log_CAA
1122.11221122112,0.824549038690935,log_CAA
1123.11231123112,0.824339455601619,log_CAA
1124.11241124112,0.824129854819529,log_CAA
1125.11251125112,0.823920236452063,log_CAA
1126.11261126113,0.823710600606442,log_CAA
1127.11271127113,0.82350094738971,log_CAA
1128.11281128113,0.823291276908741,log_CAA
1129.11291129113,0.82308158927023,log_CAA
1130.11301130113,0.822871884580699,log_CAA
1131.11311131113,0.822662162946497,log_CAA
1132.11321132113,0.822452424473798,log_CAA
1133.11331133113,0.822242669268605,log_CAA
1134.11341134113,0.822032897436746,log_CAA
1135.11351135114,0.821823109083877,log_CAA
1136.11361136114,0.821613304315482,log_CAA
1137.11371137114,0.821403483236871,log_CAA
1138.11381138114,0.821193645953187,log_CAA
1139.11391139114,0.820983792569397,log_CAA
1140.11401140114,0.820773923190298,log_CAA
1141.11411141114,0.820564037920519,log_CAA
1142.11421142114,0.820354136864514,log_CAA
1143.11431143114,0.820144220126571,log_CAA
1144.11441144114,0.819934287810807,log_CAA
1145.11451145115,0.819724340021167,log_CAA
1146.11461146115,0.819514376861431,log_CAA
1147.11471147115,0.819304398435207,log_CAA
1148.11481148115,0.819094404845936,log_CAA
1149.11491149115,0.81888439619689,log_CAA
1150.11501150115,0.818674372591173,log_CAA
1151.11511151115,0.818464334131722,log_CAA
1152.11521152115,0.818254280921306,log_CAA
1153.11531153115,0.818044213062527,log_CAA
1154.11541154115,0.817834130657822,log_CAA
1155.11551155116,0.817624033809458,log_CAA
1156.11561156116,0.817413922619539,log_CAA
1157.11571157116,0.817203797190002,log_CAA
1158.11581158116,0.816993657622619,log_CAA
1159.11591159116,0.816783504018995,log_CAA
1160.11601160116,0.816573336480573,log_CAA
1161.11611161116,0.816363155108629,log_CAA
1162.11621162116,0.816152960004276,log_CAA
1163.11631163116,0.815942751268462,log_CAA
1164.11641164116,0.815732529001971,log_CAA
1165.11651165117,0.815522293305425,log_CAA
1166.11661166117,0.815312044279283,log_CAA
1167.11671167117,0.815101782023838,log_CAA
1168.11681168117,0.814891506639224,log_CAA
1169.11691169117,0.814681218225412,log_CAA
1170.11701170117,0.814470916882208,log_CAA
1171.11711171117,0.814260602709261,log_CAA
1172.11721172117,0.814050275806056,log_CAA
1173.11731173117,0.813839936271916,log_CAA
1174.11741174117,0.813629584206004,log_CAA
1175.11751175118,0.813419219707325,log_CAA
1176.11761176118,0.813208842874719,log_CAA
1177.11771177118,0.812998453806871,log_CAA
1178.11781178118,0.812788052602302,log_CAA
1179.11791179118,0.812577639359376,log_CAA
1180.11801180118,0.812367214176297,log_CAA
1181.11811181118,0.812156777151111,log_CAA
1182.11821182118,0.811946328381706,log_CAA
1183.11831183118,0.811735867965808,log_CAA
1184.11841184118,0.811525396000991,log_CAA
1185.11851185119,0.811314912584666,log_CAA
1186.11861186119,0.811104417814089,log_CAA
1187.11871187119,0.810893911786359,log_CAA
1188.11881188119,0.810683394598417,log_CAA
1189.11891189119,0.810472866347048,log_CAA
1190.11901190119,0.810262327128881,log_CAA
1191.11911191119,0.810051777040389,log_CAA
1192.11921192119,0.809841216177889,log_CAA
1193.11931193119,0.809630644637542,log_CAA
1194.11941194119,0.809420062515354,log_CAA
1195.1195119512,0.809209469907177,log_CAA
1196.1196119612,0.808998866908708,log_CAA
1197.1197119712,0.808788253615488,log_CAA
1198.1198119812,0.808577630122907,log_CAA
1199.1199119912,0.808366996526198,log_CAA
1200.1200120012,0.808156352920442,log_CAA
1201.1201120112,0.807945699400567,log_CAA
1202.1202120212,0.807735036061347,log_CAA
1203.1203120312,0.807524362997403,log_CAA
1204.1204120412,0.807313680303206,log_CAA
1205.12051205121,0.807102988073073,log_CAA
1206.12061206121,0.806892286401167,log_CAA
1207.12071207121,0.806681575381503,log_CAA
1208.12081208121,0.806470855107943,log_CAA
1209.12091209121,0.806260125674197,log_CAA
1210.12101210121,0.806049387173825,log_CAA
1211.12111211121,0.805838639700236,log_CAA
1212.12121212121,0.80562788334669,log_CAA
1213.12131213121,0.805417118206296,log_CAA
1214.12141214121,0.805206344372011,log_CAA
1215.12151215122,0.804995561936646,log_CAA
1216.12161216122,0.804784770992861,log_CAA
1217.12171217122,0.804573971633167,log_CAA
1218.12181218122,0.804363163949926,log_CAA
1219.12191219122,0.804152348035351,log_CAA
1220.12201220122,0.803941523981508,log_CAA
1221.12211221122,0.803730691880315,log_CAA
1222.12221222122,0.803519851823541,log_CAA
1223.12231223122,0.803309003902808,log_CAA
1224.12241224122,0.803098148209591,log_CAA
1225.12251225123,0.802887284835219,log_CAA
1226.12261226123,0.802676413870871,log_CAA
1227.12271227123,0.802465535407583,log_CAA
1228.12281228123,0.802254649536243,log_CAA
1229.12291229123,0.802043756347594,log_CAA
1230.12301230123,0.801832855932232,log_CAA
1231.12311231123,0.801621948380609,log_CAA
1232.12321232123,0.80141103378303,log_CAA
1233.12331233123,0.801200112229657,log_CAA
1234.12341234123,0.800989183810506,log_CAA
1235.12351235124,0.800778248615448,log_CAA
1236.12361236124,0.800567306734213,log_CAA
1237.12371237124,0.800356358256382,log_CAA
1238.12381238124,0.800145403271396,log_CAA
1239.12391239124,0.799934441868552,log_CAA
1240.12401240124,0.799723474137002,log_CAA
1241.12411241124,0.799512500165757,log_CAA
1242.12421242124,0.799301520043685,log_CAA
1243.12431243124,0.799090533859509,log_CAA
1244.12441244124,0.798879541701814,log_CAA
1245.12451245125,0.79866854365904,log_CAA
1246.12461246125,0.798457539819486,log_CAA
1247.12471247125,0.798246530271309,log_CAA
1248.12481248125,0.798035515102525,log_CAA
1249.12491249125,0.79782449440101,log_CAA
1250.12501250125,0.797613468254497,log_CAA
1251.12511251125,0.797402436750581,log_CAA
1252.12521252125,0.797191399976716,log_CAA
1253.12531253125,0.796980358020213,log_CAA
1254.12541254125,0.796769310968248,log_CAA
1255.12551255126,0.796558258907854,log_CAA
1256.12561256126,0.796347201925925,log_CAA
1257.12571257126,0.796136140109218,log_CAA
1258.12581258126,0.795925073544348,log_CAA
1259.12591259126,0.795714002317793,log_CAA
1260.12601260126,0.795502926515894,log_CAA
1261.12611261126,0.795291846224851,log_CAA
1262.12621262126,0.795080761530728,log_CAA
1263.12631263126,0.79486967251945,log_CAA
1264.12641264126,0.794658579276806,log_CAA
1265.12651265127,0.794447481888447,log_CAA
1266.12661266127,0.794236380439886,log_CAA
1267.12671267127,0.794025275016501,log_CAA
1268.12681268127,0.793814165703532,log_CAA
1269.12691269127,0.793603052586084,log_CAA
1270.12701270127,0.793391935749126,log_CAA
1271.12711271127,0.793180815277488,log_CAA
1272.12721272127,0.792969691255868,log_CAA
1273.12731273127,0.792758563768828,log_CAA
1274.12741274127,0.792547432900794,log_CAA
1275.12751275128,0.792336298736056,log_CAA
1276.12761276128,0.792125161358772,log_CAA
1277.12771277128,0.791914020852963,log_CAA
1278.12781278128,0.791702877302517,log_CAA
1279.12791279128,0.791491730791188,log_CAA
1280.12801280128,0.791280581402596,log_CAA
1281.12811281128,0.791069429220226,log_CAA
1282.12821282128,0.790858274327434,log_CAA
1283.12831283128,0.790647116807437,log_CAA
1284.12841284128,0.790435956743323,log_CAA
1285.12851285129,0.790224794218046,log_CAA
1286.12861286129,0.790013629314428,log_CAA
1287.12871287129,0.789802462115159,log_CAA
1288.12881288129,0.789591292702795,log_CAA
1289.12891289129,0.789380121159764,log_CAA
1290.12901290129,0.789168947568358,log_CAA
1291.12911291129,0.788957772010741,log_CAA
1292.12921292129,0.788746594568944,log_CAA
1293.12931293129,0.788535415324868,log_CAA
1294.12941294129,0.788324234360283,log_CAA
1295.1295129513,0.788113051756829,log_CAA
1296.1296129613,0.787901867596014,log_CAA
1297.1297129713,0.787690681959218,log_CAA
1298.1298129813,0.78747949492769,log_CAA
1299.1299129913,0.78726830658255,log_CAA
1300.1300130013,0.787057117004788,log_CAA
1301.1301130113,0.786845926275266,log_CAA
1302.1302130213,0.786634734474715,log_CAA
1303.1303130313,0.786423541683739,log_CAA
1304.1304130413,0.786212347982813,log_CAA
1305.13051305131,0.786001153452283,log_CAA
1306.13061306131,0.785789958172368,log_CAA
1307.13071307131,0.785578762223158,log_CAA
1308.13081308131,0.785367565684615,log_CAA
1309.13091309131,0.785156368636576,log_CAA
1310.13101310131,0.784945171158748,log_CAA
1311.13111311131,0.784733973330713,log_CAA
1312.13121312131,0.784522775231923,log_CAA
1313.13131313131,0.784311576941708,log_CAA
1314.13141314131,0.784100378539267,log_CAA
1315.13151315132,0.783889180103676,log_CAA
1316.13161316132,0.783677981713883,log_CAA
1317.13171317132,0.783466783448712,log_CAA
1318.13181318132,0.783255585386858,log_CAA
1319.13191319132,0.783044387606896,log_CAA
1320.13201320132,0.782833190187272,log_CAA
1321.13211321132,0.782621993206306,log_CAA
1322.13221322132,0.782410796742197,log_CAA
1323.13231323132,0.782199600873017,log_CAA
1324.13241324132,0.781988405676713,log_CAA
1325.13251325133,0.78177721123111,log_CAA
1326.13261326133,0.781566017613907,log_CAA
1327.13271327133,0.781354824902682,log_CAA
1328.13281328133,0.781143633174886,log_CAA
1329.13291329133,0.780932442507849,log_CAA
1330.13301330133,0.780721252978776,log_CAA
1331.13311331133,0.780510064664752,log_CAA
1332.13321332133,0.780298877642736,log_CAA
1333.13331333133,0.780087691989566,log_CAA
1334.13341334133,0.779876507781959,log_CAA
1335.13351335134,0.779665325096507,log_CAA
1336.13361336134,0.779454144009681,log_CAA
1337.13371337134,0.779242964597833,log_CAA
1338.13381338134,0.779031786937189,log_CAA
1339.13391339134,0.778820611103856,log_CAA
1340.13401340134,0.77860943717382,log_CAA
1341.13411341134,0.778398265222946,log_CAA
1342.13421342134,0.778187095326978,log_CAA
1343.13431343134,0.777975927561539,log_CAA
1344.13441344134,0.777764762002132,log_CAA
1345.13451345135,0.777553598724141,log_CAA
1346.13461346135,0.777342437802826,log_CAA
1347.13471347135,0.777131279313333,log_CAA
1348.13481348135,0.776920123330684,log_CAA
1349.13491349135,0.776708969929783,log_CAA
1350.13501350135,0.776497819185416,log_CAA
1351.13511351135,0.776286671172248,log_CAA
1352.13521352135,0.776075525964826,log_CAA
1353.13531353135,0.775864383637579,log_CAA
1354.13541354135,0.775653244264817,log_CAA
1355.13551355136,0.775442107920731,log_CAA
1356.13561356136,0.775230974679396,log_CAA
1357.13571357136,0.775019844614767,log_CAA
1358.13581358136,0.774808717800682,log_CAA
1359.13591359136,0.774597594310862,log_CAA
1360.13601360136,0.774386474218911,log_CAA
1361.13611361136,0.774175357598315,log_CAA
1362.13621362136,0.773964244522443,log_CAA
1363.13631363136,0.773753135064548,log_CAA
1364.13641364136,0.773542029297766,log_CAA
1365.13651365137,0.773330927295118,log_CAA
1366.13661366137,0.773119829129507,log_CAA
1367.13671367137,0.77290873487372,log_CAA
1368.13681368137,0.772697644600429,log_CAA
1369.13691369137,0.772486558382192,log_CAA
1370.13701370137,0.772275476291449,log_CAA
1371.13711371137,0.772064398400524,log_CAA
1372.13721372137,0.77185332478163,log_CAA
1373.13731373137,0.771642255506863,log_CAA
1374.13741374137,0.771431190648202,log_CAA
1375.13751375138,0.771220130277515,log_CAA
1376.13761376138,0.771009074466554,log_CAA
1377.13771377138,0.770798023286957,log_CAA
1378.13781378138,0.770586976810249,log_CAA
1379.13791379138,0.77037593510784,log_CAA
1380.13801380138,0.770164898251027,log_CAA
1381.13811381138,0.769953866310994,log_CAA
1382.13821382138,0.76974283935881,log_CAA
1383.13831383138,0.769531817465434,log_CAA
1384.13841384138,0.769320800701709,log_CAA
1385.13851385139,0.769109789138368,log_CAA
1386.13861386139,0.768898782846029,log_CAA
1387.13871387139,0.7686877818952,log_CAA
1388.13881388139,0.768476786356275,log_CAA
1389.13891389139,0.768265796299537,log_CAA
1390.13901390139,0.768054811795158,log_CAA
1391.13911391139,0.767843832913196,log_CAA
1392.13921392139,0.767632859723601,log_CAA
1393.13931393139,0.767421892296208,log_CAA
1394.13941394139,0.767210930700743,log_CAA
1395.1395139514,0.766999975006822,log_CAA
1396.1396139614,0.766789025283948,log_CAA
1397.1397139714,0.766578081601514,log_CAA
1398.1398139814,0.766367144028805,log_CAA
1399.1399139914,0.766156212634993,log_CAA
1400.1400140014,0.765945287489141,log_CAA
1401.1401140114,0.765734368660202,log_CAA
1402.1402140214,0.76552345621702,log_CAA
1403.1403140314,0.765312550228328,log_CAA
1404.1404140414,0.765101650762752,log_CAA
1405.14051405141,0.764890757888807,log_CAA
1406.14061406141,0.764679871674899,log_CAA
1407.14071407141,0.764468992189326,log_CAA
1408.14081408141,0.764258119500277,log_CAA
1409.14091409141,0.764047253675833,log_CAA
1410.14101410141,0.763836394783966,log_CAA
1411.14111411141,0.76362554289254,log_CAA
1412.14121412141,0.763414698069311,log_CAA
1413.14131413141,0.763203860381928,log_CAA
1414.14141414141,0.762993029897932,log_CAA
1415.14151415142,0.762782206684757,log_CAA
1416.14161416142,0.762571390809727,log_CAA
1417.14171417142,0.762360582340063,log_CAA
1418.14181418142,0.762149781342876,log_CAA
1419.14191419142,0.761938987885171,log_CAA
1420.14201420142,0.761728202033848,log_CAA
1421.14211421142,0.761517423855699,log_CAA
1422.14221422142,0.761306653417409,log_CAA
1423.14231423142,0.761095890785559,log_CAA
1424.14241424142,0.760885136026622,log_CAA
1425.14251425143,0.760674389206966,log_CAA
1426.14261426143,0.760463650392855,log_CAA
1427.14271427143,0.760252919650445,log_CAA
1428.14281428143,0.760042197045788,log_CAA
1429.14291429143,0.759831482644831,log_CAA
1430.14301430143,0.759620776513416,log_CAA
1431.14311431143,0.759410078717279,log_CAA
1432.14321432143,0.759199389322053,log_CAA
1433.14331433143,0.758988708393267,log_CAA
1434.14341434143,0.758778035996343,log_CAA
1435.14351435144,0.758567372196602,log_CAA
1436.14361436144,0.758356717059258,log_CAA
1437.14371437144,0.758146070649424,log_CAA
1438.14381438144,0.757935433032107,log_CAA
1439.14391439144,0.757724804272212,log_CAA
1440.14401440144,0.757514184434541,log_CAA
1441.14411441144,0.757303573583792,log_CAA
1442.14421442144,0.757092971784559,log_CAA
1443.14431443144,0.756882379101335,log_CAA
1444.14441444144,0.75667179559851,log_CAA
1445.14451445145,0.756461221340371,log_CAA
1446.14461446145,0.756250656391102,log_CAA
1447.14471447145,0.756040100814786,log_CAA
1448.14481448145,0.755829554675403,log_CAA
1449.14491449145,0.755619018036833,log_CAA
1450.14501450145,0.755408490962851,log_CAA
1451.14511451145,0.755197973517133,log_CAA
1452.14521452145,0.754987465763253,log_CAA
1453.14531453145,0.754776967764683,log_CAA
1454.14541454145,0.754566479584796,log_CAA
1455.14551455146,0.754356001286861,log_CAA
1456.14561456146,0.754145532934048,log_CAA
1457.14571457146,0.753935074589427,log_CAA
1458.14581458146,0.753724626315966,log_CAA
1459.14591459146,0.753514188176532,log_CAA
1460.14601460146,0.753303760233896,log_CAA
1461.14611461146,0.753093342550724,log_CAA
1462.14621462146,0.752882935189585,log_CAA
1463.14631463146,0.752672538212948,log_CAA
1464.14641464146,0.752462151683181,log_CAA
1465.14651465147,0.752251775662553,log_CAA
1466.14661466147,0.752041410213237,log_CAA
1467.14671467147,0.751831055397301,log_CAA
1468.14681468147,0.75162071127672,log_CAA
1469.14691469147,0.751410377913367,log_CAA
1470.14701470147,0.751200055369015,log_CAA
1471.14711471147,0.750989743705342,log_CAA
1472.14721472147,0.750779442983927,log_CAA
1473.14731473147,0.750569153266248,log_CAA
1474.14741474147,0.750358874613687,log_CAA
1475.14751475148,0.750148607087529,log_CAA
1476.14761476148,0.749938350748959,log_CAA
1477.14771477148,0.749728105659067,log_CAA
1478.14781478148,0.749517871878843,log_CAA
1479.14791479148,0.749307649469182,log_CAA
1480.14801480148,0.749097438490879,log_CAA
1481.14811481148,0.748887239004636,log_CAA
1482.14821482148,0.748677051071054,log_CAA
1483.14831483148,0.748466874750641,log_CAA
1484.14841484148,0.748256710103805,log_CAA
1485.14851485149,0.748046557190861,log_CAA
1486.14861486149,0.747836416072025,log_CAA
1487.14871487149,0.747626286807417,log_CAA
1488.14881488149,0.747416169457064,log_CAA
1489.14891489149,0.747206064080894,log_CAA
1490.14901490149,0.746995970738741,log_CAA
1491.14911491149,0.746785889490342,log_CAA
1492.14921492149,0.746575820395341,log_CAA
1493.14931493149,0.746365763513284,log_CAA
1494.14941494149,0.746155718903624,log_CAA
1495.1495149515,0.745945686625718,log_CAA
1496.1496149615,0.74573566673883,log_CAA
1497.1497149715,0.745525659302126,log_CAA
1498.1498149815,0.74531566437468,log_CAA
1499.1499149915,0.745105682015472,log_CAA
1500.1500150015,0.744895712283385,log_CAA
1501.1501150115,0.744685755237211,log_CAA
1502.1502150215,0.744475810935646,log_CAA
1503.1503150315,0.744265879437294,log_CAA
1504.1504150415,0.744055960800664,log_CAA
1505.15051505151,0.743846055084171,log_CAA
1506.15061506151,0.743636162346139,log_CAA
1507.15071507151,0.743426282644795,log_CAA
1508.15081508151,0.743216416038278,log_CAA
1509.15091509151,0.743006562584628,log_CAA
1510.15101510151,0.742796722341798,log_CAA
1511.15111511151,0.742586895367644,log_CAA
1512.15121512151,0.742377081719933,log_CAA
1513.15131513151,0.742167281456336,log_CAA
1514.15141514151,0.741957494634435,log_CAA
1515.15151515152,0.741747721311717,log_CAA
1516.15161516152,0.741537961545579,log_CAA
1517.15171517152,0.741328215393327,log_CAA
1518.15181518152,0.741118482912173,log_CAA
1519.15191519152,0.740908764159238,log_CAA
1520.15201520152,0.740699059191552,log_CAA
1521.15211521152,0.740489368066054,log_CAA
1522.15221522152,0.740279690839592,log_CAA
1523.15231523152,0.740070027568923,log_CAA
1524.15241524152,0.739860378310711,log_CAA
1525.15251525153,0.739650743121532,log_CAA
1526.15261526153,0.73944112205787,log_CAA
1527.15271527153,0.73923151517612,log_CAA
1528.15281528153,0.739021922532585,log_CAA
1529.15291529153,0.738812344183478,log_CAA
1530.15301530153,0.738602780184922,log_CAA
1531.15311531153,0.738393230592952,log_CAA
1532.15321532153,0.738183695463511,log_CAA
1533.15331533153,0.737974174852452,log_CAA
1534.15341534153,0.737764668815541,log_CAA
1535.15351535154,0.737555177408452,log_CAA
1536.15361536154,0.737345700686771,log_CAA
1537.15371537154,0.737136238705996,log_CAA
1538.15381538154,0.736926791521534,log_CAA
1539.15391539154,0.736717359188704,log_CAA
1540.15401540154,0.736507941762735,log_CAA
1541.15411541154,0.736298539298771,log_CAA
1542.15421542154,0.736089151851864,log_CAA
1543.15431543154,0.735879779476978,log_CAA
1544.15441544154,0.735670422228991,log_CAA
1545.15451545155,0.735461080162692,log_CAA
1546.15461546155,0.735251753332781,log_CAA
1547.15471547155,0.73504244179387,log_CAA
1548.15481548155,0.734833145600486,log_CAA
1549.15491549155,0.734623864807066,log_CAA
1550.15501550155,0.73441459946796,log_CAA
1551.15511551155,0.734205349637432,log_CAA
1552.15521552155,0.733996115369657,log_CAA
1553.15531553155,0.733786896718725,log_CAA
1554.15541554155,0.733577693738637,log_CAA
1555.15551555156,0.733368506483309,log_CAA
1556.15561556156,0.73315933500657,log_CAA
1557.15571557156,0.732950179362161,log_CAA
1558.15581558156,0.732741039603739,log_CAA
1559.15591559156,0.732531915784873,log_CAA
1560.15601560156,0.732322807959047,log_CAA
1561.15611561156,0.732113716179658,log_CAA
1562.15621562156,0.731904640500017,log_CAA
1563.15631563156,0.731695580973352,log_CAA
1564.15641564156,0.731486537652801,log_CAA
1565.15651565157,0.73127751059142,log_CAA
1566.15661566157,0.731068499842179,log_CAA
1567.15671567157,0.730859505457962,log_CAA
1568.15681568157,0.730650527491567,log_CAA
1569.15691569157,0.73044156599571,log_CAA
1570.15701570157,0.730232621023019,log_CAA
1571.15711571157,0.730023692626039,log_CAA
1572.15721572157,0.729814780857231,log_CAA
1573.15731573157,0.729605885768969,log_CAA
1574.15741574157,0.729397007413546,log_CAA
1575.15751575158,0.729188145843168,log_CAA
1576.15761576158,0.728979301109959,log_CAA
1577.15771577158,0.728770473265956,log_CAA
1578.15781578158,0.728561662363116,log_CAA
1579.15791579158,0.728352868453309,log_CAA
1580.15801580158,0.728144091588324,log_CAA
1581.15811581158,0.727935331819865,log_CAA
1582.15821582158,0.727726589199553,log_CAA
1583.15831583158,0.727517863778925,log_CAA
1584.15841584158,0.727309155609437,log_CAA
1585.15851585159,0.72710046474246,log_CAA
1586.15861586159,0.726891791229283,log_CAA
1587.15871587159,0.726683135121111,log_CAA
1588.15881588159,0.726474496469069,log_CAA
1589.15891589159,0.726265875324197,log_CAA
1590.15901590159,0.726057271737453,log_CAA
1591.15911591159,0.725848685759715,log_CAA
1592.15921592159,0.725640117441776,log_CAA
1593.15931593159,0.725431566834349,log_CAA
1594.15941594159,0.725223033988063,log_CAA
1595.1595159516,0.725014518953467,log_CAA
1596.1596159616,0.724806021781029,log_CAA
1597.1597159716,0.724597542521132,log_CAA
1598.1598159816,0.724389081224082,log_CAA
1599.1599159916,0.7241806379401,log_CAA
1600.1600160016,0.723972212719329,log_CAA
1601.1601160116,0.723763805611827,log_CAA
1602.1602160216,0.723555416667576,log_CAA
1603.1603160316,0.723347045936474,log_CAA
1604.1604160416,0.723138693468337,log_CAA
1605.16051605161,0.722930359312903,log_CAA
1606.16061606161,0.722722043519831,log_CAA
1607.16071607161,0.722513746138694,log_CAA
1608.16081608161,0.722305467218991,log_CAA
1609.16091609161,0.722097206810137,log_CAA
1610.16101610161,0.721888964961468,log_CAA
1611.16111611161,0.72168074172224,log_CAA
1612.16121612161,0.72147253714163,log_CAA
1613.16131613161,0.721264351268735,log_CAA
1614.16141614161,0.721056184152572,log_CAA
1615.16151615162,0.720848035842078,log_CAA
1616.16161616162,0.720639906386112,log_CAA
1617.16171617162,0.720431795833454,log_CAA
1618.16181618162,0.720223704232804,log_CAA
1619.16191619162,0.720015631632782,log_CAA
1620.16201620162,0.719807578081932,log_CAA
1621.16211621162,0.719599543628718,log_CAA
1622.16221622162,0.719391528321524,log_CAA
1623.16231623162,0.719183532208656,log_CAA
1624.16241624162,0.718975555338344,log_CAA
1625.16251625163,0.718767597758737,log_CAA
1626.16261626163,0.718559659517907,log_CAA
1627.16271627163,0.718351740663847,log_CAA
1628.16281628163,0.718143841244474,log_CAA
1629.16291629163,0.717935961307625,log_CAA
1630.16301630163,0.717728100901061,log_CAA
1631.16311631163,0.717520260072464,log_CAA
1632.16321632163,0.71731243886944,log_CAA
1633.16331633163,0.717104637339516,log_CAA
1634.16341634163,0.716896855530143,log_CAA
1635.16351635164,0.716689093488694,log_CAA
1636.16361636164,0.716481351262465,log_CAA
1637.16371637164,0.716273628898677,log_CAA
1638.16381638164,0.716065926444472,log_CAA
1639.16391639164,0.715858243946915,log_CAA
1640.16401640164,0.715650581452996,log_CAA
1641.16411641164,0.715442939009628,log_CAA
1642.16421642164,0.715235316663648,log_CAA
1643.16431643164,0.715027714461814,log_CAA
1644.16441644164,0.714820132450813,log_CAA
1645.16451645165,0.714612570677251,log_CAA
1646.16461646165,0.714405029187661,log_CAA
1647.16471647165,0.714197508028498,log_CAA
1648.16481648165,0.713990007246145,log_CAA
1649.16491649165,0.713782526886904,log_CAA
1650.16501650165,0.713575066997007,log_CAA
1651.16511651165,0.713367627622607,log_CAA
1652.16521652165,0.713160208809782,log_CAA
1653.16531653165,0.712952810604537,log_CAA
1654.16541654165,0.7127454330528,log_CAA
1655.16551655166,0.712538076200425,log_CAA
1656.16561656166,0.712330740093189,log_CAA
1657.16571657166,0.712123424776798,log_CAA
1658.16581658166,0.711916130296881,log_CAA
1659.16591659166,0.711708856698993,log_CAA
1660.16601660166,0.711501604028613,log_CAA
1661.16611661166,0.711294372331149,log_CAA
1662.16621662166,0.711087161651932,log_CAA
1663.16631663166,0.710879972036219,log_CAA
1664.16641664166,0.710672803529196,log_CAA
1665.16651665167,0.710465656175971,log_CAA
1666.16661666167,0.710258530021581,log_CAA
1667.16671667167,0.710051425110988,log_CAA
1668.16681668167,0.709844341489082,log_CAA
1669.16691669167,0.709637279200677,log_CAA
1670.16701670167,0.709430238290516,log_CAA
1671.16711671167,0.709223218803268,log_CAA
1672.16721672167,0.709016220783529,log_CAA
1673.16731673167,0.70880924427582,log_CAA
1674.16741674167,0.708602289324592,log_CAA
1675.16751675168,0.708395355974222,log_CAA
1676.16761676168,0.708188444269013,log_CAA
1677.16771677168,0.707981554253198,log_CAA
1678.16781678168,0.707774685970935,log_CAA
1679.16791679168,0.707567839466311,log_CAA
1680.16801680168,0.70736101478334,log_CAA
1681.16811681168,0.707154211965965,log_CAA
1682.16821682168,0.706947431058054,log_CAA
1683.16831683168,0.706740672103406,log_CAA
1684.16841684168,0.706533935145748,log_CAA
1685.16851685169,0.706327220228732,log_CAA
1686.16861686169,0.706120527395942,log_CAA
1687.16871687169,0.705913856690889,log_CAA
1688.16881688169,0.705707208157012,log_CAA
1689.16891689169,0.705500581837679,log_CAA
1690.16901690169,0.705293977776187,log_CAA
1691.16911691169,0.705087396015761,log_CAA
1692.16921692169,0.704880836599556,log_CAA
1693.16931693169,0.704674299570655,log_CAA
1694.16941694169,0.70446778497207,log_CAA
1695.1695169517,0.704261292846744,log_CAA
1696.1696169617,0.704054823237548,log_CAA
1697.1697169717,0.703848376187281,log_CAA
1698.1698169817,0.703641951738675,log_CAA
1699.1699169917,0.703435549934388,log_CAA
1700.1700170017,0.703229170817011,log_CAA
1701.1701170117,0.703022814429061,log_CAA
1702.1702170217,0.702816480812988,log_CAA
1703.1703170317,0.702610170011172,log_CAA
1704.1704170417,0.702403882065921,log_CAA
1705.17051705171,0.702197617019474,log_CAA
1706.17061706171,0.701991374914002,log_CAA
1707.17071707171,0.701785155791604,log_CAA
1708.17081708171,0.701578959694312,log_CAA
1709.17091709171,0.701372786664085,log_CAA
1710.17101710171,0.701166636742817,log_CAA
1711.17111711171,0.700960509972329,log_CAA
1712.17121712171,0.700754406394375,log_CAA
1713.17131713171,0.700548326050641,log_CAA
1714.17141714171,0.700342268982741,log_CAA
1715.17151715172,0.700136235232222,log_CAA
1716.17161716172,0.699930224840563,log_CAA
1717.17171717172,0.699724237849173,log_CAA
1718.17181718172,0.699518274299393,log_CAA
1719.17191719172,0.699312334232495,log_CAA
1720.17201720172,0.699106417689684,log_CAA
1721.17211721172,0.698900524712097,log_CAA
1722.17221722172,0.6986946553408,log_CAA
1723.17231723172,0.698488809616793,log_CAA
1724.17241724172,0.698282987581009,log_CAA
1725.17251725173,0.698077189274311,log_CAA
1726.17261726173,0.697871414737496,log_CAA
1727.17271727173,0.697665664011293,log_CAA
1728.17281728173,0.697459937136362,log_CAA
1729.17291729173,0.697254234153297,log_CAA
1730.17301730173,0.697048555102624,log_CAA
1731.17311731173,0.696842900024803,log_CAA
1732.17321732173,0.696637268960225,log_CAA
1733.17331733173,0.696431661949214,log_CAA
1734.17341734173,0.696226079032029,log_CAA
1735.17351735174,0.69602052024886,log_CAA
1736.17361736174,0.695814985639832,log_CAA
1737.17371737174,0.695609475245,log_CAA
1738.17381738174,0.695403989104357,log_CAA
1739.17391739174,0.695198527257826,log_CAA
1740.17401740174,0.694993089745265,log_CAA
1741.17411741174,0.694787676606466,log_CAA
1742.17421742174,0.694582287881153,log_CAA
1743.17431743174,0.694376923608985,log_CAA
1744.17441744174,0.694171583829555,log_CAA
1745.17451745175,0.693966268582391,log_CAA
1746.17461746175,0.693760977906953,log_CAA
1747.17471747175,0.693555711842636,log_CAA
1748.17481748175,0.693350470428771,log_CAA
1749.17491749175,0.693145253704621,log_CAA
1750.17501750175,0.692940061709384,log_CAA
1751.17511751175,0.692734894482194,log_CAA
1752.17521752175,0.692529752062118,log_CAA
1753.17531753175,0.692324634488159,log_CAA
1754.17541754175,0.692119541799255,log_CAA
1755.17551755176,0.691914474034277,log_CAA
1756.17561756176,0.691709431232033,log_CAA
1757.17571757176,0.691504413431265,log_CAA
1758.17581758176,0.691299420670651,log_CAA
1759.17591759176,0.691094452988805,log_CAA
1760.17601760176,0.690889510424273,log_CAA
1761.17611761176,0.690684593015542,log_CAA
1762.17621762176,0.690479700801029,log_CAA
1763.17631763176,0.69027483381909,log_CAA
1764.17641764176,0.690069992108016,log_CAA
1765.17651765176,0.689865175706034,log_CAA
1766.17661766177,0.689660384651306,log_CAA
1767.17671767177,0.689455618981932,log_CAA
1768.17681768177,0.689250878735945,log_CAA
1769.17691769177,0.689046163951318,log_CAA
1770.17701770177,0.688841474665957,log_CAA
1771.17711771177,0.688636810917706,log_CAA
1772.17721772177,0.688432172744346,log_CAA
1773.17731773177,0.688227560183593,log_CAA
1774.17741774177,0.688022973273101,log_CAA
1775.17751775178,0.687818412050459,log_CAA
1776.17761776178,0.687613876553195,log_CAA
1777.17771777178,0.687409366818773,log_CAA
1778.17781778178,0.687204882884593,log_CAA
1779.17791779178,0.687000424787994,log_CAA
1780.17801780178,0.686795992566251,log_CAA
1781.17811781178,0.686591586256576,log_CAA
1782.17821782178,0.686387205896119,log_CAA
1783.17831783178,0.686182851521967,log_CAA
1784.17841784178,0.685978523171146,log_CAA
1785.17851785179,0.685774220880616,log_CAA
1786.17861786179,0.685569944687279,log_CAA
1787.17871787179,0.685365694627972,log_CAA
1788.17881788179,0.685161470739471,log_CAA
1789.17891789179,0.684957273058489,log_CAA
1790.17901790179,0.684753101621679,log_CAA
1791.17911791179,0.68454895646563,log_CAA
1792.17921792179,0.68434483762687,log_CAA
1793.17931793179,0.684140745141865,log_CAA
1794.17941794179,0.683936679047021,log_CAA
1795.1795179518,0.683732639378679,log_CAA
1796.1796179618,0.683528626173124,log_CAA
1797.1797179718,0.683324639466573,log_CAA
1798.1798179818,0.683120679295187,log_CAA
1799.1799179918,0.682916745695064,log_CAA
1800.1800180018,0.682712838702239,log_CAA
1801.1801180118,0.68250895835269,log_CAA
1802.1802180218,0.682305104682331,log_CAA
1803.1803180318,0.682101277727016,log_CAA
1804.1804180418,0.681897477522537,log_CAA
1805.18051805181,0.681693704104629,log_CAA
1806.18061806181,0.681489957508962,log_CAA
1807.18071807181,0.681286237771148,log_CAA
1808.18081808181,0.681082544926738,log_CAA
1809.18091809181,0.680878879011222,log_CAA
1810.18101810181,0.680675240060032,log_CAA
1811.18111811181,0.680471628108536,log_CAA
1812.18121812181,0.680268043192046,log_CAA
1813.18131813181,0.680064485345811,log_CAA
1814.18141814181,0.679860954605021,log_CAA
1815.18151815182,0.679657451004806,log_CAA
1816.18161816182,0.679453974580238,log_CAA
1817.18171817182,0.679250525366326,log_CAA
1818.18181818182,0.679047103398022,log_CAA
1819.18191819182,0.678843708710218,log_CAA
1820.18201820182,0.678640341337745,log_CAA
1821.18211821182,0.678437001315377,log_CAA
1822.18221822182,0.678233688677827,log_CAA
1823.18231823182,0.67803040345975,log_CAA
1824.18241824182,0.67782714569574,log_CAA
1825.18251825183,0.677623915420334,log_CAA
1826.18261826183,0.67742071266801,log_CAA
1827.18271827183,0.677217537473184,log_CAA
1828.18281828183,0.677014389870218,log_CAA
1829.18291829183,0.676811269893411,log_CAA
1830.18301830183,0.676608177577007,log_CAA
1831.18311831183,0.676405112955188,log_CAA
1832.18321832183,0.67620207606208,log_CAA
1833.18331833183,0.67599906693175,log_CAA
1834.18341834183,0.675796085598206,log_CAA
1835.18351835184,0.675593132095399,log_CAA
1836.18361836184,0.67539020645722,log_CAA
1837.18371837184,0.675187308717503,log_CAA
1838.18381838184,0.674984438910026,log_CAA
1839.18391839184,0.674781597068504,log_CAA
1840.18401840184,0.6745787832266,log_CAA
1841.18411841184,0.674375997417915,log_CAA
1842.18421842184,0.674173239675994,log_CAA
1843.18431843184,0.673970510034325,log_CAA
1844.18441844184,0.673767808526337,log_CAA
1845.18451845185,0.673565135185402,log_CAA
1846.18461846185,0.673362490044836,log_CAA
1847.18471847185,0.673159873137895,log_CAA
1848.18481848185,0.672957284497781,log_CAA
1849.18491849185,0.672754724157637,log_CAA
1850.18501850185,0.672552192150549,log_CAA
1851.18511851185,0.672349688509546,log_CAA
1852.18521852185,0.6721472132676,log_CAA
1853.18531853185,0.671944766457628,log_CAA
1854.18541854185,0.671742348112487,log_CAA
1855.18551855186,0.671539958264981,log_CAA
1856.18561856186,0.671337596947854,log_CAA
1857.18571857186,0.671135264193796,log_CAA
1858.18581858186,0.670932960035439,log_CAA
1859.18591859186,0.67073068450536,log_CAA
1860.18601860186,0.670528437636078,log_CAA
1861.18611861186,0.670326219460058,log_CAA
1862.18621862186,0.670124030009707,log_CAA
1863.18631863186,0.669921869317376,log_CAA
1864.18641864186,0.669719737415362,log_CAA
1865.18651865187,0.669517634335904,log_CAA
1866.18661866187,0.669315560111186,log_CAA
1867.18671867187,0.669113514773336,log_CAA
1868.18681868187,0.668911498354427,log_CAA
1869.18691869187,0.668709510886476,log_CAA
1870.18701870187,0.668507552401444,log_CAA
1871.18711871187,0.668305622931237,log_CAA
1872.18721872187,0.668103722507706,log_CAA
1873.18731873187,0.667901851162645,log_CAA
1874.18741874187,0.667700008927796,log_CAA
1875.18751875188,0.667498195834843,log_CAA
1876.18761876188,0.667296411915416,log_CAA
1877.18771877188,0.66709465720109,log_CAA
1878.18781878188,0.666892931723385,log_CAA
1879.18791879188,0.666691235513766,log_CAA
1880.18801880188,0.666489568603643,log_CAA
1881.18811881188,0.666287931024373,log_CAA
1882.18821882188,0.666086322807256,log_CAA
1883.18831883188,0.665884743983539,log_CAA
1884.18841884188,0.665683194584413,log_CAA
1885.18851885189,0.665481674641018,log_CAA
1886.18861886189,0.665280184184435,log_CAA
1887.18871887189,0.665078723245694,log_CAA
1888.18881888189,0.66487729185577,log_CAA
1889.18891889189,0.664675890045584,log_CAA
1890.18901890189,0.664474517846002,log_CAA
1891.18911891189,0.664273175287838,log_CAA
1892.18921892189,0.66407186240185,log_CAA
1893.18931893189,0.663870579218744,log_CAA
1894.18941894189,0.66366932576917,log_CAA
1895.1895189519,0.663468102083727,log_CAA
1896.1896189619,0.663266908192959,log_CAA
1897.1897189719,0.663065744127357,log_CAA
1898.1898189819,0.662864609917357,log_CAA
1899.1899189919,0.662663505593343,log_CAA
1900.1900190019,0.662462431185646,log_CAA
1901.1901190119,0.662261386724544,log_CAA
1902.1902190219,0.66206037224026,log_CAA
1903.1903190319,0.661859387762965,log_CAA
1904.1904190419,0.661658433322778,log_CAA
1905.19051905191,0.661457508949764,log_CAA
1906.19061906191,0.661256614673933,log_CAA
1907.19071907191,0.661055750525247,log_CAA
1908.19081908191,0.660854916533612,log_CAA
1909.19091909191,0.660654112728882,log_CAA
1910.19101910191,0.660453339140857,log_CAA
1911.19111911191,0.660252595799288,log_CAA
1912.19121912191,0.66005188273387,log_CAA
1913.19131913191,0.659851199974249,log_CAA
1914.19141914191,0.659650547550014,log_CAA
1915.19151915192,0.659449925490706,log_CAA
1916.19161916192,0.659249333825813,log_CAA
1917.19171917192,0.65904877258477,log_CAA
1918.19181918192,0.658848241796959,log_CAA
1919.19191919192,0.658647741491713,log_CAA
1920.19201920192,0.65844727169831,log_CAA
1921.19211921192,0.658246832445979,log_CAA
1922.19221922192,0.658046423763895,log_CAA
1923.19231923192,0.657846045681182,log_CAA
1924.19241924192,0.657645698226914,log_CAA
1925.19251925193,0.65744538143011,log_CAA
1926.19261926193,0.657245095319741,log_CAA
1927.19271927193,0.657044839924725,log_CAA
1928.19281928193,0.656844615273929,log_CAA
1929.19291929193,0.656644421396168,log_CAA
1930.19301930193,0.656444258320207,log_CAA
1931.19311931193,0.656244126074759,log_CAA
1932.19321932193,0.656044024688486,log_CAA
1933.19331933193,0.65584395419,log_CAA
1934.19341934193,0.655643914607861,log_CAA
1935.19351935194,0.655443905970578,log_CAA
1936.19361936194,0.65524392830661,log_CAA
1937.19371937194,0.655043981644366,log_CAA
1938.19381938194,0.654844066012202,log_CAA
1939.19391939194,0.654644181438426,log_CAA
1940.19401940194,0.654444327951294,log_CAA
1941.19411941194,0.654244505579011,log_CAA
1942.19421942194,0.654044714349732,log_CAA
1943.19431943194,0.653844954291565,log_CAA
1944.19441944194,0.653645225432562,log_CAA
1945.19451945195,0.653445527800729,log_CAA
1946.19461946195,0.653245861424021,log_CAA
1947.19471947195,0.653046226330342,log_CAA
1948.19481948195,0.652846622547546,log_CAA
1949.19491949195,0.65264705010344,log_CAA
1950.19501950195,0.652447509025777,log_CAA
1951.19511951195,0.652247999342263,log_CAA
1952.19521952195,0.652048521080553,log_CAA
1953.19531953195,0.651849074268253,log_CAA
1954.19541954195,0.65164965893292,log_CAA
1955.19551955196,0.651450275102059,log_CAA
1956.19561956196,0.651250922803129,log_CAA
1957.19571957196,0.651051602063537,log_CAA
1958.19581958196,0.650852312910642,log_CAA
1959.19591959196,0.650653055371754,log_CAA
1960.19601960196,0.650453829474132,log_CAA
1961.19611961196,0.650254635244988,log_CAA
1962.19621962196,0.650055472711484,log_CAA
1963.19631963196,0.649856341900733,log_CAA
1964.19641964196,0.649657242839799,log_CAA
1965.19651965197,0.649458175555698,log_CAA
1966.19661966197,0.649259140075396,log_CAA
1967.19671967197,0.649060136425811,log_CAA
1968.19681968197,0.648861164633812,log_CAA
1969.19691969197,0.64866222472622,log_CAA
1970.19701970197,0.648463316729807,log_CAA
1971.19711971197,0.648264440671297,log_CAA
1972.19721972197,0.648065596577365,log_CAA
1973.19731973197,0.647866784474638,log_CAA
1974.19741974197,0.647668004389694,log_CAA
1975.19751975198,0.647469256349065,log_CAA
1976.19761976198,0.647270540379231,log_CAA
1977.19771977198,0.647071856506629,log_CAA
1978.19781978198,0.646873204757644,log_CAA
1979.19791979198,0.646674585158614,log_CAA
1980.19801980198,0.64647599773583,log_CAA
1981.19811981198,0.646277442515534,log_CAA
1982.19821982198,0.646078919523922,log_CAA
1983.19831983198,0.645880428787141,log_CAA
1984.19841984198,0.64568197033129,log_CAA
1985.19851985199,0.645483544182421,log_CAA
1986.19861986199,0.645285150366539,log_CAA
1987.19871987199,0.645086788909601,log_CAA
1988.19881988199,0.644888459837517,log_CAA
1989.19891989199,0.644690163176149,log_CAA
1990.19901990199,0.644491898951312,log_CAA
1991.19911991199,0.644293667188774,log_CAA
1992.19921992199,0.644095467914257,log_CAA
1993.19931993199,0.643897301153434,log_CAA
1994.19941994199,0.643699166931932,log_CAA
1995.199519952,0.643501065275331,log_CAA
1996.199619962,0.643302996209164,log_CAA
1997.199719972,0.643104959758917,log_CAA
1998.199819982,0.642906955950029,log_CAA
1999.199919992,0.642708984807894,log_CAA
2000.200020002,0.642511046357858,log_CAA
2001.200120012,0.642313140625221,log_CAA
2002.200220022,0.642115267635234,log_CAA
2003.200320032,0.641917427413106,log_CAA
2004.200420042,0.641719619983997,log_CAA
2005.20052005201,0.64152184537302,log_CAA
2006.20062006201,0.641324103605244,log_CAA
2007.20072007201,0.641126394705689,log_CAA
2008.20082008201,0.640928718699332,log_CAA
2009.20092009201,0.640731075611102,log_CAA
2010.20102010201,0.640533465465882,log_CAA
2011.20112011201,0.640335888288509,log_CAA
2012.20122012201,0.640138344103777,log_CAA
2013.20132013201,0.639940832936428,log_CAA
2014.20142014201,0.639743354811165,log_CAA
2015.20152015202,0.639545909752642,log_CAA
2016.20162016202,0.639348497785466,log_CAA
2017.20172017202,0.639151118934201,log_CAA
2018.20182018202,0.638953773223365,log_CAA
2019.20192019202,0.638756460677429,log_CAA
2020.20202020202,0.638559181320821,log_CAA
2021.20212021202,0.638361935177921,log_CAA
2022.20222022202,0.638164722273066,log_CAA
2023.20232023202,0.637967542630546,log_CAA
2024.20242024202,0.637770396274608,log_CAA
2025.20252025203,0.637573283229451,log_CAA
2026.20262026203,0.637376203519232,log_CAA
2027.20272027203,0.637179157168061,log_CAA
2028.20282028203,0.636982144200004,log_CAA
2029.20292029203,0.636785164639081,log_CAA
2030.20302030203,0.636588218509268,log_CAA
2031.20312031203,0.636391305834497,log_CAA
2032.20322032203,0.636194426638653,log_CAA
2033.20332033203,0.63599758094558,log_CAA
2034.20342034203,0.635800768779075,log_CAA
2035.20352035204,0.63560399016289,log_CAA
2036.20362036204,0.635407245120733,log_CAA
2037.20372037204,0.635210533676269,log_CAA
2038.20382038204,0.635013855853118,log_CAA
2039.20392039204,0.634817211674854,log_CAA
2040.20402040204,0.634620601165009,log_CAA
2041.20412041204,0.63442402434707,log_CAA
2042.20422042204,0.634227481244481,log_CAA
2043.20432043204,0.634030971880639,log_CAA
2044.20442044204,0.6338344962789,log_CAA
2045.20452045205,0.633638054462575,log_CAA
2046.20462046205,0.63344164645493,log_CAA
2047.20472047205,0.633245272279191,log_CAA
2048.20482048205,0.633048931958534,log_CAA
2049.20492049205,0.632852625516098,log_CAA
2050.20502050205,0.632656352974973,log_CAA
2051.20512051205,0.632460114358209,log_CAA
2052.20522052205,0.632263909688811,log_CAA
2053.20532053205,0.63206773898974,log_CAA
2054.20542054205,0.631871602283915,log_CAA
2055.20552055206,0.63167549959421,log_CAA
2056.20562056206,0.631479430943458,log_CAA
2057.20572057206,0.631283396354446,log_CAA
2058.20582058206,0.63108739584992,log_CAA
2059.20592059206,0.630891429452583,log_CAA
2060.20602060206,0.630695497185092,log_CAA
2061.20612061206,0.630499599070064,log_CAA
2062.20622062206,0.630303735130073,log_CAA
2063.20632063206,0.630107905387648,log_CAA
2064.20642064206,0.629912109865276,log_CAA
2065.20652065207,0.629716348585403,log_CAA
2066.20662066207,0.62952062157043,log_CAA
2067.20672067207,0.629324928842716,log_CAA
2068.20682068207,0.629129270424578,log_CAA
2069.20692069207,0.628933646338289,log_CAA
2070.20702070207,0.628738056606082,log_CAA
2071.20712071207,0.628542501250145,log_CAA
2072.20722072207,0.628346980292625,log_CAA
2073.20732073207,0.628151493755627,log_CAA
2074.20742074207,0.627956041661212,log_CAA
2075.20752075208,0.6277606240314,log_CAA
2076.20762076208,0.62756524088817,log_CAA
2077.20772077208,0.627369892253455,log_CAA
2078.20782078208,0.62717457814915,log_CAA
2079.20792079208,0.626979298597107,log_CAA
2080.20802080208,0.626784053619135,log_CAA
2081.20812081208,0.626588843237001,log_CAA
2082.20822082208,0.626393667472432,log_CAA
2083.20832083208,0.626198526347111,log_CAA
2084.20842084208,0.626003419882681,log_CAA
2085.20852085209,0.625808348100742,log_CAA
2086.20862086209,0.625613311022854,log_CAA
2087.20872087209,0.625418308670534,log_CAA
2088.20882088209,0.625223341065257,log_CAA
2089.20892089209,0.625028408228459,log_CAA
2090.20902090209,0.624833510181531,log_CAA
2091.20912091209,0.624638646945827,log_CAA
2092.20922092209,0.624443818542657,log_CAA
2093.20932093209,0.624249024993289,log_CAA
2094.20942094209,0.624054266318952,log_CAA
2095.2095209521,0.623859542540833,log_CAA
2096.2096209621,0.623664853680077,log_CAA
2097.2097209721,0.62347019975779,log_CAA
2098.2098209821,0.623275580795034,log_CAA
2099.2099209921,0.623080996812834,log_CAA
2100.2100210021,0.622886447832171,log_CAA
2101.2101210121,0.622691933873987,log_CAA
2102.2102210221,0.622497454959181,log_CAA
2103.2103210321,0.622303011108613,log_CAA
2104.2104210421,0.622108602343104,log_CAA
2105.21052105211,0.621914228683431,log_CAA
2106.21062106211,0.621719890150332,log_CAA
2107.21072107211,0.621525586764506,log_CAA
2108.21082108211,0.621331318546608,log_CAA
2109.21092109211,0.621137085517256,log_CAA
2110.21102110211,0.620942887697026,log_CAA
2111.21112111211,0.620748725106454,log_CAA
2112.21122112211,0.620554597766036,log_CAA
2113.21132113211,0.620360505696228,log_CAA
2114.21142114211,0.620166448917446,log_CAA
2115.21152115212,0.619972427450064,log_CAA
2116.21162116212,0.619778441314418,log_CAA
2117.21172117212,0.619584490530805,log_CAA
2118.21182118212,0.619390575119479,log_CAA
2119.21192119212,0.619196695100656,log_CAA
2120.21202120212,0.619002850494512,log_CAA
2121.21212121212,0.618809041321184,log_CAA
2122.21222122212,0.618615267600768,log_CAA
2123.21232123212,0.618421529353321,log_CAA
2124.21242124212,0.61822782659886,log_CAA
2125.21252125213,0.618034159357362,log_CAA
2126.21262126213,0.617840527648767,log_CAA
2127.21272127213,0.617646931492972,log_CAA
2128.21282128213,0.617453370909838,log_CAA
2129.21292129213,0.617259845919184,log_CAA
2130.21302130213,0.617066356540791,log_CAA
2131.21312131213,0.6168729027944,log_CAA
2132.21322132213,0.616679484699714,log_CAA
2133.21332133213,0.616486102276396,log_CAA
2134.21342134213,0.61629275554407,log_CAA
2135.21352135214,0.616099444522322,log_CAA
2136.21362136214,0.615906169230696,log_CAA
2137.21372137214,0.615712929688701,log_CAA
2138.21382138214,0.615519725915805,log_CAA
2139.21392139214,0.615326557931437,log_CAA
2140.21402140214,0.615133425754987,log_CAA
2141.21412141214,0.614940329405809,log_CAA
2142.21422142214,0.614747268903214,log_CAA
2143.21432143214,0.614554244266478,log_CAA
2144.21442144214,0.614361255514836,log_CAA
2145.21452145215,0.614168302667487,log_CAA
2146.21462146215,0.613975385743588,log_CAA
2147.21472147215,0.613782504762262,log_CAA
2148.21482148215,0.613589659742589,log_CAA
2149.21492149215,0.613396850703615,log_CAA
2150.21502150215,0.613204077664344,log_CAA
2151.21512151215,0.613011340643744,log_CAA
2152.21522152215,0.612818639660743,log_CAA
2153.21532153215,0.612625974734234,log_CAA
2154.21542154215,0.61243334588307,log_CAA
2155.21552155216,0.612240753126064,log_CAA
2156.21562156216,0.612048196481995,log_CAA
2157.21572157216,0.611855675969601,log_CAA
2158.21582158216,0.611663191607583,log_CAA
2159.21592159216,0.611470743414605,log_CAA
2160.21602160216,0.611278331409292,log_CAA
2161.21612161216,0.611085955610232,log_CAA
2162.21622162216,0.610893616035976,log_CAA
2163.21632163216,0.610701312705035,log_CAA
2164.21642164216,0.610509045635886,log_CAA
2165.21652165217,0.610316814846964,log_CAA
2166.21662166217,0.61012462035667,log_CAA
2167.21672167217,0.609932462183366,log_CAA
2168.21682168217,0.609740340345378,log_CAA
2169.21692169217,0.609548254860993,log_CAA
2170.21702170217,0.609356205748462,log_CAA
2171.21712171217,0.609164193025997,log_CAA
2172.21722172217,0.608972216711775,log_CAA
2173.21732173217,0.608780276823935,log_CAA
2174.21742174217,0.608588373380577,log_CAA
2175.21752175217,0.608396506399768,log_CAA
2176.21762176218,0.608204675899534,log_CAA
2177.21772177218,0.608012881897866,log_CAA
2178.21782178218,0.607821124412719,log_CAA
2179.21792179218,0.607629403462008,log_CAA
2180.21802180218,0.607437719063614,log_CAA
2181.21812181218,0.607246071235381,log_CAA
2182.21822182218,0.607054459995114,log_CAA
2183.21832183218,0.606862885360585,log_CAA
2184.21842184218,0.606671347349526,log_CAA
2185.21852185219,0.606479845979633,log_CAA
2186.21862186219,0.606288381268568,log_CAA
2187.21872187219,0.606096953233954,log_CAA
2188.21882188219,0.605905561893378,log_CAA
2189.21892189219,0.605714207264392,log_CAA
2190.21902190219,0.605522889364509,log_CAA
2191.21912191219,0.605331608211208,log_CAA
2192.21922192219,0.605140363821931,log_CAA
2193.21932193219,0.604949156214084,log_CAA
2194.21942194219,0.604757985405037,log_CAA
2195.2195219522,0.604566851412123,log_CAA
2196.2196219622,0.604375754252639,log_CAA
2197.2197219722,0.604184693943848,log_CAA
2198.2198219822,0.603993670502975,log_CAA
2199.2199219922,0.603802683947208,log_CAA
2200.2200220022,0.603611734293703,log_CAA
2201.2201220122,0.603420821559578,log_CAA
2202.2202220222,0.603229945761913,log_CAA
2203.2203220322,0.603039106917755,log_CAA
2204.2204220422,0.602848305044117,log_CAA
2205.22052205221,0.602657540157972,log_CAA
2206.22062206221,0.602466812276259,log_CAA
2207.22072207221,0.602276121415884,log_CAA
2208.22082208221,0.602085467593713,log_CAA
2209.22092209221,0.601894850826581,log_CAA
2210.22102210221,0.601704271131285,log_CAA
2211.22112211221,0.601513728524588,log_CAA
2212.22122212221,0.601323223023215,log_CAA
2213.22132213221,0.601132754643859,log_CAA
2214.22142214221,0.600942323403175,log_CAA
2215.22152215222,0.600751929317786,log_CAA
2216.22162216222,0.600561572404278,log_CAA
2217.22172217222,0.6003712526792,log_CAA
2218.22182218222,0.60018097015907,log_CAA
2219.22192219222,0.599990724860368,log_CAA
2220.22202220222,0.59980051679954,log_CAA
2221.22212221222,0.599610345992998,log_CAA
2222.22222222222,0.599420212457117,log_CAA
2223.22232223222,0.599230116208238,log_CAA
2224.22242224222,0.599040057262669,log_CAA
2225.22252225223,0.598850035636682,log_CAA
2226.22262226223,0.598660051346513,log_CAA
2227.22272227223,0.598470104408365,log_CAA
2228.22282228223,0.598280194838406,log_CAA
2229.22292229223,0.598090322652769,log_CAA
2230.22302230223,0.597900487867554,log_CAA
2231.22312231223,0.597710690498824,log_CAA
2232.22322232223,0.597520930562611,log_CAA
2233.22332233223,0.597331208074909,log_CAA
2234.22342234223,0.597141523051679,log_CAA
2235.22352235224,0.59695187550885,log_CAA
2236.22362236224,0.596762265462313,log_CAA
2237.22372237224,0.596572692927928,log_CAA
2238.22382238224,0.596383157921518,log_CAA
2239.22392239224,0.596193660458874,log_CAA
2240.22402240224,0.596004200555753,log_CAA
2241.22412241224,0.595814778227876,log_CAA
2242.22422242224,0.595625393490932,log_CAA
2243.22432243224,0.595436046360575,log_CAA
2244.22442244224,0.595246736852426,log_CAA
2245.22452245225,0.595057464982072,log_CAA
2246.22462246225,0.594868230765065,log_CAA
2247.22472247225,0.594679034216923,log_CAA
2248.22482248225,0.594489875353134,log_CAA
2249.22492249225,0.594300754189148,log_CAA
2250.22502250225,0.594111670740383,log_CAA
2251.22512251225,0.593922625022224,log_CAA
2252.22522252225,0.593733617050021,log_CAA
2253.22532253225,0.593544646839093,log_CAA
2254.22542254225,0.593355714404723,log_CAA
2255.22552255226,0.593166819762162,log_CAA
2256.22562256226,0.592977962926627,log_CAA
2257.22572257226,0.592789143913302,log_CAA
2258.22582258226,0.592600362737337,log_CAA
2259.22592259226,0.59241161941385,log_CAA
2260.22602260226,0.592222913957925,log_CAA
2261.22612261226,0.592034246384613,log_CAA
2262.22622262226,0.591845616708933,log_CAA
2263.22632263226,0.591657024945867,log_CAA
2264.22642264226,0.591468471110369,log_CAA
2265.22652265227,0.591279955217358,log_CAA
2266.22662266227,0.59109147728172,log_CAA
2267.22672267227,0.590903037318306,log_CAA
2268.22682268227,0.590714635341938,log_CAA
2269.22692269227,0.590526271367403,log_CAA
2270.22702270227,0.590337945409455,log_CAA
2271.22712271227,0.590149657482816,log_CAA
2272.22722272227,0.589961407602176,log_CAA
2273.22732273227,0.58977319578219,log_CAA
2274.22742274227,0.589585022037483,log_CAA
2275.22752275228,0.589396886382646,log_CAA
2276.22762276228,0.589208788832239,log_CAA
2277.22772277228,0.589020729400786,log_CAA
2278.22782278228,0.588832708102783,log_CAA
2279.22792279228,0.58864472495269,log_CAA
2280.22802280228,0.588456779964937,log_CAA
2281.22812281228,0.588268873153921,log_CAA
2282.22822282228,0.588081004534006,log_CAA
2283.22832283228,0.587893174119524,log_CAA
2284.22842284228,0.587705381924777,log_CAA
2285.22852285229,0.587517627964032,log_CAA
2286.22862286229,0.587329912251524,log_CAA
2287.22872287229,0.587142234801458,log_CAA
2288.22882288229,0.586954595628006,log_CAA
2289.22892289229,0.586766994745307,log_CAA
2290.22902290229,0.586579432167469,log_CAA
2291.22912291229,0.586391907908569,log_CAA
2292.22922292229,0.58620442198265,log_CAA
2293.22932293229,0.586016974403725,log_CAA
2294.22942294229,0.585829565185775,log_CAA
2295.2295229523,0.585642194342749,log_CAA
2296.2296229623,0.585454861888563,log_CAA
2297.2297229723,0.585267567837103,log_CAA
2298.2298229823,0.585080312202223,log_CAA
2299.2299229923,0.584893094997746,log_CAA
2300.2300230023,0.584705916237462,log_CAA
2301.2301230123,0.58451877593513,log_CAA
2302.2302230223,0.584331674104479,log_CAA
2303.2303230323,0.584144610759205,log_CAA
2304.2304230423,0.583957585912973,log_CAA
2305.23052305231,0.583770599579417,log_CAA
2306.23062306231,0.583583651772139,log_CAA
2307.23072307231,0.583396742504711,log_CAA
2308.23082308231,0.583209871790672,log_CAA
2309.23092309231,0.583023039643532,log_CAA
2310.23102310231,0.582836246076768,log_CAA
2311.23112311231,0.582649491103827,log_CAA
2312.23122312231,0.582462774738124,log_CAA
2313.23132313231,0.582276096993045,log_CAA
2314.23142314231,0.582089457881943,log_CAA
2315.23152315232,0.58190285741814,log_CAA
2316.23162316232,0.581716295614928,log_CAA
2317.23172317232,0.581529772485569,log_CAA
2318.23182318232,0.581343288043292,log_CAA
2319.23192319232,0.581156842301297,log_CAA
2320.23202320232,0.580970435272753,log_CAA
2321.23212321232,0.580784066970797,log_CAA
2322.23222322232,0.580597737408538,log_CAA
2323.23232323232,0.580411446599051,log_CAA
2324.23242324232,0.580225194555383,log_CAA
2325.23252325233,0.580038981290549,log_CAA
2326.23262326233,0.579852806817535,log_CAA
2327.23272327233,0.579666671149295,log_CAA
2328.23282328233,0.579480574298754,log_CAA
2329.23292329233,0.579294516278806,log_CAA
2330.23302330233,0.579108497102313,log_CAA
2331.23312331233,0.57892251678211,log_CAA
2332.23322332233,0.578736575330999,log_CAA
2333.23332333233,0.578550672761752,log_CAA
2334.23342334233,0.578364809087114,log_CAA
2335.23352335234,0.578178984319796,log_CAA
2336.23362336234,0.57799319847248,log_CAA
2337.23372337234,0.57780745155782,log_CAA
2338.23382338234,0.577621743588436,log_CAA
2339.23392339234,0.577436074576921,log_CAA
2340.23402340234,0.577250444535838,log_CAA
2341.23412341234,0.57706485347772,log_CAA
2342.23422342234,0.576879301415067,log_CAA
2343.23432343234,0.576693788360355,log_CAA
2344.23442344234,0.576508314326024,log_CAA
2345.23452345235,0.576322879324489,log_CAA
2346.23462346235,0.576137483368132,log_CAA
2347.23472347235,0.575952126469308,log_CAA
2348.23482348235,0.575766808640341,log_CAA
2349.23492349235,0.575581529893525,log_CAA
2350.23502350235,0.575396290241126,log_CAA
2351.23512351235,0.575211089695377,log_CAA
2352.23522352235,0.575025928268486,log_CAA
2353.23532353235,0.57484080597263,log_CAA
2354.23542354235,0.574655722819954,log_CAA
2355.23552355236,0.574470678822577,log_CAA
2356.23562356236,0.574285673992586,log_CAA
2357.23572357236,0.574100708342042,log_CAA
2358.23582358236,0.573915781882973,log_CAA
2359.23592359236,0.573730894627381,log_CAA
2360.23602360236,0.573546046587237,log_CAA
2361.23612361236,0.573361237774482,log_CAA
2362.23622362236,0.57317646820103,log_CAA
2363.23632363236,0.572991737878765,log_CAA
2364.23642364236,0.572807046819542,log_CAA
2365.23652365237,0.572622395035186,log_CAA
2366.23662366237,0.572437782537496,log_CAA
2367.23672367237,0.572253209338238,log_CAA
2368.23682368237,0.572068675449152,log_CAA
2369.23692369237,0.571884180881949,log_CAA
2370.23702370237,0.571699725648309,log_CAA
2371.23712371237,0.571515309759885,log_CAA
2372.23722372237,0.571330933228302,log_CAA
2373.23732373237,0.571146596065155,log_CAA
2374.23742374237,0.57096229828201,log_CAA
2375.23752375238,0.570778039890405,log_CAA
2376.23762376238,0.570593820901849,log_CAA
2377.23772377238,0.570409641327824,log_CAA
2378.23782378238,0.570225501179782,log_CAA
2379.23792379238,0.570041400469146,log_CAA
2380.23802380238,0.569857339207311,log_CAA
2381.23812381238,0.569673317405645,log_CAA
2382.23822382238,0.569489335075486,log_CAA
2383.23832383238,0.569305392228145,log_CAA
2384.23842384238,0.569121488874902,log_CAA
2385.23852385239,0.568937625027012,log_CAA
2386.23862386239,0.568753800695701,log_CAA
2387.23872387239,0.568570015892165,log_CAA
2388.23882388239,0.568386270627573,log_CAA
2389.23892389239,0.568202564913066,log_CAA
2390.23902390239,0.568018898759757,log_CAA
2391.23912391239,0.567835272178731,log_CAA
2392.23922392239,0.567651685181045,log_CAA
2393.23932393239,0.567468137777726,log_CAA
2394.23942394239,0.567284629979777,log_CAA
2395.2395239524,0.567101161798169,log_CAA
2396.2396239624,0.566917733243849,log_CAA
2397.2397239724,0.566734344327733,log_CAA
2398.2398239824,0.56655099506071,log_CAA
2399.2399239924,0.566367685453642,log_CAA
2400.2400240024,0.566184415517363,log_CAA
2401.2401240124,0.566001185262679,log_CAA
2402.2402240224,0.565817994700369,log_CAA
2403.2403240324,0.565634843841184,log_CAA
2404.2404240424,0.565451732695846,log_CAA
2405.24052405241,0.565268661275052,log_CAA
2406.24062406241,0.56508562958947,log_CAA
2407.24072407241,0.56490263764974,log_CAA
2408.24082408241,0.564719685466476,log_CAA
2409.24092409241,0.564536773050264,log_CAA
2410.24102410241,0.564353900411662,log_CAA
2411.24112411241,0.564171067561202,log_CAA
2412.24122412241,0.563988274509386,log_CAA
2413.24132413241,0.563805521266693,log_CAA
2414.24142414241,0.56362280784357,log_CAA
2415.24152415242,0.563440134250442,log_CAA
2416.24162416242,0.563257500497701,log_CAA
2417.24172417242,0.563074906595716,log_CAA
2418.24182418242,0.562892352554829,log_CAA
2419.24192419242,0.562709838385351,log_CAA
2420.24202420242,0.562527364097571,log_CAA
2421.24212421242,0.562344929701747,log_CAA
2422.24222422242,0.562162535208113,log_CAA
2423.24232423242,0.561980180626874,log_CAA
2424.24242424242,0.561797865968209,log_CAA
2425.24252425243,0.56161559124227,log_CAA
2426.24262426243,0.561433356459182,log_CAA
2427.24272427243,0.561251161629044,log_CAA
2428.24282428243,0.561069006761927,log_CAA
2429.24292429243,0.560886891867876,log_CAA
2430.24302430243,0.560704816956909,log_CAA
2431.24312431243,0.560522782039018,log_CAA
2432.24322432243,0.560340787124168,log_CAA
2433.24332433243,0.560158832222297,log_CAA
2434.24342434243,0.559976917343317,log_CAA
2435.24352435244,0.559795042497114,log_CAA
2436.24362436244,0.559613207693545,log_CAA
2437.24372437244,0.559431412942444,log_CAA
2438.24382438244,0.559249658253616,log_CAA
2439.24392439244,0.559067943636841,log_CAA
2440.24402440244,0.558886269101873,log_CAA
2441.24412441244,0.558704634658438,log_CAA
2442.24422442244,0.558523040316236,log_CAA
2443.24432443244,0.558341486084943,log_CAA
2444.24442444244,0.558159971974206,log_CAA
2445.24452445245,0.557978497993647,log_CAA
2446.24462446245,0.557797064152862,log_CAA
2447.24472447245,0.557615670461421,log_CAA
2448.24482448245,0.557434316928867,log_CAA
2449.24492449245,0.557253003564719,log_CAA
2450.24502450245,0.557071730378468,log_CAA
2451.24512451245,0.556890497379578,log_CAA
2452.24522452245,0.556709304577491,log_CAA
2453.24532453245,0.556528151981619,log_CAA
2454.24542454245,0.556347039601352,log_CAA
2455.24552455246,0.556165967446049,log_CAA
2456.24562456246,0.555984935525049,log_CAA
2457.24572457246,0.555803943847661,log_CAA
2458.24582458246,0.55562299242317,log_CAA
2459.24592459246,0.555442081260834,log_CAA
2460.24602460246,0.555261210369888,log_CAA
2461.24612461246,0.55508037975954,log_CAA
2462.24622462246,0.554899589438969,log_CAA
2463.24632463246,0.554718839417335,log_CAA
2464.24642464246,0.554538129703766,log_CAA
2465.24652465247,0.55435746030737,log_CAA
2466.24662466247,0.554176831237224,log_CAA
2467.24672467247,0.553996242502385,log_CAA
2468.24682468247,0.553815694111881,log_CAA
2469.24692469247,0.553635186074715,log_CAA
2470.24702470247,0.553454718399866,log_CAA
2471.24712471247,0.553274291096287,log_CAA
2472.24722472247,0.553093904172906,log_CAA
2473.24732473247,0.552913557638624,log_CAA
2474.24742474247,0.55273325150232,log_CAA
2475.24752475248,0.552552985772845,log_CAA
2476.24762476248,0.552372760459025,log_CAA
2477.24772477248,0.552192575569663,log_CAA
2478.24782478248,0.552012431113536,log_CAA
2479.24792479248,0.551832327099394,log_CAA
2480.24802480248,0.551652263535964,log_CAA
2481.24812481248,0.551472240431948,log_CAA
2482.24822482248,0.551292257796023,log_CAA
2483.24832483248,0.551112315636839,log_CAA
2484.24842484248,0.550932413963024,log_CAA
2485.24852485249,0.550752552783179,log_CAA
2486.24862486249,0.550572732105881,log_CAA
2487.24872487249,0.550392951939683,log_CAA
2488.24882488249,0.550213212293112,log_CAA
2489.24892489249,0.550033513174671,log_CAA
2490.24902490249,0.549853854592837,log_CAA
2491.24912491249,0.549674236556063,log_CAA
2492.24922492249,0.549494659072779,log_CAA
2493.24932493249,0.549315122151388,log_CAA
2494.24942494249,0.54913562580027,log_CAA
2495.2495249525,0.548956170027779,log_CAA
2496.2496249625,0.548776754842247,log_CAA
2497.2497249725,0.548597380251977,log_CAA
2498.2498249825,0.548418046265253,log_CAA
2499.2499249925,0.548238752890331,log_CAA
2500.2500250025,0.548059500135442,log_CAA
2501.2501250125,0.547880288008797,log_CAA
2502.2502250225,0.547701116518578,log_CAA
2503.2503250325,0.547521985672944,log_CAA
2504.2504250425,0.547342895480032,log_CAA
2505.25052505251,0.547163845947951,log_CAA
2506.25062506251,0.54698483708479,log_CAA
2507.25072507251,0.54680586889861,log_CAA
2508.25082508251,0.54662694139745,log_CAA
2509.25092509251,0.546448054589323,log_CAA
2510.25102510251,0.546269208482222,log_CAA
2511.25112511251,0.54609040308411,log_CAA
2512.25122512251,0.545911638402931,log_CAA
2513.25132513251,0.545732914446604,log_CAA
2514.25142514251,0.545554231223021,log_CAA
2515.25152515252,0.545375588740053,log_CAA
2516.25162516252,0.545196987005546,log_CAA
2517.25172517252,0.545018426027324,log_CAA
2518.25182518252,0.544839905813184,log_CAA
2519.25192519252,0.544661426370902,log_CAA
2520.25202520252,0.544482987708228,log_CAA
2521.25212521252,0.544304589832889,log_CAA
2522.25222522252,0.54412623275259,log_CAA
2523.25232523252,0.543947916475009,log_CAA
2524.25242524252,0.543769641007804,log_CAA
2525.25252525253,0.543591406358607,log_CAA
2526.25262526253,0.543413212535026,log_CAA
2527.25272527253,0.543235059544647,log_CAA
2528.25282528253,0.543056947395032,log_CAA
2529.25292529253,0.542878876093719,log_CAA
2530.25302530253,0.542700845648223,log_CAA
2531.25312531253,0.542522856066036,log_CAA
2532.25322532253,0.542344907354625,log_CAA
2533.25332533253,0.542166999521434,log_CAA
2534.25342534253,0.541989132573887,log_CAA
2535.25352535254,0.541811306519378,log_CAA
2536.25362536254,0.541633521365285,log_CAA
2537.25372537254,0.541455777118958,log_CAA
2538.25382538254,0.541278073787724,log_CAA
2539.25392539254,0.541100411378889,log_CAA
2540.25402540254,0.540922789899735,log_CAA
2541.25412541254,0.54074520935752,log_CAA
2542.25422542254,0.540567669759479,log_CAA
2543.25432543254,0.540390171112825,log_CAA
2544.25442544254,0.540212713424747,log_CAA
2545.25452545255,0.540035296702411,log_CAA
2546.25462546255,0.539857920952961,log_CAA
2547.25472547255,0.539680586183516,log_CAA
2548.25482548255,0.539503292401174,log_CAA
2549.25492549255,0.539326039613008,log_CAA
2550.25502550255,0.539148827826072,log_CAA
2551.25512551255,0.538971657047393,log_CAA
2552.25522552255,0.538794527283977,log_CAA
2553.25532553255,0.538617438542807,log_CAA
2554.25542554255,0.538440390830843,log_CAA
2555.25552555256,0.538263384155023,log_CAA
2556.25562556256,0.538086418522262,log_CAA
2557.25572557256,0.537909493939451,log_CAA
2558.25582558256,0.53773261041346,log_CAA
2559.25592559256,0.537555767951135,log_CAA
2560.25602560256,0.537378966559302,log_CAA
2561.25612561256,0.537202206244761,log_CAA
2562.25622562256,0.537025487014292,log_CAA
2563.25632563256,0.536848808874652,log_CAA
2564.25642564256,0.536672171832573,log_CAA
2565.25652565257,0.536495575894769,log_CAA
2566.25662566257,0.536319021067927,log_CAA
2567.25672567257,0.536142507358716,log_CAA
2568.25682568257,0.535966034773779,log_CAA
2569.25692569257,0.535789603319739,log_CAA
2570.25702570257,0.535613213003196,log_CAA
2571.25712571257,0.535436863830726,log_CAA
2572.25722572257,0.535260555808886,log_CAA
2573.25732573257,0.535084288944208,log_CAA
2574.25742574257,0.534908063243203,log_CAA
2575.25752575258,0.53473187871236,log_CAA
2576.25762576258,0.534555735358146,log_CAA
2577.25772577258,0.534379633187004,log_CAA
2578.25782578258,0.534203572205358,log_CAA
2579.25792579258,0.534027552419607,log_CAA
2580.25802580258,0.533851573836131,log_CAA
2581.25812581258,0.533675636461284,log_CAA
2582.25822582258,0.533499740301402,log_CAA
2583.25832583258,0.533323885362797,log_CAA
2584.25842584258,0.533148071651759,log_CAA
2585.25852585259,0.532972299174557,log_CAA
2586.25862586259,0.532796567937438,log_CAA
2587.25872587259,0.532620877946626,log_CAA
2588.25882588259,0.532445229208325,log_CAA
2589.25892589259,0.532269621728716,log_CAA
2590.25902590259,0.532094055513959,log_CAA
2591.25912591259,0.531918530570191,log_CAA
2592.25922592259,0.531743046903529,log_CAA
2593.25932593259,0.531567604520067,log_CAA
2594.25942594259,0.531392203425878,log_CAA
2595.2595259526,0.531216843627014,log_CAA
2596.2596259626,0.531041525129503,log_CAA
2597.2597259726,0.530866247939355,log_CAA
2598.2598259826,0.530691012062556,log_CAA
2599.2599259926,0.53051581750507,log_CAA
2600.2600260026,0.530340664272842,log_CAA
2601.2601260126,0.530165552371794,log_CAA
2602.2602260226,0.529990481807827,log_CAA
2603.2603260326,0.52981545258682,log_CAA
2604.2604260426,0.529640464714631,log_CAA
2605.26052605261,0.529465518197097,log_CAA
2606.26062606261,0.529290613040034,log_CAA
2607.26072607261,0.529115749249234,log_CAA
2608.26082608261,0.528940926830473,log_CAA
2609.26092609261,0.5287661457895,log_CAA
2610.26102610261,0.528591406132048,log_CAA
2611.26112611261,0.528416707863824,log_CAA
2612.26122612261,0.528242050990517,log_CAA
2613.26132613261,0.528067435517795,log_CAA
2614.26142614261,0.527892861451302,log_CAA
2615.26152615262,0.527718328796665,log_CAA
2616.26162616262,0.527543837559488,log_CAA
2617.26172617262,0.527369387745352,log_CAA
2618.26182618262,0.52719497935982,log_CAA
2619.26192619262,0.527020612408433,log_CAA
2620.26202620262,0.52684628689671,log_CAA
2621.26212621262,0.526672002830153,log_CAA
2622.26222622262,0.526497760214237,log_CAA
2623.26232623262,0.526323559054421,log_CAA
2624.26242624262,0.526149399356141,log_CAA
2625.26252625263,0.525975281124814,log_CAA
2626.26262626263,0.525801204365834,log_CAA
2627.26272627263,0.525627169084576,log_CAA
2628.26282628263,0.525453175286393,log_CAA
2629.26292629263,0.525279222976618,log_CAA
2630.26302630263,0.525105312160564,log_CAA
2631.26312631263,0.524931442843522,log_CAA
2632.26322632263,0.524757615030763,log_CAA
2633.26332633263,0.524583828727538,log_CAA
2634.26342634263,0.524410083939076,log_CAA
2635.26352635264,0.524236380670588,log_CAA
2636.26362636264,0.524062718927261,log_CAA
2637.26372637264,0.523889098714265,log_CAA
2638.26382638264,0.523715520036746,log_CAA
2639.26392639264,0.523541982899834,log_CAA
2640.26402640264,0.523368487308635,log_CAA
2641.26412641264,0.523195033268235,log_CAA
2642.26422642264,0.523021620783702,log_CAA
2643.26432643264,0.522848249860081,log_CAA
2644.26442644264,0.522674920502398,log_CAA
2645.26452645265,0.522501632715659,log_CAA
2646.26462646265,0.522328386504849,log_CAA
2647.26472647265,0.522155181874934,log_CAA
2648.26482648265,0.521982018830858,log_CAA
2649.26492649265,0.521808897377546,log_CAA
2650.26502650265,0.521635817519902,log_CAA
2651.26512651265,0.521462779262812,log_CAA
2652.26522652265,0.52128978261114,log_CAA
2653.26532653265,0.521116827569729,log_CAA
2654.26542654265,0.520943914143406,log_CAA
2655.26552655266,0.520771042336973,log_CAA
2656.26562656266,0.520598212155216,log_CAA
2657.26572657266,0.520425423602898,log_CAA
2658.26582658266,0.520252676684765,log_CAA
2659.26592659266,0.52007997140554,log_CAA
2660.26602660266,0.51990730776993,log_CAA
2661.26612661266,0.519734685782618,log_CAA
2662.26622662266,0.519562105448269,log_CAA
2663.26632663266,0.51938956677153,log_CAA
2664.26642664266,0.519217069757025,log_CAA
2665.26652665267,0.51904461440936,log_CAA
2666.26662666267,0.518872200733122,log_CAA
2667.26672667267,0.518699828732876,log_CAA
2668.26682668267,0.518527498413169,log_CAA
2669.26692669267,0.518355209778528,log_CAA
2670.26702670267,0.518182962833461,log_CAA
2671.26712671267,0.518010757582456,log_CAA
2672.26722672267,0.51783859402998,log_CAA
2673.26732673267,0.517666472180482,log_CAA
2674.26742674267,0.517494392038392,log_CAA
2675.26752675268,0.517322353608118,log_CAA
2676.26762676268,0.517150356894052,log_CAA
2677.26772677268,0.516978401900564,log_CAA
2678.26782678268,0.516806488632006,log_CAA
2679.26792679268,0.516634617092709,log_CAA
2680.26802680268,0.516462787286985,log_CAA
2681.26812681268,0.516290999219128,log_CAA
2682.26822682268,0.516119252893413,log_CAA
2683.26832683268,0.515947548314092,log_CAA
2684.26842684268,0.515775885485403,log_CAA
2685.26852685269,0.51560426441156,log_CAA
2686.26862686269,0.515432685096761,log_CAA
2687.26872687269,0.515261147545183,log_CAA
2688.26882688269,0.515089651760985,log_CAA
2689.26892689269,0.514918197748307,log_CAA
2690.26902690269,0.514746785511267,log_CAA
2691.26912691269,0.514575415053968,log_CAA
2692.26922692269,0.514404086380492,log_CAA
2693.26932693269,0.514232799494901,log_CAA
2694.26942694269,0.514061554401239,log_CAA
2695.2695269527,0.513890351103532,log_CAA
2696.2696269627,0.513719189605785,log_CAA
2697.2697269727,0.513548069911985,log_CAA
2698.2698269827,0.513376992026101,log_CAA
2699.2699269927,0.513205955952081,log_CAA
2700.2700270027,0.513034961693856,log_CAA
2701.2701270127,0.512864009255338,log_CAA
2702.2702270227,0.512693098640419,log_CAA
2703.2703270327,0.512522229852973,log_CAA
2704.2704270427,0.512351402896855,log_CAA
2705.27052705271,0.5121806177759,log_CAA
2706.27062706271,0.512009874493928,log_CAA
2707.27072707271,0.511839173054736,log_CAA
2708.27082708271,0.511668513462106,log_CAA
2709.27092709271,0.511497895719797,log_CAA
2710.27102710271,0.511327319831553,log_CAA
2711.27112711271,0.511156785801099,log_CAA
2712.27122712271,0.51098629363214,log_CAA
2713.27132713271,0.510815843328363,log_CAA
2714.27142714271,0.510645434893437,log_CAA
2715.27152715272,0.510475068331012,log_CAA
2716.27162716272,0.510304743644719,log_CAA
2717.27172717272,0.510134460838171,log_CAA
2718.27182718272,0.509964219914963,log_CAA
2719.27192719272,0.509794020878672,log_CAA
2720.27202720272,0.509623863732854,log_CAA
2721.27212721272,0.50945374848105,log_CAA
2722.27222722272,0.509283675126781,log_CAA
2723.27232723272,0.509113643673549,log_CAA
2724.27242724272,0.508943654124838,log_CAA
2725.27252725273,0.508773706484116,log_CAA
2726.27262726273,0.50860380075483,log_CAA
2727.27272727273,0.508433936940409,log_CAA
2728.27282728273,0.508264115044265,log_CAA
2729.27292729273,0.508094335069791,log_CAA
2730.27302730273,0.507924597020363,log_CAA
2731.27312731273,0.507754900899338,log_CAA
2732.27322732273,0.507585246710053,log_CAA
2733.27332733273,0.507415634455831,log_CAA
2734.27342734273,0.507246064139974,log_CAA
2735.27352735274,0.507076535765766,log_CAA
2736.27362736274,0.506907049336475,log_CAA
2737.27372737274,0.506737604855348,log_CAA
2738.27382738274,0.506568202325617,log_CAA
2739.27392739274,0.506398841750494,log_CAA
2740.27402740274,0.506229523133174,log_CAA
2741.27412741274,0.506060246476834,log_CAA
2742.27422742274,0.505891011784633,log_CAA
2743.27432743274,0.505721819059713,log_CAA
2744.27442744274,0.505552668305195,log_CAA
2745.27452745275,0.505383559524187,log_CAA
2746.27462746275,0.505214492719775,log_CAA
2747.27472747275,0.50504546789503,log_CAA
2748.27482748275,0.504876485053004,log_CAA
2749.27492749275,0.50470754419673,log_CAA
2750.27502750275,0.504538645329227,log_CAA
2751.27512751275,0.504369788453493,log_CAA
2752.27522752275,0.50420097357251,log_CAA
2753.27532753275,0.504032200689241,log_CAA
2754.27542754275,0.503863469806633,log_CAA
2755.27552755276,0.503694780927614,log_CAA
2756.27562756276,0.503526134055096,log_CAA
2757.27572757276,0.503357529191971,log_CAA
2758.27582758276,0.503188966341116,log_CAA
2759.27592759276,0.50302044550539,log_CAA
2760.27602760276,0.502851966687633,log_CAA
2761.27612761276,0.50268352989067,log_CAA
2762.27622762276,0.502515135117305,log_CAA
2763.27632763276,0.502346782370329,log_CAA
2764.27642764276,0.502178471652512,log_CAA
2765.27652765277,0.502010202966608,log_CAA
2766.27662766277,0.501841976315355,log_CAA
2767.27672767277,0.501673791701471,log_CAA
2768.27682768277,0.501505649127659,log_CAA
2769.27692769277,0.501337548596604,log_CAA
2770.27702770277,0.501169490110972,log_CAA
2771.27712771277,0.501001473673415,log_CAA
2772.27722772277,0.500833499286565,log_CAA
2773.27732773277,0.500665566953039,log_CAA
2774.27742774277,0.500497676675436,log_CAA
2775.27752775278,0.500329828456336,log_CAA
2776.27762776278,0.500162022298305,log_CAA
2777.27772777278,0.49999425820389,log_CAA
2778.27782778278,0.499826536175622,log_CAA
2779.27792779278,0.499658856216014,log_CAA
2780.27802780278,0.499491218327562,log_CAA
2781.27812781278,0.499323622512745,log_CAA
2782.27822782278,0.499156068774027,log_CAA
2783.27832783278,0.498988557113852,log_CAA
2784.27842784278,0.498821087534649,log_CAA
2785.27852785279,0.498653660038829,log_CAA
2786.27862786279,0.498486274628787,log_CAA
2787.27872787279,0.498318931306901,log_CAA
2788.27882788279,0.498151630075532,log_CAA
2789.27892789279,0.497984370937024,log_CAA
2790.27902790279,0.497817153893704,log_CAA
2791.27912791279,0.497649978947883,log_CAA
2792.27922792279,0.497482846101854,log_CAA
2793.27932793279,0.497315755357896,log_CAA
2794.27942794279,0.497148706718266,log_CAA
2795.2795279528,0.496981700185211,log_CAA
2796.2796279628,0.496814735760956,log_CAA
2797.2797279728,0.496647813447712,log_CAA
2798.2798279828,0.496480933247672,log_CAA
2799.2799279928,0.496314095163014,log_CAA
2800.2800280028,0.496147299195898,log_CAA
2801.2801280128,0.495980545348467,log_CAA
2802.2802280228,0.49581383362285,log_CAA
2803.2803280328,0.495647164021157,log_CAA
2804.2804280428,0.495480536545483,log_CAA
2805.28052805281,0.495313951197904,log_CAA
2806.28062806281,0.495147407980483,log_CAA
2807.28072807281,0.494980906895265,log_CAA
2808.28082808281,0.494814447944278,log_CAA
2809.28092809281,0.494648031129535,log_CAA
2810.28102810281,0.49448165645303,log_CAA
2811.28112811281,0.494315323916744,log_CAA
2812.28122812281,0.494149033522639,log_CAA
2813.28132813281,0.493982785272663,log_CAA
2814.28142814281,0.493816579168746,log_CAA
2815.28152815282,0.493650415212802,log_CAA
2816.28162816282,0.493484293406729,log_CAA
2817.28172817282,0.493318213752409,log_CAA
2818.28182818282,0.493152176251707,log_CAA
2819.28192819282,0.492986180906473,log_CAA
2820.28202820282,0.49282022771854,log_CAA
2821.28212821282,0.492654316689724,log_CAA
2822.28222822282,0.492488447821828,log_CAA
2823.28232823282,0.492322621116636,log_CAA
2824.28242824282,0.492156836575916,log_CAA
2825.28252825283,0.491991094201422,log_CAA
2826.28262826283,0.491825393994889,log_CAA
2827.28272827283,0.49165973595804,log_CAA
2828.28282828283,0.491494120092577,log_CAA
2829.28292829283,0.491328546400191,log_CAA
2830.28302830283,0.491163014882553,log_CAA
2831.28312831283,0.490997525541321,log_CAA
2832.28322832283,0.490832078378135,log_CAA
2833.28332833283,0.490666673394621,log_CAA
2834.28342834283,0.490501310592388,log_CAA
2835.28352835284,0.490335989973029,log_CAA
2836.28362836284,0.49017071153812,log_CAA
2837.28372837284,0.490005475289226,log_CAA
2838.28382838284,0.489840281227889,log_CAA
2839.28392839284,0.489675129355642,log_CAA
2840.28402840284,0.489510019673999,log_CAA
2841.28412841284,0.489344952184457,log_CAA
2842.28422842284,0.489179926888501,log_CAA
2843.28432843284,0.489014943787596,log_CAA
2844.28442844284,0.488850002883196,log_CAA
2845.28452845285,0.488685104176735,log_CAA
2846.28462846285,0.488520247669634,log_CAA
2847.28472847285,0.488355433363299,log_CAA
2848.28482848285,0.488190661259117,log_CAA
2849.28492849285,0.488025931358462,log_CAA
2850.28502850285,0.487861243662693,log_CAA
2851.28512851285,0.487696598173152,log_CAA
2852.28522852285,0.487531994891166,log_CAA
2853.28532853285,0.487367433818047,log_CAA
2854.28542854285,0.48720291495509,log_CAA
2855.28552855286,0.487038438303577,log_CAA
2856.28562856286,0.486874003864772,log_CAA
2857.28572857286,0.486709611639925,log_CAA
2858.28582858286,0.486545261630271,log_CAA
2859.28592859286,0.486380953837029,log_CAA
2860.28602860286,0.486216688261402,log_CAA
2861.28612861286,0.486052464904579,log_CAA
2862.28622862286,0.485888283767733,log_CAA
2863.28632863286,0.485724144852023,log_CAA
2864.28642864286,0.485560048158589,log_CAA
2865.28652865287,0.48539599368856,log_CAA
2866.28662866287,0.485231981443048,log_CAA
2867.28672867287,0.48506801142315,log_CAA
2868.28682868287,0.484904083629948,log_CAA
2869.28692869287,0.484740198064507,log_CAA
2870.28702870287,0.48457635472788,log_CAA
2871.28712871287,0.484412553621103,log_CAA
2872.28722872287,0.484248794745197,log_CAA
2873.28732873287,0.484085078101168,log_CAA
2874.28742874287,0.483921403690008,log_CAA
2875.28752875288,0.483757771512691,log_CAA
2876.28762876288,0.48359418157018,log_CAA
2877.28772877288,0.48343063386342,log_CAA
2878.28782878288,0.483267128393343,log_CAA
2879.28792879288,0.483103665160864,log_CAA
2880.28802880288,0.482940244166884,log_CAA
2881.28812881288,0.48277686541229,log_CAA
2882.28822882288,0.482613528897953,log_CAA
2883.28832883288,0.48245023462473,log_CAA
2884.28842884288,0.482286982593461,log_CAA
2885.28852885289,0.482123772804974,log_CAA
2886.28862886289,0.481960605260081,log_CAA
2887.28872887289,0.481797479959578,log_CAA
2888.28882888289,0.481634396904248,log_CAA
2889.28892889289,0.481471356094858,log_CAA
2890.28902890289,0.481308357532161,log_CAA
2891.28912891289,0.481145401216896,log_CAA
2892.28922892289,0.480982487149785,log_CAA
2893.28932893289,0.480819615331537,log_CAA
2894.28942894289,0.480656785762846,log_CAA
2895.2895289529,0.480493998444392,log_CAA
2896.2896289629,0.480331253376838,log_CAA
2897.2897289729,0.480168550560836,log_CAA
2898.2898289829,0.480005889997021,log_CAA
2899.2899289929,0.479843271686012,log_CAA
2900.2900290029,0.479680695628418,log_CAA
2901.2901290129,0.47951816182483,log_CAA
2902.2902290229,0.479355670275824,log_CAA
2903.2903290329,0.479193220981964,log_CAA
2904.2904290429,0.479030813943798,log_CAA
2905.29052905291,0.478868449161859,log_CAA
2906.29062906291,0.478706126636669,log_CAA
2907.29072907291,0.47854384636873,log_CAA
2908.29082908291,0.478381608358534,log_CAA
2909.29092909291,0.478219412606558,log_CAA
2910.29102910291,0.478057259113262,log_CAA
2911.29112911291,0.477895147879094,log_CAA
2912.29122912291,0.477733078904488,log_CAA
2913.29132913291,0.477571052189863,log_CAA
2914.29142914291,0.477409067735622,log_CAA
2915.29152915292,0.477247125542157,log_CAA
2916.29162916292,0.477085225609843,log_CAA
2917.29172917292,0.476923367939041,log_CAA
2918.29182918292,0.476761552530101,log_CAA
2919.29192919292,0.476599779383355,log_CAA
2920.29202920292,0.476438048499121,log_CAA
2921.29212921292,0.476276359877707,log_CAA
2922.29222922292,0.476114713519401,log_CAA
2923.29232923292,0.475953109424481,log_CAA
2924.29242924292,0.47579154759321,log_CAA
2925.29252925293,0.475630028025837,log_CAA
2926.29262926293,0.475468550722595,log_CAA
2927.29272927293,0.475307115683705,log_CAA
2928.29282928293,0.475145722909375,log_CAA
2929.29292929293,0.474984372399795,log_CAA
2930.29302930293,0.474823064155146,log_CAA
2931.29312931293,0.47466179817559,log_CAA
2932.29322932293,0.474500574461279,log_CAA
2933.29332933293,0.47433939301235,log_CAA
2934.29342934293,0.474178253828925,log_CAA
2935.29352935294,0.474017156911112,log_CAA
2936.29362936294,0.473856102259007,log_CAA
2937.29372937294,0.473695089872691,log_CAA
2938.29382938294,0.473534119752231,log_CAA
2939.29392939294,0.47337319189768,log_CAA
2940.29402940294,0.473212306309078,log_CAA
2941.29412941294,0.473051462986451,log_CAA
2942.29422942294,0.47289066192981,log_CAA
2943.29432943294,0.472729903139154,log_CAA
2944.29442944294,0.472569186614468,log_CAA
2945.29452945295,0.472408512355721,log_CAA
2946.29462946295,0.472247880362872,log_CAA
2947.29472947295,0.472087290635864,log_CAA
2948.29482948295,0.471926743174626,log_CAA
2949.29492949295,0.471766237979074,log_CAA
2950.29502950295,0.471605775049112,log_CAA
2951.29512951295,0.471445354384627,log_CAA
2952.29522952295,0.471284975985496,log_CAA
2953.29532953295,0.471124639851579,log_CAA
2954.29542954295,0.470964345982725,log_CAA
2955.29552955296,0.470804094378769,log_CAA
2956.29562956296,0.470643885039532,log_CAA
2957.29572957296,0.470483717964821,log_CAA
2958.29582958296,0.47032359315443,log_CAA
2959.29592959296,0.470163510608141,log_CAA
2960.29602960296,0.47000347032572,log_CAA
2961.29612961296,0.46984347230692,log_CAA
2962.29622962296,0.469683516551483,log_CAA
2963.29632963296,0.469523603059136,log_CAA
2964.29642964296,0.469363731829591,log_CAA
2965.29652965297,0.46920390286255,log_CAA
2966.29662966297,0.469044116157698,log_CAA
2967.29672967297,0.468884371714711,log_CAA
2968.29682968297,0.468724669533247,log_CAA
2969.29692969297,0.468565009612954,log_CAA
2970.29702970297,0.468405391953466,log_CAA
2971.29712971297,0.468245816554402,log_CAA
2972.29722972297,0.468086283415371,log_CAA
2973.29732973297,0.467926792535966,log_CAA
2974.29742974297,0.467767343915769,log_CAA
2975.29752975298,0.467607937554345,log_CAA
2976.29762976298,0.467448573451251,log_CAA
2977.29772977298,0.467289251606028,log_CAA
2978.29782978298,0.467129972018202,log_CAA
2979.29792979298,0.466970734687291,log_CAA
2980.29802980298,0.466811539612795,log_CAA
2981.29812981298,0.466652386794204,log_CAA
2982.29822982298,0.466493276230993,log_CAA
2983.29832983298,0.466334207922625,log_CAA
2984.29842984298,0.46617518186855,log_CAA
2985.29852985299,0.466016198068205,log_CAA
2986.29862986299,0.465857256521013,log_CAA
2987.29872987299,0.465698357226386,log_CAA
2988.29882988299,0.46553950018372,log_CAA
2989.29892989299,0.465380685392402,log_CAA
2990.29902990299,0.465221912851802,log_CAA
2991.29912991299,0.465063182561281,log_CAA
2992.29922992299,0.464904494520183,log_CAA
2993.29932993299,0.464745848727843,log_CAA
2994.29942994299,0.464587245183581,log_CAA
2995.299529953,0.464428683886705,log_CAA
2996.299629963,0.464270164836509,log_CAA
2997.299729973,0.464111688032276,log_CAA
2998.299829983,0.463953253473274,log_CAA
2999.299929993,0.46379486115876,log_CAA
3000.300030003,0.463636511087978,log_CAA
3001.300130013,0.463478203260159,log_CAA
3002.300230023,0.46331993767452,log_CAA
3003.300330033,0.463161714330269,log_CAA
3004.300430043,0.463003533226596,log_CAA
3005.30053005301,0.462845394362684,log_CAA
3006.30063006301,0.462687297737698,log_CAA
3007.30073007301,0.462529243350795,log_CAA
3008.30083008301,0.462371231201116,log_CAA
3009.30093009301,0.462213261287791,log_CAA
3010.30103010301,0.462055333609938,log_CAA
3011.30113011301,0.46189744816666,log_CAA
3012.30123012301,0.46173960495705,log_CAA
3013.30133013301,0.461581803980188,log_CAA
3014.30143014301,0.46142404523514,log_CAA
3015.30153015302,0.461266328720961,log_CAA
3016.30163016302,0.461108654436692,log_CAA
3017.30173017302,0.460951022381364,log_CAA
3018.30183018302,0.460793432553993,log_CAA
3019.30193019302,0.460635884953584,log_CAA
3020.30203020302,0.46047837957913,log_CAA
3021.30213021302,0.46032091642961,log_CAA
3022.30223022302,0.460163495503991,log_CAA
3023.30233023302,0.460006116801229,log_CAA
3024.30243024302,0.459848780320267,log_CAA
3025.30253025303,0.459691486060034,log_CAA
3026.30263026303,0.45953423401945,log_CAA
3027.30273027303,0.459377024197419,log_CAA
3028.30283028303,0.459219856592835,log_CAA
3029.30293029303,0.45906273120458,log_CAA
3030.30303030303,0.458905648031523,log_CAA
3031.30313031303,0.45874860707252,log_CAA
3032.30323032303,0.458591608326416,log_CAA
3033.30333033303,0.458434651792043,log_CAA
3034.30343034303,0.458277737468221,log_CAA
3035.30353035304,0.458120865353759,log_CAA
3036.30363036304,0.457964035447453,log_CAA
3037.30373037304,0.457807247748085,log_CAA
3038.30383038304,0.457650502254428,log_CAA
3039.30393039304,0.457493798965242,log_CAA
3040.30403040304,0.457337137879273,log_CAA
3041.30413041304,0.457180518995256,log_CAA
3042.30423042304,0.457023942311916,log_CAA
3043.30433043304,0.456867407827964,log_CAA
3044.30443044304,0.456710915542098,log_CAA
3045.30453045305,0.456554465453007,log_CAA
3046.30463046305,0.456398057559364,log_CAA
3047.30473047305,0.456241691859835,log_CAA
3048.30483048305,0.456085368353068,log_CAA
3049.30493049305,0.455929087037706,log_CAA
3050.30503050305,0.455772847912373,log_CAA
3051.30513051305,0.455616650975687,log_CAA
3052.30523052305,0.455460496226251,log_CAA
3053.30533053305,0.455304383662657,log_CAA
3054.30543054305,0.455148313283484,log_CAA
3055.30553055306,0.454992285087301,log_CAA
3056.30563056306,0.454836299072664,log_CAA
3057.30573057306,0.454680355238117,log_CAA
3058.30583058306,0.454524453582193,log_CAA
3059.30593059306,0.454368594103413,log_CAA
3060.30603060306,0.454212776800286,log_CAA
3061.30613061306,0.45405700167131,log_CAA
3062.30623062306,0.453901268714969,log_CAA
3063.30633063306,0.453745577929738,log_CAA
3064.30643064306,0.453589929314079,log_CAA
3065.30653065307,0.453434322866443,log_CAA
3066.30663066307,0.453278758585267,log_CAA
3067.30673067307,0.453123236468981,log_CAA
3068.30683068307,0.452967756515999,log_CAA
3069.30693069307,0.452812318724725,log_CAA
3070.30703070307,0.452656923093551,log_CAA
3071.30713071307,0.452501569620858,log_CAA
3072.30723072307,0.452346258305015,log_CAA
3073.30733073307,0.452190989144381,log_CAA
3074.30743074307,0.4520357621373,log_CAA
3075.30753075308,0.451880577282108,log_CAA
3076.30763076308,0.451725434577127,log_CAA
3077.30773077308,0.451570334020669,log_CAA
3078.30783078308,0.451415275611035,log_CAA
3079.30793079308,0.451260259346512,log_CAA
3080.30803080308,0.451105285225377,log_CAA
3081.30813081308,0.450950353245897,log_CAA
3082.30823082308,0.450795463406326,log_CAA
3083.30833083308,0.450640615704906,log_CAA
3084.30843084308,0.450485810139869,log_CAA
3085.30853085309,0.450331046709435,log_CAA
3086.30863086309,0.450176325411813,log_CAA
3087.30873087309,0.4500216462452,log_CAA
3088.30883088309,0.449867009207783,log_CAA
3089.30893089309,0.449712414297735,log_CAA
3090.30903090309,0.449557861513221,log_CAA
3091.30913091309,0.449403350852393,log_CAA
3092.30923092309,0.449248882313391,log_CAA
3093.30933093309,0.449094455894346,log_CAA
3094.30943094309,0.448940071593375,log_CAA
3095.3095309531,0.448785729408586,log_CAA
3096.3096309631,0.448631429338075,log_CAA
3097.3097309731,0.448477171379927,log_CAA
3098.3098309831,0.448322955532215,log_CAA
3099.3099309931,0.448168781793002,log_CAA
3100.3100310031,0.448014650160339,log_CAA
3101.3101310131,0.447860560632267,log_CAA
3102.3102310231,0.447706513206814,log_CAA
3103.3103310331,0.447552507881999,log_CAA
3104.3104310431,0.447398544655828,log_CAA
3105.31053105311,0.447244623526297,log_CAA
3106.31063106311,0.447090744491391,log_CAA
3107.31073107311,0.446936907549084,log_CAA
3108.31083108311,0.446783112697339,log_CAA
3109.31093109311,0.446629359934106,log_CAA
3110.31103110311,0.446475649257328,log_CAA
3111.31113111311,0.446321980664934,log_CAA
3112.31123112311,0.446168354154842,log_CAA
3113.31133113311,0.44601476972496,log_CAA
3114.31143114311,0.445861227373186,log_CAA
3115.31153115312,0.445707727097404,log_CAA
3116.31163116312,0.445554268895492,log_CAA
3117.31173117312,0.445400852765311,log_CAA
3118.31183118312,0.445247478704717,log_CAA
3119.31193119312,0.44509414671155,log_CAA
3120.31203120312,0.444940856783644,log_CAA
3121.31213121312,0.444787608918818,log_CAA
3122.31223122312,0.444634403114883,log_CAA
3123.31233123312,0.444481239369638,log_CAA
3124.31243124312,0.444328117680871,log_CAA
3125.31253125313,0.44417503804636,log_CAA
3126.31263126313,0.444022000463871,log_CAA
3127.31273127313,0.443869004931162,log_CAA
3128.31283128313,0.443716051445976,log_CAA
3129.31293129313,0.44356314000605,log_CAA
3130.31303130313,0.443410270609106,log_CAA
3131.31313131313,0.443257443252859,log_CAA
3132.31323132313,0.44310465793501,log_CAA
3133.31333133313,0.442951914653252,log_CAA
3134.31343134313,0.442799213405266,log_CAA
3135.31353135314,0.442646554188723,log_CAA
3136.31363136314,0.442493937001283,log_CAA
3137.31373137314,0.442341361840596,log_CAA
3138.31383138314,0.442188828704299,log_CAA
3139.31393139314,0.442036337590023,log_CAA
3140.31403140314,0.441883888495384,log_CAA
3141.31413141314,0.44173148141799,log_CAA
3142.31423142314,0.441579116355437,log_CAA
3143.31433143314,0.441426793305313,log_CAA
3144.31443144314,0.441274512265191,log_CAA
3145.31453145315,0.441122273232639,log_CAA
3146.31463146315,0.440970076205211,log_CAA
3147.31473147315,0.44081792118045,log_CAA
3148.31483148315,0.440665808155892,log_CAA
3149.31493149315,0.440513737129058,log_CAA
3150.31503150315,0.440361708097464,log_CAA
3151.31513151315,0.44020972105861,log_CAA
3152.31523152315,0.44005777600999,log_CAA
3153.31533153315,0.439905872949086,log_CAA
3154.31543154315,0.439754011873369,log_CAA
3155.31553155316,0.4396021927803,log_CAA
3156.31563156316,0.43945041566733,log_CAA
3157.31573157316,0.439298680531901,log_CAA
3158.31583158316,0.439146987371441,log_CAA
3159.31593159316,0.438995336183372,log_CAA
3160.31603160316,0.438843726965103,log_CAA
3161.31613161316,0.438692159714034,log_CAA
3162.31623162316,0.438540634427554,log_CAA
3163.31633163316,0.438389151103041,log_CAA
3164.31643164316,0.438237709737866,log_CAA
3165.31653165317,0.438086310329387,log_CAA
3166.31663166317,0.437934952874951,log_CAA
3167.31673167317,0.437783637371898,log_CAA
3168.31683168317,0.437632363817556,log_CAA
3169.31693169317,0.437481132209242,log_CAA
3170.31703170317,0.437329942544265,log_CAA
3171.31713171317,0.437178794819922,log_CAA
3172.31723172317,0.437027689033502,log_CAA
3173.31733173317,0.436876625182281,log_CAA
3174.31743174317,0.436725603263528,log_CAA
3175.31753175318,0.436574623274499,log_CAA
3176.31763176318,0.436423685212442,log_CAA
3177.31773177318,0.436272789074596,log_CAA
3178.31783178318,0.436121934858186,log_CAA
3179.31793179318,0.435971122560431,log_CAA
3180.31803180318,0.435820352178538,log_CAA
3181.31813181318,0.435669623709704,log_CAA
3182.31823182318,0.435518937151118,log_CAA
3183.31833183318,0.435368292499955,log_CAA
3184.31843184318,0.435217689753385,log_CAA
3185.31853185319,0.435067128908565,log_CAA
3186.31863186319,0.434916609962642,log_CAA
3187.31873187319,0.434766132912755,log_CAA
3188.31883188319,0.434615697756032,log_CAA
3189.31893189319,0.43446530448959,log_CAA
3190.31903190319,0.434314953110538,log_CAA
3191.31913191319,0.434164643615975,log_CAA
3192.31923192319,0.43401437600299,log_CAA
3193.31933193319,0.43386415026866,log_CAA
3194.31943194319,0.433713966410056,log_CAA
3195.3195319532,0.433563824424236,log_CAA
3196.3196319632,0.43341372430825,log_CAA
3197.3197319732,0.433263666059139,log_CAA
3198.3198319832,0.433113649673931,log_CAA
3199.3199319932,0.432963675149647,log_CAA
3200.3200320032,0.432813742483298,log_CAA
3201.3201320132,0.432663851671885,log_CAA
3202.3202320232,0.432514002712398,log_CAA
3203.3203320332,0.43236419560182,log_CAA
3204.3204320432,0.432214430337123,log_CAA
3205.32053205321,0.432064706915267,log_CAA
3206.32063206321,0.431915025333207,log_CAA
3207.32073207321,0.431765385587886,log_CAA
3208.32083208321,0.431615787676235,log_CAA
3209.32093209321,0.431466231595181,log_CAA
3210.32103210321,0.431316717341635,log_CAA
3211.32113211321,0.431167244912504,log_CAA
3212.32123212321,0.431017814304682,log_CAA
3213.32133213321,0.430868425515055,log_CAA
3214.32143214321,0.430719078540499,log_CAA
3215.32153215322,0.43056977337788,log_CAA
3216.32163216322,0.430420510024055,log_CAA
3217.32173217322,0.430271288475873,log_CAA
3218.32183218322,0.43012210873017,log_CAA
3219.32193219322,0.429972970783776,log_CAA
3220.32203220322,0.42982387463351,log_CAA
3221.32213221322,0.429674820276182,log_CAA
3222.32223222322,0.429525807708591,log_CAA
3223.32233223322,0.429376836927529,log_CAA
3224.32243224322,0.429227907929777,log_CAA
3225.32253225323,0.429079020712108,log_CAA
3226.32263226323,0.428930175271284,log_CAA
3227.32273227323,0.428781371604058,log_CAA
3228.32283228323,0.428632609707175,log_CAA
3229.32293229323,0.42848388957737,log_CAA
3230.32303230323,0.428335211211367,log_CAA
3231.32313231323,0.428186574605883,log_CAA
3232.32323232323,0.428037979757625,log_CAA
3233.32333233323,0.42788942666329,log_CAA
3234.32343234323,0.427740915319567,log_CAA
3235.32353235324,0.427592445723135,log_CAA
3236.32363236324,0.427444017870663,log_CAA
3237.32373237324,0.427295631758812,log_CAA
3238.32383238324,0.427147287384234,log_CAA
3239.32393239324,0.426998984743571,log_CAA
3240.32403240324,0.426850723833455,log_CAA
3241.32413241324,0.426702504650511,log_CAA
3242.32423242324,0.426554327191354,log_CAA
3243.32433243324,0.426406191452587,log_CAA
3244.32443244324,0.42625809743081,log_CAA
3245.32453245325,0.426110045122607,log_CAA
3246.32463246325,0.425962034524558,log_CAA
3247.32473247325,0.425814065633232,log_CAA
3248.32483248325,0.425666138445189,log_CAA
3249.32493249325,0.425518252956979,log_CAA
3250.32503250325,0.425370409165145,log_CAA
3251.32513251325,0.425222607066219,log_CAA
3252.32523252325,0.425074846656725,log_CAA
3253.32533253325,0.424927127933178,log_CAA
3254.32543254325,0.424779450892084,log_CAA
3255.32553255326,0.424631815529939,log_CAA
3256.32563256326,0.424484221843232,log_CAA
3257.32573257326,0.42433666982844,log_CAA
3258.32583258326,0.424189159482035,log_CAA
3259.32593259326,0.424041690800476,log_CAA
3260.32603260326,0.423894263780217,log_CAA
3261.32613261326,0.423746878417699,log_CAA
3262.32623262326,0.423599534709358,log_CAA
3263.32633263326,0.423452232651619,log_CAA
3264.32643264326,0.423304972240897,log_CAA
3265.32653265327,0.4231577534736,log_CAA
3266.32663266327,0.423010576346128,log_CAA
3267.32673267327,0.42286344085487,log_CAA
3268.32683268327,0.422716346996208,log_CAA
3269.32693269327,0.422569294766512,log_CAA
3270.32703270327,0.422422284162147,log_CAA
3271.32713271327,0.422275315179468,log_CAA
3272.32723272327,0.422128387814819,log_CAA
3273.32733273327,0.42198150206454,log_CAA
3274.32743274327,0.421834657924956,log_CAA
3275.32753275328,0.421687855392389,log_CAA
3276.32763276328,0.421541094463149,log_CAA
3277.32773277328,0.421394375133538,log_CAA
3278.32783278328,0.42124769739985,log_CAA
3279.32793279328,0.421101061258369,log_CAA
3280.32803280328,0.420954466705371,log_CAA
3281.32813281328,0.420807913737124,log_CAA
3282.32823282328,0.420661402349887,log_CAA
3283.32833283328,0.420514932539909,log_CAA
3284.32843284328,0.420368504303433,log_CAA
3285.32853285329,0.42022211763669,log_CAA
3286.32863286329,0.420075772535906,log_CAA
3287.32873287329,0.419929468997296,log_CAA
3288.32883288329,0.419783207017066,log_CAA
3289.32893289329,0.419636986591416,log_CAA
3290.32903290329,0.419490807716535,log_CAA
3291.32913291329,0.419344670388605,log_CAA
3292.32923292329,0.419198574603799,log_CAA
3293.32933293329,0.41905252035828,log_CAA
3294.32943294329,0.418906507648206,log_CAA
3295.3295329533,0.418760536469722,log_CAA
3296.3296329633,0.418614606818969,log_CAA
3297.3297329733,0.418468718692076,log_CAA
3298.3298329833,0.418322872085165,log_CAA
3299.3299329933,0.41817706699435,log_CAA
3300.3300330033,0.418031303415736,log_CAA
3301.3301330133,0.41788558134542,log_CAA
3302.3302330233,0.417739900779489,log_CAA
3303.3303330333,0.417594261714023,log_CAA
3304.3304330433,0.417448664145095,log_CAA
3305.3305330533,0.417303108068766,log_CAA
3306.33063306331,0.417157593481092,log_CAA
3307.33073307331,0.417012120378119,log_CAA
3308.33083308331,0.416866688755885,log_CAA
3309.33093309331,0.416721298610419,log_CAA
3310.33103310331,0.416575949937743,log_CAA
3311.33113311331,0.416430642733871,log_CAA
3312.33123312331,0.416285376994806,log_CAA
3313.33133313331,0.416140152716545,log_CAA
3314.33143314331,0.415994969895077,log_CAA
3315.33153315332,0.415849828526381,log_CAA
3316.33163316332,0.415704728606429,log_CAA
3317.33173317332,0.415559670131185,log_CAA
3318.33183318332,0.415414653096603,log_CAA
3319.33193319332,0.415269677498632,log_CAA
3320.33203320332,0.415124743333208,log_CAA
3321.33213321332,0.414979850596265,log_CAA
3322.33223322332,0.414834999283723,log_CAA
3323.33233323332,0.414690189391497,log_CAA
3324.33243324332,0.414545420915494,log_CAA
3325.33253325333,0.414400693851611,log_CAA
3326.33263326333,0.414256008195738,log_CAA
3327.33273327333,0.414111363943757,log_CAA
3328.33283328333,0.413966761091542,log_CAA
3329.33293329333,0.413822199634959,log_CAA
3330.33303330333,0.413677679569864,log_CAA
3331.33313331333,0.413533200892107,log_CAA
3332.33323332333,0.41338876359753,log_CAA
3333.33333333333,0.413244367681967,log_CAA
3334.33343334333,0.413100013141241,log_CAA
3335.33353335334,0.412955699971171,log_CAA
3336.33363336334,0.412811428167567,log_CAA
3337.33373337334,0.412667197726228,log_CAA
3338.33383338334,0.412523008642949,log_CAA
3339.33393339334,0.412378860913514,log_CAA
3340.33403340334,0.412234754533702,log_CAA
3341.33413341334,0.412090689499282,log_CAA
3342.33423342334,0.411946665806014,log_CAA
3343.33433343334,0.411802683449654,log_CAA
3344.33443344334,0.411658742425945,log_CAA
3345.33453345335,0.411514842730626,log_CAA
3346.33463346335,0.411370984359427,log_CAA
3347.33473347335,0.41122716730807,log_CAA
3348.33483348335,0.411083391572269,log_CAA
3349.33493349335,0.410939657147729,log_CAA
3350.33503350335,0.41079596403015,log_CAA
3351.33513351335,0.410652312215221,log_CAA
3352.33523352335,0.410508701698626,log_CAA
3353.33533353335,0.410365132476039,log_CAA
3354.33543354335,0.410221604543128,log_CAA
3355.33553355336,0.410078117895551,log_CAA
3356.33563356336,0.409934672528961,log_CAA
3357.33573357336,0.409791268439,log_CAA
3358.33583358336,0.409647905621306,log_CAA
3359.33593359336,0.409504584071505,log_CAA
3360.33603360336,0.409361303785219,log_CAA
3361.33613361336,0.40921806475806,log_CAA
3362.33623362336,0.409074866985634,log_CAA
3363.33633363336,0.408931710463537,log_CAA
3364.33643364336,0.408788595187359,log_CAA
3365.33653365337,0.408645521152683,log_CAA
3366.33663366337,0.408502488355083,log_CAA
3367.33673367337,0.408359496790124,log_CAA
3368.33683368337,0.408216546453367,log_CAA
3369.33693369337,0.408073637340363,log_CAA
3370.33703370337,0.407930769446654,log_CAA
3371.33713371337,0.407787942767779,log_CAA
3372.33723372337,0.407645157299264,log_CAA
3373.33733373337,0.407502413036631,log_CAA
3374.33743374337,0.407359709975393,log_CAA
3375.33753375338,0.407217048111057,log_CAA
3376.33763376338,0.407074427439119,log_CAA
3377.33773377338,0.406931847955072,log_CAA
3378.33783378338,0.406789309654398,log_CAA
3379.33793379338,0.406646812532572,log_CAA
3380.33803380338,0.406504356585063,log_CAA
3381.33813381338,0.406361941807331,log_CAA
3382.33823382338,0.40621956819483,log_CAA
3383.33833383338,0.406077235743005,log_CAA
3384.33843384338,0.405934944447295,log_CAA
3385.33853385339,0.405792694303129,log_CAA
3386.33863386339,0.405650485305932,log_CAA
3387.33873387339,0.405508317451119,log_CAA
3388.33883388339,0.405366190734098,log_CAA
3389.33893389339,0.40522410515027,log_CAA
3390.33903390339,0.40508206069503,log_CAA
3391.33913391339,0.404940057363763,log_CAA
3392.33923392339,0.404798095151848,log_CAA
3393.33933393339,0.404656174054656,log_CAA
3394.33943394339,0.404514294067552,log_CAA
3395.3395339534,0.404372455185892,log_CAA
3396.3396339634,0.404230657405025,log_CAA
3397.3397339734,0.404088900720294,log_CAA
3398.3398339834,0.403947185127034,log_CAA
3399.3399339934,0.403805510620572,log_CAA
3400.3400340034,0.403663877196227,log_CAA
3401.3401340134,0.403522284849313,log_CAA
3402.3402340234,0.403380733575136,log_CAA
3403.3403340334,0.403239223368993,log_CAA
3404.3404340434,0.403097754226176,log_CAA
3405.34053405341,0.402956326141968,log_CAA
3406.34063406341,0.402814939111647,log_CAA
3407.34073407341,0.402673593130481,log_CAA
3408.34083408341,0.402532288193733,log_CAA
3409.34093409341,0.402391024296658,log_CAA
3410.34103410341,0.402249801434502,log_CAA
3411.34113411341,0.402108619602508,log_CAA
3412.34123412341,0.401967478795909,log_CAA
3413.34133413341,0.40182637900993,log_CAA
3414.34143414341,0.40168532023979,log_CAA
3415.34153415342,0.401544302480703,log_CAA
3416.34163416342,0.401403325727872,log_CAA
3417.34173417342,0.401262389976496,log_CAA
3418.34183418342,0.401121495221764,log_CAA
3419.34193419342,0.400980641458862,log_CAA
3420.34203420342,0.400839828682964,log_CAA
3421.34213421342,0.400699056889241,log_CAA
3422.34223422342,0.400558326072854,log_CAA
3423.34233423342,0.40041763622896,log_CAA
3424.34243424342,0.400276987352706,log_CAA
3425.34253425343,0.400136379439234,log_CAA
3426.34263426343,0.399995812483677,log_CAA
3427.34273427343,0.399855286481163,log_CAA
3428.34283428343,0.399714801426813,log_CAA
3429.34293429343,0.399574357315738,log_CAA
3430.34303430343,0.399433954143047,log_CAA
3431.34313431343,0.399293591903836,log_CAA
3432.34323432343,0.3991532705932,log_CAA
3433.34333433343,0.399012990206224,log_CAA
3434.34343434343,0.398872750737985,log_CAA
3435.34353435344,0.398732552183556,log_CAA
3436.34363436344,0.398592394538,log_CAA
3437.34373437344,0.398452277796377,log_CAA
3438.34383438344,0.398312201953735,log_CAA
3439.34393439344,0.39817216700512,log_CAA
3440.34403440344,0.398032172945568,log_CAA
3441.34413441344,0.397892219770109,log_CAA
3442.34423442344,0.397752307473767,log_CAA
3443.34433443344,0.397612436051558,log_CAA
3444.34443444344,0.397472605498493,log_CAA
3445.34453445345,0.397332815809572,log_CAA
3446.34463446345,0.397193066979793,log_CAA
3447.34473447345,0.397053359004145,log_CAA
3448.34483448345,0.39691369187761,log_CAA
3449.34493449345,0.396774065595164,log_CAA
3450.34503450345,0.396634480151775,log_CAA
3451.34513451345,0.396494935542406,log_CAA
3452.34523452345,0.396355431762012,log_CAA
3453.34533453345,0.396215968805541,log_CAA
3454.34543454345,0.396076546667936,log_CAA
3455.34553455345,0.395937165344131,log_CAA
3456.34563456346,0.395797824829055,log_CAA
3457.34573457346,0.39565852511763,log_CAA
3458.34583458346,0.395519266204771,log_CAA
3459.34593459346,0.395380048085385,log_CAA
3460.34603460346,0.395240870754376,log_CAA
3461.34613461346,0.395101734206637,log_CAA
3462.34623462346,0.394962638437057,log_CAA
3463.34633463346,0.394823583440518,log_CAA
3464.34643464346,0.394684569211895,log_CAA
3465.34653465347,0.394545595746056,log_CAA
3466.34663466347,0.394406663037864,log_CAA
3467.34673467347,0.394267771082172,log_CAA
3468.34683468347,0.394128919873832,log_CAA
3469.34693469347,0.393990109407683,log_CAA
3470.34703470347,0.393851339678562,log_CAA
3471.34713471347,0.393712610681298,log_CAA
3472.34723472347,0.393573922410713,log_CAA
3473.34733473347,0.393435274861623,log_CAA
3474.34743474347,0.393296668028837,log_CAA
3475.34753475348,0.393158101907159,log_CAA
3476.34763476348,0.393019576491384,log_CAA
3477.34773477348,0.392881091776303,log_CAA
3478.34783478348,0.392742647756697,log_CAA
3479.34793479348,0.392604244427346,log_CAA
3480.34803480348,0.392465881783018,log_CAA
3481.34813481348,0.392327559818478,log_CAA
3482.34823482348,0.392189278528483,log_CAA
3483.34833483348,0.392051037907784,log_CAA
3484.34843484348,0.391912837951126,log_CAA
3485.34853485349,0.391774678653247,log_CAA
3486.34863486349,0.391636560008878,log_CAA
3487.34873487349,0.391498482012745,log_CAA
3488.34883488349,0.391360444659567,log_CAA
3489.34893489349,0.391222447944057,log_CAA
3490.34903490349,0.39108449186092,log_CAA
3491.34913491349,0.390946576404857,log_CAA
3492.34923492349,0.390808701570561,log_CAA
3493.34933493349,0.390670867352718,log_CAA
3494.34943494349,0.390533073746011,log_CAA
3495.3495349535,0.390395320745112,log_CAA
3496.3496349635,0.390257608344692,log_CAA
3497.3497349735,0.39011993653941,log_CAA
3498.3498349835,0.389982305323923,log_CAA
3499.3499349935,0.389844714692881,log_CAA
3500.3500350035,0.389707164640925,log_CAA
3501.3501350135,0.389569655162693,log_CAA
3502.3502350235,0.389432186252816,log_CAA
3503.3503350335,0.389294757905917,log_CAA
3504.3504350435,0.389157370116614,log_CAA
3505.35053505351,0.38902002287952,log_CAA
3506.35063506351,0.388882716189239,log_CAA
3507.35073507351,0.388745450040371,log_CAA
3508.35083508351,0.388608224427509,log_CAA
3509.35093509351,0.38847103934524,log_CAA
3510.35103510351,0.388333894788145,log_CAA
3511.35113511351,0.388196790750799,log_CAA
3512.35123512351,0.388059727227769,log_CAA
3513.35133513351,0.387922704213618,log_CAA
3514.35143514351,0.387785721702902,log_CAA
3515.35153515352,0.387648779690172,log_CAA
3516.35163516352,0.38751187816997,log_CAA
3517.35173517352,0.387375017136835,log_CAA
3518.35183518352,0.387238196585298,log_CAA
3519.35193519352,0.387101416509885,log_CAA
3520.35203520352,0.386964676905116,log_CAA
3521.35213521352,0.386827977765503,log_CAA
3522.35223522352,0.386691319085554,log_CAA
3523.35233523352,0.38655470085977,log_CAA
3524.35243524352,0.386418123082647,log_CAA
3525.35253525353,0.386281585748673,log_CAA
3526.35263526353,0.386145088852332,log_CAA
3527.35273527353,0.386008632388101,log_CAA
3528.35283528353,0.385872216350451,log_CAA
3529.35293529353,0.385735840733847,log_CAA
3530.35303530353,0.385599505532748,log_CAA
3531.35313531353,0.385463210741607,log_CAA
3532.35323532353,0.385326956354872,log_CAA
3533.35333533353,0.385190742366983,log_CAA
3534.35343534353,0.385054568772376,log_CAA
3535.35353535354,0.38491843556548,log_CAA
3536.35363536354,0.384782342740719,log_CAA
3537.35373537354,0.384646290292509,log_CAA
3538.35383538354,0.384510278215262,log_CAA
3539.35393539354,0.384374306503385,log_CAA
3540.35403540354,0.384238375151276,log_CAA
3541.35413541354,0.384102484153329,log_CAA
3542.35423542354,0.383966633503933,log_CAA
3543.35433543354,0.383830823197469,log_CAA
3544.35443544354,0.383695053228314,log_CAA
3545.35453545355,0.383559323590837,log_CAA
3546.35463546355,0.383423634279404,log_CAA
3547.35473547355,0.383287985288372,log_CAA
3548.35483548355,0.383152376612095,log_CAA
3549.35493549355,0.38301680824492,log_CAA
3550.35503550355,0.382881280181188,log_CAA
3551.35513551355,0.382745792415234,log_CAA
3552.35523552355,0.382610344941388,log_CAA
3553.35533553355,0.382474937753974,log_CAA
3554.35543554355,0.38233957084731,log_CAA
3555.35553555356,0.382204244215707,log_CAA
3556.35563556356,0.382068957853473,log_CAA
3557.35573557356,0.381933711754908,log_CAA
3558.35583558356,0.381798505914308,log_CAA
3559.35593559356,0.381663340325961,log_CAA
3560.35603560356,0.381528214984152,log_CAA
3561.35613561356,0.381393129883158,log_CAA
3562.35623562356,0.381258085017251,log_CAA
3563.35633563356,0.381123080380698,log_CAA
3564.35643564356,0.380988115967759,log_CAA
3565.35653565357,0.38085319177269,log_CAA
3566.35663566357,0.380718307789741,log_CAA
3567.35673567357,0.380583464013154,log_CAA
3568.35683568357,0.380448660437169,log_CAA
3569.35693569357,0.380313897056018,log_CAA
3570.35703570357,0.380179173863927,log_CAA
3571.35713571357,0.380044490855118,log_CAA
3572.35723572357,0.379909848023807,log_CAA
3573.35733573357,0.379775245364203,log_CAA
3574.35743574357,0.379640682870512,log_CAA
3575.35753575358,0.379506160536932,log_CAA
3576.35763576358,0.379371678357656,log_CAA
3577.35773577358,0.379237236326872,log_CAA
3578.35783578358,0.379102834438762,log_CAA
3579.35793579358,0.378968472687504,log_CAA
3580.35803580358,0.378834151067267,log_CAA
3581.35813581358,0.378699869572218,log_CAA
3582.35823582358,0.378565628196517,log_CAA
3583.35833583358,0.378431426934318,log_CAA
3584.35843584358,0.378297265779771,log_CAA
3585.35853585359,0.378163144727018,log_CAA
3586.35863586359,0.378029063770197,log_CAA
3587.35873587359,0.377895022903443,log_CAA
3588.35883588359,0.37776102212088,log_CAA
3589.35893589359,0.377627061416632,log_CAA
3590.35903590359,0.377493140784814,log_CAA
3591.35913591359,0.377359260219538,log_CAA
3592.35923592359,0.377225419714907,log_CAA
3593.35933593359,0.377091619265023,log_CAA
3594.35943594359,0.37695785886398,log_CAA
3595.3595359536,0.376824138505866,log_CAA
3596.3596359636,0.376690458184765,log_CAA
3597.3597359736,0.376556817894756,log_CAA
3598.3598359836,0.376423217629912,log_CAA
3599.3599359936,0.3762896573843,log_CAA
3600.3600360036,0.376156137151981,log_CAA
3601.3601360136,0.376022656927014,log_CAA
3602.3602360236,0.375889216703449,log_CAA
3603.3603360336,0.375755816475332,log_CAA
3604.3604360436,0.375622456236705,log_CAA
3605.3605360536,0.375489135981602,log_CAA
3606.36063606361,0.375355855704054,log_CAA
3607.36073607361,0.375222615398085,log_CAA
3608.36083608361,0.375089415057715,log_CAA
3609.36093609361,0.374956254676959,log_CAA
3610.36103610361,0.374823134249825,log_CAA
3611.36113611361,0.374690053770316,log_CAA
3612.36123612361,0.374557013232432,log_CAA
3613.36133613361,0.374424012630165,log_CAA
3614.36143614361,0.374291051957503,log_CAA
3615.36153615362,0.374158131208429,log_CAA
3616.36163616362,0.374025250376921,log_CAA
3617.36173617362,0.37389240945695,log_CAA
3618.36183618362,0.373759608442484,log_CAA
3619.36193619362,0.373626847327484,log_CAA
3620.36203620362,0.373494126105907,log_CAA
3621.36213621362,0.373361444771705,log_CAA
3622.36223622362,0.373228803318823,log_CAA
3623.36233623362,0.373096201741203,log_CAA
3624.36243624362,0.37296364003278,log_CAA
3625.36253625363,0.372831118187486,log_CAA
3626.36263626363,0.372698636199245,log_CAA
3627.36273627363,0.372566194061979,log_CAA
3628.36283628363,0.372433791769602,log_CAA
3629.36293629363,0.372301429316026,log_CAA
3630.36303630363,0.372169106695154,log_CAA
3631.36313631363,0.372036823900888,log_CAA
3632.36323632363,0.371904580927121,log_CAA
3633.36333633363,0.371772377767744,log_CAA
3634.36343634363,0.371640214416641,log_CAA
3635.36353635364,0.371508090867693,log_CAA
3636.36363636364,0.371376007114773,log_CAA
3637.36373637364,0.371243963151751,log_CAA
3638.36383638364,0.371111958972493,log_CAA
3639.36393639364,0.370979994570856,log_CAA
3640.36403640364,0.370848069940696,log_CAA
3641.36413641364,0.370716185075862,log_CAA
3642.36423642364,0.370584339970198,log_CAA
3643.36433643364,0.370452534617544,log_CAA
3644.36443644364,0.370320769011734,log_CAA
3645.36453645365,0.370189043146598,log_CAA
3646.36463646365,0.37005735701596,log_CAA
3647.36473647365,0.369925710613639,log_CAA
3648.36483648365,0.369794103933451,log_CAA
3649.36493649365,0.369662536969203,log_CAA
3650.36503650365,0.369531009714702,log_CAA
3651.36513651365,0.369399522163747,log_CAA
3652.36523652365,0.369268074310132,log_CAA
3653.36533653365,0.369136666147647,log_CAA
3654.36543654365,0.369005297670077,log_CAA
3655.36553655366,0.368873968871202,log_CAA
3656.36563656366,0.368742679744797,log_CAA
3657.36573657366,0.368611430284633,log_CAA
3658.36583658366,0.368480220484474,log_CAA
3659.36593659366,0.368349050338081,log_CAA
3660.36603660366,0.36821791983921,log_CAA
3661.36613661366,0.368086828981611,log_CAA
3662.36623662366,0.36795577775903,log_CAA
3663.36633663366,0.367824766165208,log_CAA
3664.36643664366,0.367693794193881,log_CAA
3665.36653665367,0.367562861838781,log_CAA
3666.36663666367,0.367431969093633,log_CAA
3667.36673667367,0.367301115952161,log_CAA
3668.36683668367,0.367170302408081,log_CAA
3669.36693669367,0.367039528455104,log_CAA
3670.36703670367,0.366908794086938,log_CAA
3671.36713671367,0.366778099297286,log_CAA
3672.36723672367,0.366647444079845,log_CAA
3673.36733673367,0.366516828428309,log_CAA
3674.36743674367,0.366386252336365,log_CAA
3675.36753675368,0.366255715797697,log_CAA
3676.36763676368,0.366125218805985,log_CAA
3677.36773677368,0.365994761354901,log_CAA
3678.36783678368,0.365864343438116,log_CAA
3679.36793679368,0.365733965049294,log_CAA
3680.36803680368,0.365603626182094,log_CAA
3681.36813681368,0.365473326830173,log_CAA
3682.36823682368,0.36534306698718,log_CAA
3683.36833683368,0.365212846646761,log_CAA
3684.36843684368,0.365082665802557,log_CAA
3685.36853685369,0.364952524448206,log_CAA
3686.36863686369,0.364822422577338,log_CAA
3687.36873687369,0.364692360183581,log_CAA
3688.36883688369,0.364562337260557,log_CAA
3689.36893689369,0.364432353801885,log_CAA
3690.36903690369,0.364302409801177,log_CAA
3691.36913691369,0.364172505252042,log_CAA
3692.36923692369,0.364042640148084,log_CAA
3693.36933693369,0.363912814482903,log_CAA
3694.36943694369,0.363783028250092,log_CAA
3695.3695369537,0.363653281443244,log_CAA
3696.3696369637,0.363523574055942,log_CAA
3697.3697369737,0.363393906081769,log_CAA
3698.3698369837,0.3632642775143,log_CAA
3699.3699369937,0.363134688347108,log_CAA
3700.3700370037,0.36300513857376,log_CAA
3701.3701370137,0.362875628187818,log_CAA
3702.3702370237,0.362746157182842,log_CAA
3703.3703370337,0.362616725552384,log_CAA
3704.3704370437,0.362487333289995,log_CAA
3705.37053705371,0.362357980389218,log_CAA
3706.37063706371,0.362228666843594,log_CAA
3707.37073707371,0.362099392646659,log_CAA
3708.37083708371,0.361970157791944,log_CAA
3709.37093709371,0.361840962272976,log_CAA
3710.37103710371,0.361711806083276,log_CAA
3711.37113711371,0.361582689216364,log_CAA
3712.37123712371,0.361453611665751,log_CAA
3713.37133713371,0.361324573424948,log_CAA
3714.37143714371,0.361195574487458,log_CAA
3715.37153715372,0.361066614846781,log_CAA
3716.37163716372,0.360937694496414,log_CAA
3717.37173717372,0.360808813429846,log_CAA
3718.37183718372,0.360679971640566,log_CAA
3719.37193719372,0.360551169122054,log_CAA
3720.37203720372,0.36042240586779,log_CAA
3721.37213721372,0.360293681871247,log_CAA
3722.37223722372,0.360164997125894,log_CAA
3723.37233723372,0.360036351625195,log_CAA
3724.37243724372,0.359907745362612,log_CAA
3725.37253725373,0.359779178331599,log_CAA
3726.37263726373,0.359650650525609,log_CAA
3727.37273727373,0.35952216193809,log_CAA
3728.37283728373,0.359393712562483,log_CAA
3729.37293729373,0.359265302392229,log_CAA
3730.37303730373,0.35913693142076,log_CAA
3731.37313731373,0.359008599641508,log_CAA
3732.37323732373,0.358880307047898,log_CAA
3733.37333733373,0.358752053633351,log_CAA
3734.37343734373,0.358623839391284,log_CAA
3735.37353735374,0.358495664315111,log_CAA
3736.37363736374,0.358367528398239,log_CAA
3737.37373737374,0.358239431634074,log_CAA
3738.37383738374,0.358111374016015,log_CAA
3739.37393739374,0.357983355537457,log_CAA
3740.37403740374,0.357855376191793,log_CAA
3741.37413741374,0.35772743597241,log_CAA
3742.37423742374,0.35759953487269,log_CAA
3743.37433743374,0.357471672886012,log_CAA
3744.37443744374,0.357343850005752,log_CAA
3745.37453745375,0.357216066225279,log_CAA
3746.37463746375,0.357088321537959,log_CAA
3747.37473747375,0.356960615937155,log_CAA
3748.37483748375,0.356832949416224,log_CAA
3749.37493749375,0.35670532196852,log_CAA
3750.37503750375,0.356577733587392,log_CAA
3751.37513751375,0.356450184266185,log_CAA
3752.37523752375,0.356322673998241,log_CAA
3753.37533753375,0.356195202776896,log_CAA
3754.37543754375,0.356067770595483,log_CAA
3755.37553755376,0.355940377447331,log_CAA
3756.37563756376,0.355813023325764,log_CAA
3757.37573757376,0.355685708224102,log_CAA
3758.37583758376,0.355558432135663,log_CAA
3759.37593759376,0.355431195053757,log_CAA
3760.37603760376,0.355303996971693,log_CAA
3761.37613761376,0.355176837882775,log_CAA
3762.37623762376,0.355049717780302,log_CAA
3763.37633763376,0.354922636657571,log_CAA
3764.37643764376,0.354795594507873,log_CAA
3765.37653765377,0.354668591324496,log_CAA
3766.37663766377,0.354541627100722,log_CAA
3767.37673767377,0.354414701829832,log_CAA
3768.37683768377,0.354287815505102,log_CAA
3769.37693769377,0.354160968119801,log_CAA
3770.37703770377,0.354034159667199,log_CAA
3771.37713771377,0.353907390140557,log_CAA
3772.37723772377,0.353780659533136,log_CAA
3773.37733773377,0.353653967838191,log_CAA
3774.37743774377,0.353527315048972,log_CAA
3775.37753775378,0.353400701158728,log_CAA
3776.37763776378,0.353274126160701,log_CAA
3777.37773777378,0.353147590048131,log_CAA
3778.37783778378,0.353021092814253,log_CAA
3779.37793779378,0.352894634452299,log_CAA
3780.37803780378,0.352768214955496,log_CAA
3781.37813781378,0.352641834317067,log_CAA
3782.37823782378,0.352515492530232,log_CAA
3783.37833783378,0.352389189588207,log_CAA
3784.37843784378,0.352262925484202,log_CAA
3785.37853785379,0.352136700211426,log_CAA
3786.37863786379,0.352010513763083,log_CAA
3787.37873787379,0.351884366132372,log_CAA
3788.37883788379,0.351758257312489,log_CAA
3789.37893789379,0.351632187296627,log_CAA
3790.37903790379,0.351506156077973,log_CAA
3791.37913791379,0.351380163649712,log_CAA
3792.37923792379,0.351254210005024,log_CAA
3793.37933793379,0.351128295137085,log_CAA
3794.37943794379,0.351002419039069,log_CAA
3795.3795379538,0.350876581704144,log_CAA
3796.3796379638,0.350750783125475,log_CAA
3797.3797379738,0.350625023296223,log_CAA
3798.3798379838,0.350499302209545,log_CAA
3799.3799379938,0.350373619858595,log_CAA
3800.3800380038,0.350247976236523,log_CAA
3801.3801380138,0.350122371336474,log_CAA
3802.3802380238,0.349996805151589,log_CAA
3803.3803380338,0.349871277675009,log_CAA
3804.3804380438,0.349745788899865,log_CAA
3805.38053805381,0.34962033881929,log_CAA
3806.38063806381,0.349494927426411,log_CAA
3807.38073807381,0.349369554714349,log_CAA
3808.38083808381,0.349244220676224,log_CAA
3809.38093809381,0.349118925305152,log_CAA
3810.38103810381,0.348993668594245,log_CAA
3811.38113811381,0.34886845053661,log_CAA
3812.38123812381,0.348743271125352,log_CAA
3813.38133813381,0.348618130353572,log_CAA
3814.38143814381,0.348493028214365,log_CAA
3815.38153815382,0.348367964700826,log_CAA
3816.38163816382,0.348242939806042,log_CAA
3817.38173817382,0.348117953523102,log_CAA
3818.38183818382,0.347993005845085,log_CAA
3819.38193819382,0.34786809676507,log_CAA
3820.38203820382,0.347743226276132,log_CAA
3821.38213821382,0.347618394371342,log_CAA
3822.38223822382,0.347493601043766,log_CAA
3823.38233823382,0.347368846286469,log_CAA
3824.38243824382,0.347244130092511,log_CAA
3825.38253825383,0.347119452454946,log_CAA
3826.38263826383,0.346994813366829,log_CAA
3827.38273827383,0.346870212821208,log_CAA
3828.38283828383,0.346745650811128,log_CAA
3829.38293829383,0.346621127329631,log_CAA
3830.38303830383,0.346496642369754,log_CAA
3831.38313831383,0.346372195924534,log_CAA
3832.38323832383,0.346247787986999,log_CAA
3833.38333833383,0.346123418550178,log_CAA
3834.38343834383,0.345999087607093,log_CAA
3835.38353835384,0.345874795150766,log_CAA
3836.38363836384,0.345750541174212,log_CAA
3837.38373837384,0.345626325670445,log_CAA
3838.38383838384,0.345502148632473,log_CAA
3839.38393839384,0.345378010053303,log_CAA
3840.38403840384,0.345253909925936,log_CAA
3841.38413841384,0.345129848243371,log_CAA
3842.38423842384,0.345005824998604,log_CAA
3843.38433843384,0.344881840184626,log_CAA
3844.38443844384,0.344757893794425,log_CAA
3845.38453845385,0.344633985820985,log_CAA
3846.38463846385,0.344510116257288,log_CAA
3847.38473847385,0.34438628509631,log_CAA
3848.38483848385,0.344262492331027,log_CAA
3849.38493849385,0.344138737954408,log_CAA
3850.38503850385,0.34401502195942,log_CAA
3851.38513851385,0.343891344339028,log_CAA
3852.38523852385,0.34376770508619,log_CAA
3853.38533853385,0.343644104193864,log_CAA
3854.38543854385,0.343520541655003,log_CAA
3855.38553855386,0.343397017462556,log_CAA
3856.38563856386,0.343273531609469,log_CAA
3857.38573857386,0.343150084088686,log_CAA
3858.38583858386,0.343026674893145,log_CAA
3859.38593859386,0.342903304015783,log_CAA
3860.38603860386,0.342779971449532,log_CAA
3861.38613861386,0.342656677187321,log_CAA
3862.38623862386,0.342533421222075,log_CAA
3863.38633863386,0.342410203546717,log_CAA
3864.38643864386,0.342287024154166,log_CAA
3865.38653865387,0.342163883037337,log_CAA
3866.38663866387,0.342040780189143,log_CAA
3867.38673867387,0.341917715602491,log_CAA
3868.38683868387,0.341794689270287,log_CAA
3869.38693869387,0.341671701185433,log_CAA
3870.38703870387,0.341548751340828,log_CAA
3871.38713871387,0.341425839729367,log_CAA
3872.38723872387,0.341302966343941,log_CAA
3873.38733873387,0.34118013117744,log_CAA
3874.38743874387,0.341057334222748,log_CAA
3875.38753875388,0.340934575472747,log_CAA
3876.38763876388,0.340811854920317,log_CAA
3877.38773877388,0.340689172558331,log_CAA
3878.38783878388,0.340566528379662,log_CAA
3879.38793879388,0.340443922377178,log_CAA
3880.38803880388,0.340321354543746,log_CAA
3881.38813881388,0.340198824872226,log_CAA
3882.38823882388,0.340076333355478,log_CAA
3883.38833883388,0.339953879986357,log_CAA
3884.38843884388,0.339831464757715,log_CAA
3885.38853885389,0.339709087662401,log_CAA
3886.38863886389,0.339586748693261,log_CAA
3887.38873887389,0.339464447843138,log_CAA
3888.38883888389,0.339342185104869,log_CAA
3889.38893889389,0.339219960471292,log_CAA
3890.38903890389,0.339097773935239,log_CAA
3891.38913891389,0.338975625489539,log_CAA
3892.38923892389,0.338853515127018,log_CAA
3893.38933893389,0.338731442840501,log_CAA
3894.38943894389,0.338609408622806,log_CAA
3895.3895389539,0.338487412466749,log_CAA
3896.3896389639,0.338365454365145,log_CAA
3897.3897389739,0.338243534310804,log_CAA
3898.3898389839,0.338121652296532,log_CAA
3899.3899389939,0.337999808315134,log_CAA
3900.3900390039,0.337878002359409,log_CAA
3901.3901390139,0.337756234422157,log_CAA
3902.3902390239,0.33763450449617,log_CAA
3903.3903390339,0.337512812574241,log_CAA
3904.3904390439,0.337391158649156,log_CAA
3905.39053905391,0.337269542713702,log_CAA
3906.39063906391,0.337147964760659,log_CAA
3907.39073907391,0.337026424782807,log_CAA
3908.39083908391,0.336904922772921,log_CAA
3909.39093909391,0.336783458723773,log_CAA
3910.39103910391,0.336662032628133,log_CAA
3911.39113911391,0.336540644478767,log_CAA
3912.39123912391,0.336419294268437,log_CAA
3913.39133913391,0.336297981989904,log_CAA
3914.39143914391,0.336176707635925,log_CAA
3915.39153915392,0.336055471199253,log_CAA
3916.39163916392,0.33593427267264,log_CAA
3917.39173917392,0.335813112048832,log_CAA
3918.39183918392,0.335691989320575,log_CAA
3919.39193919392,0.33557090448061,log_CAA
3920.39203920392,0.335449857521676,log_CAA
3921.39213921392,0.335328848436507,log_CAA
3922.39223922392,0.335207877217836,log_CAA
3923.39233923392,0.335086943858394,log_CAA
3924.39243924392,0.334966048350905,log_CAA
3925.39253925393,0.334845190688094,log_CAA
3926.39263926393,0.33472437086268,log_CAA
3927.39273927393,0.334603588867381,log_CAA
3928.39283928393,0.334482844694912,log_CAA
3929.39293929393,0.334362138337983,log_CAA
3930.39303930393,0.334241469789302,log_CAA
3931.39313931393,0.334120839041576,log_CAA
3932.39323932393,0.334000246087507,log_CAA
3933.39333933393,0.333879690919793,log_CAA
3934.39343934393,0.333759173531131,log_CAA
3935.39353935394,0.333638693914215,log_CAA
3936.39363936394,0.333518252061736,log_CAA
3937.39373937394,0.333397847966379,log_CAA
3938.39383938394,0.333277481620831,log_CAA
3939.39393939394,0.333157153017773,log_CAA
3940.39403940394,0.333036862149884,log_CAA
3941.39413941394,0.332916609009838,log_CAA
3942.39423942394,0.332796393590311,log_CAA
3943.39433943394,0.33267621588397,log_CAA
3944.39443944394,0.332556075883483,log_CAA
3945.39453945395,0.332435973581515,log_CAA
3946.39463946395,0.332315908970726,log_CAA
3947.39473947395,0.332195882043775,log_CAA
3948.39483948395,0.332075892793318,log_CAA
3949.39493949395,0.331955941212006,log_CAA
3950.39503950395,0.33183602729249,log_CAA
3951.39513951395,0.331716151027417,log_CAA
3952.39523952395,0.33159631240943,log_CAA
3953.39533953395,0.331476511431171,log_CAA
3954.39543954395,0.331356748085278,log_CAA
3955.39553955396,0.331237022364385,log_CAA
3956.39563956396,0.331117334261127,log_CAA
3957.39573957396,0.330997683768132,log_CAA
3958.39583958396,0.330878070878028,log_CAA
3959.39593959396,0.330758495583438,log_CAA
3960.39603960396,0.330638957876985,log_CAA
3961.39613961396,0.330519457751286,log_CAA
3962.39623962396,0.330399995198956,log_CAA
3963.39633963396,0.33028057021261,log_CAA
3964.39643964396,0.330161182784857,log_CAA
3965.39653965397,0.330041832908304,log_CAA
3966.39663966397,0.329922520575556,log_CAA
3967.39673967397,0.329803245779214,log_CAA
3968.39683968397,0.329684008511878,log_CAA
3969.39693969397,0.329564808766143,log_CAA
3970.39703970397,0.329445646534604,log_CAA
3971.39713971397,0.32932652180985,log_CAA
3972.39723972397,0.32920743458447,log_CAA
3973.39733973397,0.329088384851049,log_CAA
3974.39743974397,0.32896937260217,log_CAA
3975.39753975398,0.328850397830411,log_CAA
3976.39763976398,0.328731460528351,log_CAA
3977.39773977398,0.328612560688563,log_CAA
3978.39783978398,0.328493698303619,log_CAA
3979.39793979398,0.328374873366088,log_CAA
3980.39803980398,0.328256085868536,log_CAA
3981.39813981398,0.328137335803526,log_CAA
3982.39823982398,0.328018623163619,log_CAA
3983.39833983398,0.327899947941374,log_CAA
3984.39843984398,0.327781310129346,log_CAA
3985.39853985399,0.327662709720086,log_CAA
3986.39863986399,0.327544146706147,log_CAA
3987.39873987399,0.327425621080074,log_CAA
3988.39883988399,0.327307132834413,log_CAA
3989.39893989399,0.327188681961706,log_CAA
3990.39903990399,0.327070268454491,log_CAA
3991.39913991399,0.326951892305307,log_CAA
3992.39923992399,0.326833553506687,log_CAA
3993.39933993399,0.326715252051162,log_CAA
3994.39943994399,0.326596987931263,log_CAA
3995.399539954,0.326478761139514,log_CAA
3996.399639964,0.326360571668439,log_CAA
3997.399739974,0.32624241951056,log_CAA
3998.399839984,0.326124304658395,log_CAA
3999.399939994,0.32600622710446,log_CAA
4000.400040004,0.325888186841269,log_CAA
4001.400140014,0.325770183861331,log_CAA
4002.400240024,0.325652218157155,log_CAA
4003.400340034,0.325534289721247,log_CAA
4004.400440044,0.32541639854611,log_CAA
4005.40054005401,0.325298544624243,log_CAA
4006.40064006401,0.325180727948145,log_CAA
4007.40074007401,0.325062948510312,log_CAA
4008.40084008401,0.324945206303235,log_CAA
4009.40094009401,0.324827501319405,log_CAA
4010.40104010401,0.32470983355131,log_CAA
4011.40114011401,0.324592202991435,log_CAA
4012.40124012401,0.324474609632262,log_CAA
4013.40134013401,0.324357053466272,log_CAA
4014.40144014401,0.324239534485942,log_CAA
4015.40154015402,0.324122052683747,log_CAA
4016.40164016402,0.32400460805216,log_CAA
4017.40174017402,0.323887200583651,log_CAA
4018.40184018402,0.323769830270687,log_CAA
4019.40194019402,0.323652497105733,log_CAA
4020.40204020402,0.323535201081253,log_CAA
4021.40214021402,0.323417942189706,log_CAA
4022.40224022402,0.32330072042355,log_CAA
4023.40234023402,0.32318353577524,log_CAA
4024.40244024402,0.323066388237229,log_CAA
4025.40254025403,0.322949277801966,log_CAA
4026.40264026403,0.322832204461901,log_CAA
4027.40274027403,0.322715168209478,log_CAA
4028.40284028403,0.32259816903714,log_CAA
4029.40294029403,0.322481206937328,log_CAA
4030.40304030403,0.322364281902479,log_CAA
4031.40314031403,0.32224739392503,log_CAA
4032.40324032403,0.322130542997413,log_CAA
4033.40334033403,0.32201372911206,log_CAA
4034.40344034403,0.321896952261399,log_CAA
4035.40354035404,0.321780212437855,log_CAA
4036.40364036404,0.321663509633853,log_CAA
4037.40374037404,0.321546843841814,log_CAA
4038.40384038404,0.321430215054156,log_CAA
4039.40394039404,0.321313623263296,log_CAA
4040.40404040404,0.321197068461649,log_CAA
4041.40414041404,0.321080550641624,log_CAA
4042.40424042404,0.320964069795633,log_CAA
4043.40434043404,0.320847625916082,log_CAA
4044.40444044404,0.320731218995376,log_CAA
4045.40454045405,0.320614849025916,log_CAA
4046.40464046405,0.320498516000104,log_CAA
4047.40474047405,0.320382219910335,log_CAA
4048.40484048405,0.320265960749007,log_CAA
4049.40494049405,0.320149738508511,log_CAA
4050.40504050405,0.320033553181238,log_CAA
4051.40514051405,0.319917404759576,log_CAA
4052.40524052405,0.319801293235912,log_CAA
4053.40534053405,0.31968521860263,log_CAA
4054.40544054405,0.319569180852109,log_CAA
4055.40554055406,0.31945317997673,log_CAA
4056.40564056406,0.319337215968869,log_CAA
4057.40574057406,0.319221288820901,log_CAA
4058.40584058406,0.319105398525198,log_CAA
4059.40594059406,0.31898954507413,log_CAA
4060.40604060406,0.318873728460064,log_CAA
4061.40614061406,0.318757948675366,log_CAA
4062.40624062406,0.318642205712399,log_CAA
4063.40634063406,0.318526499563524,log_CAA
4064.40644064406,0.3184108302211,log_CAA
4065.40654065407,0.318295197677482,log_CAA
4066.40664066407,0.318179601925025,log_CAA
4067.40674067407,0.31806404295608,log_CAA
4068.40684068407,0.317948520762998,log_CAA
4069.40694069407,0.317833035338126,log_CAA
4070.40704070407,0.317717586673809,log_CAA
4071.40714071407,0.31760217476239,log_CAA
4072.40724072407,0.31748679959621,log_CAA
4073.40734073407,0.317371461167607,log_CAA
4074.40744074407,0.317256159468918,log_CAA
4075.40754075407,0.317140894492477,log_CAA
4076.40764076408,0.317025666230616,log_CAA
4077.40774077408,0.316910474675664,log_CAA
4078.40784078408,0.31679531981995,log_CAA
4079.40794079408,0.316680201655798,log_CAA
4080.40804080408,0.316565120175532,log_CAA
4081.40814081408,0.316450075371474,log_CAA
4082.40824082408,0.316335067235941,log_CAA
4083.40834083408,0.316220095761252,log_CAA
4084.40844084408,0.316105160939719,log_CAA
4085.40854085409,0.315990262763657,log_CAA
4086.40864086409,0.315875401225375,log_CAA
4087.40874087409,0.315760576317182,log_CAA
4088.40884088409,0.315645788031383,log_CAA
4089.40894089409,0.315531036360282,log_CAA
4090.40904090409,0.315416321296182,log_CAA
4091.40914091409,0.315301642831382,log_CAA
4092.40924092409,0.31518700095818,log_CAA
4093.40934093409,0.315072395668871,log_CAA
4094.40944094409,0.314957826955749,log_CAA
4095.4095409541,0.314843294811104,log_CAA
4096.4096409641,0.314728799227227,log_CAA
4097.4097409741,0.314614340196404,log_CAA
4098.4098409841,0.31449991771092,log_CAA
4099.4099409941,0.314385531763058,log_CAA
4100.4100410041,0.3142711823451,log_CAA
4101.4101410141,0.314156869449324,log_CAA
4102.4102410241,0.314042593068006,log_CAA
4103.4103410341,0.313928353193422,log_CAA
4104.4104410441,0.313814149817844,log_CAA
4105.41054105411,0.313699982933543,log_CAA
4106.41064106411,0.313585852532788,log_CAA
4107.41074107411,0.313471758607844,log_CAA
4108.41084108411,0.313357701150976,log_CAA
4109.41094109411,0.313243680154448,log_CAA
4110.41104110411,0.313129695610519,log_CAA
4111.41114111411,0.313015747511447,log_CAA
4112.41124112411,0.31290183584949,log_CAA
4113.41134113411,0.312787960616901,log_CAA
4114.41144114411,0.312674121805934,log_CAA
4115.41154115412,0.312560319408837,log_CAA
4116.41164116412,0.312446553417861,log_CAA
4117.41174117412,0.312332823825251,log_CAA
4118.41184118412,0.312219130623252,log_CAA
4119.41194119412,0.312105473804106,log_CAA
4120.41204120412,0.311991853360053,log_CAA
4121.41214121412,0.311878269283333,log_CAA
4122.41224122412,0.311764721566182,log_CAA
4123.41234123412,0.311651210200834,log_CAA
4124.41244124412,0.311537735179523,log_CAA
4125.41254125413,0.311424296494478,log_CAA
4126.41264126413,0.311310894137928,log_CAA
4127.41274127413,0.311197528102101,log_CAA
4128.41284128413,0.311084198379221,log_CAA
4129.41294129413,0.310970904961511,log_CAA
4130.41304130413,0.310857647841193,log_CAA
4131.41314131413,0.310744427010485,log_CAA
4132.41324132413,0.310631242461604,log_CAA
4133.41334133413,0.310518094186765,log_CAA
4134.41344134413,0.310404982178183,log_CAA
4135.41354135414,0.310291906428069,log_CAA
4136.41364136414,0.310178866928631,log_CAA
4137.41374137414,0.310065863672078,log_CAA
4138.41384138414,0.309952896650616,log_CAA
4139.41394139414,0.309839965856448,log_CAA
4140.41404140414,0.309727071281777,log_CAA
4141.41414141414,0.309614212918802,log_CAA
4142.41424142414,0.309501390759722,log_CAA
4143.41434143414,0.309388604796733,log_CAA
4144.41444144414,0.30927585502203,log_CAA
4145.41454145415,0.309163141427805,log_CAA
4146.41464146415,0.30905046400625,log_CAA
4147.41474147415,0.308937822749553,log_CAA
4148.41484148415,0.308825217649902,log_CAA
4149.41494149415,0.308712648699481,log_CAA
4150.41504150415,0.308600115890474,log_CAA
4151.41514151415,0.308487619215064,log_CAA
4152.41524152415,0.308375158665429,log_CAA
4153.41534153415,0.308262734233748,log_CAA
4154.41544154415,0.308150345912196,log_CAA
4155.41554155416,0.308037993692949,log_CAA
4156.41564156416,0.307925677568179,log_CAA
4157.41574157416,0.307813397530056,log_CAA
4158.41584158416,0.307701153570751,log_CAA
4159.41594159416,0.307588945682429,log_CAA
4160.41604160416,0.307476773857256,log_CAA
4161.41614161416,0.307364638087396,log_CAA
4162.41624162416,0.30725253836501,log_CAA
4163.41634163416,0.30714047468226,log_CAA
4164.41644164417,0.307028447031302,log_CAA
4165.41654165417,0.306916455404294,log_CAA
4166.41664166417,0.306804499793391,log_CAA
4167.41674167417,0.306692580190745,log_CAA
4168.41684168417,0.306580696588508,log_CAA
4169.41694169417,0.306468848978829,log_CAA
4170.41704170417,0.306357037353856,log_CAA
4171.41714171417,0.306245261705735,log_CAA
4172.41724172417,0.30613352202661,log_CAA
4173.41734173417,0.306021818308625,log_CAA
4174.41744174417,0.305910150543919,log_CAA
4175.41754175417,0.305798518724632,log_CAA
4176.41764176418,0.305686922842902,log_CAA
4177.41774177418,0.305575362890864,log_CAA
4178.41784178418,0.305463838860653,log_CAA
4179.41794179418,0.3053523507444,log_CAA
4180.41804180418,0.305240898534236,log_CAA
4181.41814181418,0.30512948222229,log_CAA
4182.41824182418,0.305018101800689,log_CAA
4183.41834183418,0.30490675726156,log_CAA
4184.41844184418,0.304795448597025,log_CAA
4185.41854185419,0.304684175799208,log_CAA
4186.41864186419,0.304572938860228,log_CAA
4187.41874187419,0.304461737772205,log_CAA
4188.41884188419,0.304350572527255,log_CAA
4189.41894189419,0.304239443117495,log_CAA
4190.41904190419,0.304128349535038,log_CAA
4191.41914191419,0.304017291771996,log_CAA
4192.41924192419,0.303906269820481,log_CAA
4193.41934193419,0.303795283672601,log_CAA
4194.41944194419,0.303684333320463,log_CAA
4195.41954195419,0.303573418756173,log_CAA
4196.4196419642,0.303462539971836,log_CAA
4197.4197419742,0.303351696959554,log_CAA
4198.4198419842,0.303240889711427,log_CAA
4199.4199419942,0.303130118219555,log_CAA
4200.4200420042,0.303019382476036,log_CAA
4201.4201420142,0.302908682472965,log_CAA
4202.4202420242,0.302798018202438,log_CAA
4203.4203420342,0.302687389656546,log_CAA
4204.4204420442,0.302576796827382,log_CAA
4205.42054205421,0.302466239707034,log_CAA
4206.42064206421,0.302355718287592,log_CAA
4207.42074207421,0.302245232561141,log_CAA
4208.42084208421,0.302134782519766,log_CAA
4209.42094209421,0.302024368155552,log_CAA
4210.42104210421,0.301913989460579,log_CAA
4211.42114211421,0.301803646426928,log_CAA
4212.42124212421,0.301693339046677,log_CAA
4213.42134213421,0.301583067311905,log_CAA
4214.42144214421,0.301472831214686,log_CAA
4215.42154215422,0.301362630747094,log_CAA
4216.42164216422,0.301252465901202,log_CAA
4217.42174217422,0.301142336669081,log_CAA
4218.42184218422,0.301032243042801,log_CAA
4219.42194219422,0.300922185014429,log_CAA
4220.42204220422,0.300812162576032,log_CAA
4221.42214221422,0.300702175719675,log_CAA
4222.42224222422,0.300592224437421,log_CAA
4223.42234223422,0.300482308721332,log_CAA
4224.42244224422,0.300372428563468,log_CAA
4225.42254225422,0.300262583955888,log_CAA
4226.42264226423,0.300152774890651,log_CAA
4227.42274227423,0.30004300135981,log_CAA
4228.42284228423,0.299933263355422,log_CAA
4229.42294229423,0.299823560869539,log_CAA
4230.42304230423,0.299713893894212,log_CAA
4231.42314231423,0.299604262421491,log_CAA
4232.42324232423,0.299494666443425,log_CAA
4233.42334233423,0.299385105952062,log_CAA
4234.42344234423,0.299275580939445,log_CAA
4235.42354235424,0.29916609139762,log_CAA
4236.42364236424,0.29905663731863,log_CAA
4237.42374237424,0.298947218694515,log_CAA
4238.42384238424,0.298837835517316,log_CAA
4239.42394239424,0.298728487779069,log_CAA
4240.42404240424,0.298619175471814,log_CAA
4241.42414241424,0.298509898587585,log_CAA
4242.42424242424,0.298400657118415,log_CAA
4243.42434243424,0.298291451056338,log_CAA
4244.42444244424,0.298182280393386,log_CAA
4245.42454245425,0.298073145121587,log_CAA
4246.42464246425,0.29796404523297,log_CAA
4247.42474247425,0.297854980719562,log_CAA
4248.42484248425,0.297745951573388,log_CAA
4249.42494249425,0.297636957786474,log_CAA
4250.42504250425,0.297527999350841,log_CAA
4251.42514251425,0.297419076258511,log_CAA
4252.42524252425,0.297310188501503,log_CAA
4253.42534253425,0.297201336071838,log_CAA
4254.42544254425,0.297092518961531,log_CAA
4255.42554255426,0.296983737162599,log_CAA
4256.42564256426,0.296874990667056,log_CAA
4257.42574257426,0.296766279466916,log_CAA
4258.42584258426,0.296657603554189,log_CAA
4259.42594259426,0.296548962920887,log_CAA
4260.42604260426,0.296440357559019,log_CAA
4261.42614261426,0.296331787460592,log_CAA
4262.42624262426,0.296223252617613,log_CAA
4263.42634263426,0.296114753022086,log_CAA
4264.42644264426,0.296006288666016,log_CAA
4265.42654265427,0.295897859541404,log_CAA
4266.42664266427,0.295789465640252,log_CAA
4267.42674267427,0.29568110695456,log_CAA
4268.42684268427,0.295572783476326,log_CAA
4269.42694269427,0.295464495197546,log_CAA
4270.42704270427,0.295356242110218,log_CAA
4271.42714271427,0.295248024206334,log_CAA
4272.42724272427,0.295139841477889,log_CAA
4273.42734273427,0.295031693916874,log_CAA
4274.42744274427,0.29492358151528,log_CAA
4275.42754275428,0.294815504265095,log_CAA
4276.42764276428,0.294707462158309,log_CAA
4277.42774277428,0.294599455186907,log_CAA
4278.42784278428,0.294491483342875,log_CAA
4279.42794279428,0.294383546618198,log_CAA
4280.42804280428,0.294275645004857,log_CAA
4281.42814281428,0.294167778494835,log_CAA
4282.42824282428,0.294059947080112,log_CAA
4283.42834283428,0.293952150752667,log_CAA
4284.42844284428,0.293844389504478,log_CAA
4285.42854285429,0.293736663327521,log_CAA
4286.42864286429,0.293628972213772,log_CAA
4287.42874287429,0.293521316155205,log_CAA
4288.42884288429,0.293413695143792,log_CAA
4289.42894289429,0.293306109171505,log_CAA
4290.42904290429,0.293198558230315,log_CAA
4291.42914291429,0.29309104231219,log_CAA
4292.42924292429,0.2929835614091,log_CAA
4293.42934293429,0.292876115513009,log_CAA
4294.42944294429,0.292768704615884,log_CAA
4295.4295429543,0.292661328709689,log_CAA
4296.4296429643,0.292553987786387,log_CAA
4297.4297429743,0.29244668183794,log_CAA
4298.4298429843,0.292339410856308,log_CAA
4299.4299429943,0.292232174833451,log_CAA
4300.4300430043,0.292124973761328,log_CAA
4301.4301430143,0.292017807631894,log_CAA
4302.4302430243,0.291910676437107,log_CAA
4303.4303430343,0.291803580168921,log_CAA
4304.4304430443,0.291696518819289,log_CAA
4305.43054305431,0.291589492380164,log_CAA
4306.43064306431,0.291482500843496,log_CAA
4307.43074307431,0.291375544201236,log_CAA
4308.43084308431,0.291268622445334,log_CAA
4309.43094309431,0.291161735567735,log_CAA
4310.43104310431,0.291054883560388,log_CAA
4311.43114311431,0.290948066415236,log_CAA
4312.43124312431,0.290841284124226,log_CAA
4313.43134313431,0.290734536679299,log_CAA
4314.43144314432,0.290627824072397,log_CAA
4315.43154315432,0.290521146295463,log_CAA
4316.43164316432,0.290414503340434,log_CAA
4317.43174317432,0.29030789519925,log_CAA
4318.43184318432,0.290201321863848,log_CAA
4319.43194319432,0.290094783326165,log_CAA
4320.43204320432,0.289988279578135,log_CAA
4321.43214321432,0.289881810611693,log_CAA
4322.43224322432,0.289775376418771,log_CAA
4323.43234323432,0.289668976991303,log_CAA
4324.43244324432,0.289562612321218,log_CAA
4325.43254325432,0.289456282400446,log_CAA
4326.43264326433,0.289349987220916,log_CAA
4327.43274327433,0.289243726774554,log_CAA
4328.43284328433,0.289137501053289,log_CAA
4329.43294329433,0.289031310049044,log_CAA
4330.43304330433,0.288925153753745,log_CAA
4331.43314331433,0.288819032159314,log_CAA
4332.43324332433,0.288712945257673,log_CAA
4333.43334333433,0.288606893040744,log_CAA
4334.43344334433,0.288500875500447,log_CAA
4335.43354335434,0.2883948926287,log_CAA
4336.43364336434,0.288288944417422,log_CAA
4337.43374337434,0.288183030858528,log_CAA
4338.43384338434,0.288077151943936,log_CAA
4339.43394339434,0.287971307665559,log_CAA
4340.43404340434,0.287865498015311,log_CAA
4341.43414341434,0.287759722985106,log_CAA
4342.43424342434,0.287653982566854,log_CAA
4343.43434343434,0.287548276752467,log_CAA
4344.43444344434,0.287442605533853,log_CAA
4345.43454345434,0.287336968902921,log_CAA
4346.43464346435,0.28723136685158,log_CAA
4347.43474347435,0.287125799371734,log_CAA
4348.43484348435,0.287020266455291,log_CAA
4349.43494349435,0.286914768094154,log_CAA
4350.43504350435,0.286809304280227,log_CAA
4351.43514351435,0.286703875005412,log_CAA
4352.43524352435,0.28659848026161,log_CAA
4353.43534353435,0.286493120040724,log_CAA
4354.43544354435,0.286387794334651,log_CAA
4355.43554355436,0.28628250313529,log_CAA
4356.43564356436,0.28617724643454,log_CAA
4357.43574357436,0.286072024224296,log_CAA
4358.43584358436,0.285966836496454,log_CAA
4359.43594359436,0.285861683242908,log_CAA
4360.43604360436,0.285756564455553,log_CAA
4361.43614361436,0.285651480126282,log_CAA
4362.43624362436,0.285546430246985,log_CAA
4363.43634363436,0.285441414809553,log_CAA
4364.43644364436,0.285336433805877,log_CAA
4365.43654365437,0.285231487227846,log_CAA
4366.43664366437,0.285126575067346,log_CAA
4367.43674367437,0.285021697316266,log_CAA
4368.43684368437,0.284916853966491,log_CAA
4369.43694369437,0.284812045009907,log_CAA
4370.43704370437,0.284707270438398,log_CAA
4371.43714371437,0.284602530243846,log_CAA
4372.43724372437,0.284497824418134,log_CAA
4373.43734373437,0.284393152953145,log_CAA
4374.43744374437,0.284288515840757,log_CAA
4375.43754375437,0.284183913072851,log_CAA
4376.43764376438,0.284079344641306,log_CAA
4377.43774377438,0.283974810537999,log_CAA
4378.43784378438,0.283870310754807,log_CAA
4379.43794379438,0.283765845283607,log_CAA
4380.43804380438,0.283661414116273,log_CAA
4381.43814381438,0.283557017244679,log_CAA
4382.43824382438,0.283452654660699,log_CAA
4383.43834383438,0.283348326356205,log_CAA
4384.43844384438,0.283244032323069,log_CAA
4385.43854385439,0.283139772553161,log_CAA
4386.43864386439,0.283035547038351,log_CAA
4387.43874387439,0.282931355770509,log_CAA
4388.43884388439,0.282827198741502,log_CAA
4389.43894389439,0.282723075943197,log_CAA
4390.43904390439,0.282618987367461,log_CAA
4391.43914391439,0.28251493300616,log_CAA
4392.43924392439,0.282410912851157,log_CAA
4393.43934393439,0.282306926894317,log_CAA
4394.43944394439,0.282202975127503,log_CAA
4395.4395439544,0.282099057542576,log_CAA
4396.4396439644,0.281995174131399,log_CAA
4397.4397439744,0.281891324885831,log_CAA
4398.4398439844,0.281787509797731,log_CAA
4399.4399439944,0.28168372885896,log_CAA
4400.4400440044,0.281579982061375,log_CAA
4401.4401440144,0.281476269396832,log_CAA
4402.4402440244,0.281372590857188,log_CAA
4403.4403440344,0.2812689464343,log_CAA
4404.4404440444,0.28116533612002,log_CAA
4405.44054405441,0.281061759906204,log_CAA
4406.44064406441,0.280958217784704,log_CAA
4407.44074407441,0.280854709747373,log_CAA
4408.44084408441,0.280751235786062,log_CAA
4409.44094409441,0.280647795892622,log_CAA
4410.44104410441,0.280544390058902,log_CAA
4411.44114411441,0.280441018276752,log_CAA
4412.44124412441,0.28033768053802,log_CAA
4413.44134413441,0.280234376834554,log_CAA
4414.44144414441,0.280131107158201,log_CAA
4415.44154415442,0.280027871500806,log_CAA
4416.44164416442,0.279924669854214,log_CAA
4417.44174417442,0.279821502210271,log_CAA
4418.44184418442,0.27971836856082,log_CAA
4419.44194419442,0.279615268897704,log_CAA
4420.44204420442,0.279512203212764,log_CAA
4421.44214421442,0.279409171497843,log_CAA
4422.44224422442,0.279306173744781,log_CAA
4423.44234423442,0.279203209945419,log_CAA
4424.44244424442,0.279100280091594,log_CAA
4425.44254425443,0.278997384175147,log_CAA
4426.44264426443,0.278894522187914,log_CAA
4427.44274427443,0.278791694121732,log_CAA
4428.44284428443,0.278688899968439,log_CAA
4429.44294429443,0.278586139719868,log_CAA
4430.44304430443,0.278483413367856,log_CAA
4431.44314431443,0.278380720904236,log_CAA
4432.44324432443,0.278278062320842,log_CAA
4433.44334433443,0.278175437609506,log_CAA
4434.44344434443,0.278072846762061,log_CAA
4435.44354435444,0.277970289770337,log_CAA
4436.44364436444,0.277867766626165,log_CAA
4437.44374437444,0.277765277321376,log_CAA
4438.44384438444,0.277662821847798,log_CAA
4439.44394439444,0.277560400197259,log_CAA
4440.44404440444,0.277458012361588,log_CAA
4441.44414441444,0.277355658332612,log_CAA
4442.44424442444,0.277253338102157,log_CAA
4443.44434443444,0.277151051662049,log_CAA
4444.44444444444,0.277048799004112,log_CAA
4445.44454445445,0.276946580120172,log_CAA
4446.44464446445,0.276844395002052,log_CAA
4447.44474447445,0.276742243641576,log_CAA
4448.44484448445,0.276640126030565,log_CAA
4449.44494449445,0.276538042160841,log_CAA
4450.44504450445,0.276435992024225,log_CAA
4451.44514451445,0.276333975612539,log_CAA
4452.44524452445,0.276231992917601,log_CAA
4453.44534453445,0.276130043931231,log_CAA
4454.44544454445,0.276028128645248,log_CAA
4455.44554455446,0.275926247051469,log_CAA
4456.44564456446,0.275824399141711,log_CAA
4457.44574457446,0.275722584907791,log_CAA
4458.44584458446,0.275620804341526,log_CAA
4459.44594459446,0.27551905743473,log_CAA
4460.44604460446,0.275417344179218,log_CAA
4461.44614461446,0.275315664566804,log_CAA
4462.44624462446,0.275214018589302,log_CAA
4463.44634463446,0.275112406238525,log_CAA
4464.44644464447,0.275010827506285,log_CAA
4465.44654465447,0.274909282384394,log_CAA
4466.44664466447,0.274807770864662,log_CAA
4467.44674467447,0.2747062929389,log_CAA
4468.44684468447,0.274604848598919,log_CAA
4469.44694469447,0.274503437836526,log_CAA
4470.44704470447,0.274402060643532,log_CAA
4471.44714471447,0.274300717011744,log_CAA
4472.44724472447,0.274199406932969,log_CAA
4473.44734473447,0.274098130399015,log_CAA
4474.44744474447,0.273996887401688,log_CAA
4475.44754475448,0.273895677932794,log_CAA
4476.44764476448,0.273794501984138,log_CAA
4477.44774477448,0.273693359547524,log_CAA
4478.44784478448,0.273592250614757,log_CAA
4479.44794479448,0.27349117517764,log_CAA
4480.44804480448,0.273390133227976,log_CAA
4481.44814481448,0.273289124757568,log_CAA
4482.44824482448,0.273188149758217,log_CAA
4483.44834483448,0.273087208221725,log_CAA
4484.44844484448,0.272986300139893,log_CAA
4485.44854485449,0.27288542550452,log_CAA
4486.44864486449,0.272784584307406,log_CAA
4487.44874487449,0.272683776540351,log_CAA
4488.44884488449,0.272583002195153,log_CAA
4489.44894489449,0.272482261263611,log_CAA
4490.44904490449,0.272381553737521,log_CAA
4491.44914491449,0.272280879608681,log_CAA
4492.44924492449,0.272180238868888,log_CAA
4493.44934493449,0.272079631509936,log_CAA
4494.44944494449,0.271979057523623,log_CAA
4495.44954495449,0.271878516901742,log_CAA
4496.4496449645,0.271778009636089,log_CAA
4497.4497449745,0.271677535718457,log_CAA
4498.4498449845,0.271577095140639,log_CAA
4499.4499449945,0.271476687894429,log_CAA
4500.4500450045,0.271376313971619,log_CAA
4501.4501450145,0.271275973364001,log_CAA
4502.4502450245,0.271175666063367,log_CAA
4503.4503450345,0.271075392061507,log_CAA
4504.4504450445,0.270975151350213,log_CAA
4505.45054505451,0.270874943921273,log_CAA
4506.45064506451,0.270774769766478,log_CAA
4507.45074507451,0.270674628877616,log_CAA
4508.45084508451,0.270574521246477,log_CAA
4509.45094509451,0.270474446864848,log_CAA
4510.45104510451,0.270374405724518,log_CAA
4511.45114511451,0.270274397817273,log_CAA
4512.45124512451,0.2701744231349,log_CAA
4513.45134513451,0.270074481669185,log_CAA
4514.45144514451,0.269974573411914,log_CAA
4515.45154515452,0.269874698354873,log_CAA
4516.45164516452,0.269774856489847,log_CAA
4517.45174517452,0.26967504780862,log_CAA
4518.45184518452,0.269575272302975,log_CAA
4519.45194519452,0.269475529964698,log_CAA
4520.45204520452,0.269375820785571,log_CAA
4521.45214521452,0.269276144757376,log_CAA
4522.45224522452,0.269176501871896,log_CAA
4523.45234523452,0.269076892120914,log_CAA
4524.45244524452,0.26897731549621,log_CAA
4525.45254525453,0.268877771989565,log_CAA
4526.45264526453,0.268778261592761,log_CAA
4527.45274527453,0.268678784297577,log_CAA
4528.45284528453,0.268579340095793,log_CAA
4529.45294529453,0.268479928979189,log_CAA
4530.45304530453,0.268380550939544,log_CAA
4531.45314531453,0.268281205968636,log_CAA
4532.45324532453,0.268181894058244,log_CAA
4533.45334533453,0.268082615200144,log_CAA
4534.45344534453,0.267983369386116,log_CAA
4535.45354535454,0.267884156607936,log_CAA
4536.45364536454,0.26778497685738,log_CAA
4537.45374537454,0.267685830126224,log_CAA
4538.45384538454,0.267586716406246,log_CAA
4539.45394539454,0.267487635689219,log_CAA
4540.45404540454,0.26738858796692,log_CAA
4541.45414541454,0.267289573231123,log_CAA
4542.45424542454,0.267190591473602,log_CAA
4543.45434543454,0.267091642686132,log_CAA
4544.45444544454,0.266992726860486,log_CAA
4545.45454545455,0.266893843988437,log_CAA
4546.45464546455,0.266794994061759,log_CAA
4547.45474547455,0.266696177072224,log_CAA
4548.45484548455,0.266597393011604,log_CAA
4549.45494549455,0.266498641871671,log_CAA
4550.45504550455,0.266399923644197,log_CAA
4551.45514551455,0.266301238320953,log_CAA
4552.45524552455,0.266202585893709,log_CAA
4553.45534553455,0.266103966354237,log_CAA
4554.45544554455,0.266005379694307,log_CAA
4555.45554555456,0.265906825905688,log_CAA
4556.45564556456,0.265808304980149,log_CAA
4557.45574557456,0.265709816909461,log_CAA
4558.45584558456,0.265611361685392,log_CAA
4559.45594559456,0.265512939299711,log_CAA
4560.45604560456,0.265414549744185,log_CAA
4561.45614561456,0.265316193010583,log_CAA
4562.45624562456,0.265217869090673,log_CAA
4563.45634563456,0.265119577976221,log_CAA
4564.45644564457,0.265021319658996,log_CAA
4565.45654565457,0.264923094130762,log_CAA
4566.45664566457,0.264824901383288,log_CAA
4567.45674567457,0.264726741408339,log_CAA
4568.45684568457,0.264628614197681,log_CAA
4569.45694569457,0.264530519743079,log_CAA
4570.45704570457,0.264432458036299,log_CAA
4571.45714571457,0.264334429069105,log_CAA
4572.45724572457,0.264236432833263,log_CAA
4573.45734573457,0.264138469320537,log_CAA
4574.45744574457,0.26404053852269,log_CAA
4575.45754575458,0.263942640431488,log_CAA
4576.45764576458,0.263844775038692,log_CAA
4577.45774577458,0.263746942336067,log_CAA
4578.45784578458,0.263649142315376,log_CAA
4579.45794579458,0.263551374968382,log_CAA
4580.45804580458,0.263453640286847,log_CAA
4581.45814581458,0.263355938262532,log_CAA
4582.45824582458,0.263258268887202,log_CAA
4583.45834583458,0.263160632152616,log_CAA
4584.45844584458,0.263063028050537,log_CAA
4585.45854585459,0.262965456572726,log_CAA
4586.45864586459,0.262867917710944,log_CAA
4587.45874587459,0.262770411456951,log_CAA
4588.45884588459,0.262672937802509,log_CAA
4589.45894589459,0.262575496739377,log_CAA
4590.45904590459,0.262478088259316,log_CAA
4591.45914591459,0.262380712354086,log_CAA
4592.45924592459,0.262283369015446,log_CAA
4593.45934593459,0.262186058235156,log_CAA
4594.4594459446,0.262088780004974,log_CAA
4595.4595459546,0.261991534316661,log_CAA
4596.4596459646,0.261894321161973,log_CAA
4597.4597459746,0.261797140532671,log_CAA
4598.4598459846,0.261699992420513,log_CAA
4599.4599459946,0.261602876817256,log_CAA
4600.4600460046,0.261505793714658,log_CAA
4601.4601460146,0.261408743104478,log_CAA
4602.4602460246,0.261311724978473,log_CAA
4603.4603460346,0.261214739328399,log_CAA
4604.4604460446,0.261117786146015,log_CAA
4605.46054605461,0.261020865423078,log_CAA
4606.46064606461,0.260923977151343,log_CAA
4607.46074607461,0.260827121322568,log_CAA
4608.46084608461,0.260730297928508,log_CAA
4609.46094609461,0.260633506960921,log_CAA
4610.46104610461,0.260536748411563,log_CAA
4611.46114611461,0.260440022272188,log_CAA
4612.46124612461,0.260343328534553,log_CAA
4613.46134613461,0.260246667190413,log_CAA
4614.46144614462,0.260150038231525,log_CAA
4615.46154615462,0.260053441649642,log_CAA
4616.46164616462,0.25995687743652,log_CAA
4617.46174617462,0.259860345583913,log_CAA
4618.46184618462,0.259763846083578,log_CAA
4619.46194619462,0.259667378927267,log_CAA
4620.46204620462,0.259570944106736,log_CAA
4621.46214621462,0.259474541613739,log_CAA
4622.46224622462,0.25937817144003,log_CAA
4623.46234623462,0.259281833577363,log_CAA
4624.46244624463,0.259185528017492,log_CAA
4625.46254625463,0.25908925475217,log_CAA
4626.46264626463,0.258993013773151,log_CAA
4627.46274627463,0.25889680507219,log_CAA
4628.46284628463,0.258800628641038,log_CAA
4629.46294629463,0.258704484471449,log_CAA
4630.46304630463,0.258608372555176,log_CAA
4631.46314631463,0.258512292883972,log_CAA
4632.46324632463,0.258416245449591,log_CAA
4633.46334633463,0.258320230243784,log_CAA
4634.46344634463,0.258224247258304,log_CAA
4635.46354635464,0.258128296484905,log_CAA
4636.46364636464,0.258032377915337,log_CAA
4637.46374637464,0.257936491541354,log_CAA
4638.46384638464,0.257840637354708,log_CAA
4639.46394639464,0.257744815347151,log_CAA
4640.46404640464,0.257649025510435,log_CAA
4641.46414641464,0.257553267836311,log_CAA
4642.46424642464,0.257457542316532,log_CAA
4643.46434643464,0.257361848942849,log_CAA
4644.46444644464,0.257266187707014,log_CAA
4645.46454645465,0.257170558600778,log_CAA
4646.46464646465,0.257074961615893,log_CAA
4647.46474647465,0.256979396744111,log_CAA
4648.46484648465,0.256883863977182,log_CAA
4649.46494649465,0.256788363306858,log_CAA
4650.46504650465,0.25669289472489,log_CAA
4651.46514651465,0.25659745822303,log_CAA
4652.46524652465,0.256502053793027,log_CAA
4653.46534653465,0.256406681426634,log_CAA
4654.46544654465,0.2563113411156,log_CAA
4655.46554655466,0.256216032851678,log_CAA
4656.46564656466,0.256120756626618,log_CAA
4657.46574657466,0.256025512432169,log_CAA
4658.46584658466,0.255930300260085,log_CAA
4659.46594659466,0.255835120102114,log_CAA
4660.46604660466,0.255739971950007,log_CAA
4661.46614661466,0.255644855795516,log_CAA
4662.46624662466,0.25554977163039,log_CAA
4663.46634663466,0.25545471944638,log_CAA
4664.46644664466,0.255359699235237,log_CAA
4665.46654665467,0.25526471098871,log_CAA
4666.46664666467,0.255169754698551,log_CAA
4667.46674667467,0.25507483035651,log_CAA
4668.46684668467,0.254979937954336,log_CAA
4669.46694669467,0.254885077483781,log_CAA
4670.46704670467,0.254790248936595,log_CAA
4671.46714671467,0.254695452304528,log_CAA
4672.46724672467,0.25460068757933,log_CAA
4673.46734673467,0.254505954752751,log_CAA
4674.46744674467,0.254411253816542,log_CAA
4675.46754675468,0.254316584762453,log_CAA
4676.46764676468,0.254221947582234,log_CAA
4677.46774677468,0.254127342267636,log_CAA
4678.46784678468,0.254032768810408,log_CAA
4679.46794679468,0.253938227202302,log_CAA
4680.46804680468,0.253843717435066,log_CAA
4681.46814681468,0.253749239500452,log_CAA
4682.46824682468,0.25365479339021,log_CAA
4683.46834683468,0.253560379096089,log_CAA
4684.46844684468,0.253465996609841,log_CAA
4685.46854685469,0.253371645923216,log_CAA
4686.46864686469,0.253277327027963,log_CAA
4687.46874687469,0.253183039915834,log_CAA
4688.46884688469,0.253088784578578,log_CAA
4689.46894689469,0.252994561007946,log_CAA
4690.46904690469,0.252900369195689,log_CAA
4691.46914691469,0.252806209133557,log_CAA
4692.46924692469,0.2527120808133,log_CAA
4693.46934693469,0.252617984226669,log_CAA
4694.46944694469,0.252523919365415,log_CAA
4695.4695469547,0.252429886221288,log_CAA
4696.4696469647,0.252335884786039,log_CAA
4697.4697469747,0.252241915051418,log_CAA
4698.4698469847,0.252147977009177,log_CAA
4699.4699469947,0.252054070651067,log_CAA
4700.4700470047,0.251960195968837,log_CAA
4701.4701470147,0.251866352954239,log_CAA
4702.4702470247,0.251772541599024,log_CAA
4703.4703470347,0.251678761894944,log_CAA
4704.4704470447,0.251585013833748,log_CAA
4705.47054705471,0.251491297407189,log_CAA
4706.47064706471,0.251397612607018,log_CAA
4707.47074707471,0.251303959424985,log_CAA
4708.47084708471,0.251210337852843,log_CAA
4709.47094709471,0.251116747882343,log_CAA
4710.47104710471,0.251023189505236,log_CAA
4711.47114711471,0.250929662713274,log_CAA
4712.47124712471,0.25083616749821,log_CAA
4713.47134713471,0.250742703851793,log_CAA
4714.47144714472,0.250649271765777,log_CAA
4715.47154715472,0.250555871231914,log_CAA
4716.47164716472,0.250462502241955,log_CAA
4717.47174717472,0.250369164787653,log_CAA
4718.47184718472,0.25027585886076,log_CAA
4719.47194719472,0.250182584453029,log_CAA
4720.47204720472,0.250089341556211,log_CAA
4721.47214721472,0.24999613016206,log_CAA
4722.47224722472,0.249902950262328,log_CAA
4723.47234723472,0.249809801848768,log_CAA
4724.47244724472,0.249716684913133,log_CAA
4725.47254725473,0.249623599447175,log_CAA
4726.47264726473,0.249530545442649,log_CAA
4727.47274727473,0.249437522891308,log_CAA
4728.47284728473,0.249344531784904,log_CAA
4729.47294729473,0.249251572115191,log_CAA
4730.47304730473,0.249158643873923,log_CAA
4731.47314731473,0.249065747052854,log_CAA
4732.47324732473,0.248972881643737,log_CAA
4733.47334733473,0.248880047638328,log_CAA
4734.47344734473,0.248787245028378,log_CAA
4735.47354735474,0.248694473805644,log_CAA
4736.47364736474,0.24860173396188,log_CAA
4737.47374737474,0.248509025488839,log_CAA
4738.47384738474,0.248416348378278,log_CAA
4739.47394739474,0.24832370262195,log_CAA
4740.47404740474,0.248231088211611,log_CAA
4741.47414741474,0.248138505139016,log_CAA
4742.47424742474,0.248045953395921,log_CAA
4743.47434743474,0.24795343297408,log_CAA
4744.47444744475,0.24786094386525,log_CAA
4745.47454745475,0.247768486061186,log_CAA
4746.47464746475,0.247676059553644,log_CAA
4747.47474747475,0.247583664334381,log_CAA
4748.47484748475,0.247491300395152,log_CAA
4749.47494749475,0.247398967727715,log_CAA
4750.47504750475,0.247306666323826,log_CAA
4751.47514751475,0.247214396175241,log_CAA
4752.47524752475,0.247122157273718,log_CAA
4753.47534753475,0.247029949611014,log_CAA
4754.47544754475,0.246937773178887,log_CAA
4755.47554755476,0.246845627969093,log_CAA
4756.47564756476,0.246753513973391,log_CAA
4757.47574757476,0.246661431183539,log_CAA
4758.47584758476,0.246569379591294,log_CAA
4759.47594759476,0.246477359188415,log_CAA
4760.47604760476,0.246385369966661,log_CAA
4761.47614761476,0.24629341191779,log_CAA
4762.47624762476,0.246201485033561,log_CAA
4763.47634763476,0.246109589305734,log_CAA
4764.47644764477,0.246017724726067,log_CAA
4765.47654765477,0.24592589128632,log_CAA
4766.47664766477,0.245834088978253,log_CAA
4767.47674767477,0.245742317793626,log_CAA
4768.47684768477,0.245650577724199,log_CAA
4769.47694769477,0.245558868761732,log_CAA
4770.47704770477,0.245467190897986,log_CAA
4771.47714771477,0.245375544124722,log_CAA
4772.47724772477,0.2452839284337,log_CAA
4773.47734773477,0.245192343816683,log_CAA
4774.47744774478,0.245100790265431,log_CAA
4775.47754775478,0.245009267771707,log_CAA
4776.47764776478,0.244917776327271,log_CAA
4777.47774777478,0.244826315923887,log_CAA
4778.47784778478,0.244734886553317,log_CAA
4779.47794779478,0.244643488207324,log_CAA
4780.47804780478,0.244552120877669,log_CAA
4781.47814781478,0.244460784556118,log_CAA
4782.47824782478,0.244369479234432,log_CAA
4783.47834783478,0.244278204904375,log_CAA
4784.47844784478,0.244186961557712,log_CAA
4785.47854785479,0.244095749186207,log_CAA
4786.47864786479,0.244004567781623,log_CAA
4787.47874787479,0.243913417335726,log_CAA
4788.47884788479,0.243822297840281,log_CAA
4789.47894789479,0.243731209287052,log_CAA
4790.47904790479,0.243640151667805,log_CAA
4791.47914791479,0.243549124974306,log_CAA
4792.47924792479,0.24345812919832,log_CAA
4793.47934793479,0.243367164331614,log_CAA
4794.47944794479,0.243276230365955,log_CAA
4795.4795479548,0.243185327293109,log_CAA
4796.4796479648,0.243094455104843,log_CAA
4797.4797479748,0.243003613792925,log_CAA
4798.4798479848,0.242912803349121,log_CAA
4799.4799479948,0.242822023765201,log_CAA
4800.4800480048,0.242731275032932,log_CAA
4801.4801480148,0.242640557144082,log_CAA
4802.4802480248,0.242549870090421,log_CAA
4803.4803480348,0.242459213863717,log_CAA
4804.4804480448,0.242368588455739,log_CAA
4805.48054805481,0.242277993858258,log_CAA
4806.48064806481,0.242187430063043,log_CAA
4807.48074807481,0.242096897061865,log_CAA
4808.48084808481,0.242006394846493,log_CAA
4809.48094809481,0.241915923408699,log_CAA
4810.48104810481,0.241825482740254,log_CAA
4811.48114811481,0.241735072832929,log_CAA
4812.48124812481,0.241644693678496,log_CAA
4813.48134813481,0.241554345268727,log_CAA
4814.48144814481,0.241464027595394,log_CAA
4815.48154815482,0.24137374065027,log_CAA
4816.48164816482,0.241283484425129,log_CAA
4817.48174817482,0.241193258911743,log_CAA
4818.48184818482,0.241103064101885,log_CAA
4819.48194819482,0.241012899987331,log_CAA
4820.48204820482,0.240922766559854,log_CAA
4821.48214821482,0.240832663811229,log_CAA
4822.48224822482,0.24074259173323,log_CAA
4823.48234823482,0.240652550317634,log_CAA
4824.48244824482,0.240562539556215,log_CAA
4825.48254825483,0.24047255944075,log_CAA
4826.48264826483,0.240382609963014,log_CAA
4827.48274827483,0.240292691114785,log_CAA
4828.48284828483,0.24020280288784,log_CAA
4829.48294829483,0.240112945273955,log_CAA
4830.48304830483,0.240023118264909,log_CAA
4831.48314831483,0.239933321852479,log_CAA
4832.48324832483,0.239843556028444,log_CAA
4833.48334833483,0.239753820784583,log_CAA
4834.48344834483,0.239664116112674,log_CAA
4835.48354835484,0.239574442004497,log_CAA
4836.48364836484,0.239484798451832,log_CAA
4837.48374837484,0.239395185446459,log_CAA
4838.48384838484,0.239305602980159,log_CAA
4839.48394839484,0.239216051044712,log_CAA
4840.48404840484,0.239126529631899,log_CAA
4841.48414841484,0.239037038733502,log_CAA
4842.48424842484,0.238947578341304,log_CAA
4843.48434843484,0.238858148447086,log_CAA
4844.48444844484,0.238768749042632,log_CAA
4845.48454845485,0.238679380119724,log_CAA
4846.48464846485,0.238590041670145,log_CAA
4847.48474847485,0.238500733685681,log_CAA
4848.48484848485,0.238411456158114,log_CAA
4849.48494849485,0.23832220907923,log_CAA
4850.48504850485,0.238232992440814,log_CAA
4851.48514851485,0.238143806234651,log_CAA
4852.48524852485,0.238054650452526,log_CAA
4853.48534853485,0.237965525086227,log_CAA
4854.48544854485,0.23787643012754,log_CAA
4855.48554855486,0.237787365568251,log_CAA
4856.48564856486,0.237698331400148,log_CAA
4857.48574857486,0.23760932761502,log_CAA
4858.48584858486,0.237520354204653,log_CAA
4859.48594859486,0.237431411160837,log_CAA
4860.48604860486,0.237342498475361,log_CAA
4861.48614861486,0.237253616140014,log_CAA
4862.48624862486,0.237164764146586,log_CAA
4863.48634863486,0.237075942486868,log_CAA
4864.48644864487,0.236987151152649,log_CAA
4865.48654865487,0.236898390135721,log_CAA
4866.48664866487,0.236809659427876,log_CAA
4867.48674867487,0.236720959020906,log_CAA
4868.48684868487,0.236632288906602,log_CAA
4869.48694869487,0.236543649076758,log_CAA
4870.48704870487,0.236455039523166,log_CAA
4871.48714871487,0.236366460237621,log_CAA
4872.48724872487,0.236277911211917,log_CAA
4873.48734873487,0.236189392437848,log_CAA
4874.48744874487,0.236100903907208,log_CAA
4875.48754875488,0.236012445611795,log_CAA
4876.48764876488,0.235924017543402,log_CAA
4877.48774877488,0.235835619693826,log_CAA
4878.48784878488,0.235747252054865,log_CAA
4879.48794879488,0.235658914618315,log_CAA
4880.48804880488,0.235570607375974,log_CAA
4881.48814881488,0.23548233031964,log_CAA
4882.48824882488,0.235394083441111,log_CAA
4883.48834883488,0.235305866732187,log_CAA
4884.48844884488,0.235217680184666,log_CAA
4885.48854885489,0.235129523790349,log_CAA
4886.48864886489,0.235041397541036,log_CAA
4887.48874887489,0.234953301428527,log_CAA
4888.48884888489,0.234865235444625,log_CAA
4889.48894889489,0.23477719958113,log_CAA
4890.48904890489,0.234689193829845,log_CAA
4891.48914891489,0.234601218182573,log_CAA
4892.48924892489,0.234513272631116,log_CAA
4893.48934893489,0.234425357167278,log_CAA
4894.4894489449,0.234337471782864,log_CAA
4895.4895489549,0.234249616469677,log_CAA
4896.4896489649,0.234161791219523,log_CAA
4897.4897489749,0.234073996024207,log_CAA
4898.4898489849,0.233986230875535,log_CAA
4899.4899489949,0.233898495765315,log_CAA
4900.4900490049,0.233810790685352,log_CAA
4901.4901490149,0.233723115627454,log_CAA
4902.4902490249,0.233635470583428,log_CAA
4903.4903490349,0.233547855545085,log_CAA
4904.4904490449,0.233460270504231,log_CAA
4905.49054905491,0.233372715452678,log_CAA
4906.49064906491,0.233285190382234,log_CAA
4907.49074907491,0.23319769528471,log_CAA
4908.49084908491,0.233110230151917,log_CAA
4909.49094909491,0.233022794975666,log_CAA
4910.49104910491,0.232935389747769,log_CAA
4911.49114911491,0.232848014460039,log_CAA
4912.49124912491,0.232760669104289,log_CAA
4913.49134913491,0.232673353672331,log_CAA
4914.49144914492,0.23258606815598,log_CAA
4915.49154915492,0.232498812547051,log_CAA
4916.49164916492,0.232411586837358,log_CAA
4917.49174917492,0.232324391018717,log_CAA
4918.49184918492,0.232237225082944,log_CAA
4919.49194919492,0.232150089021855,log_CAA
4920.49204920492,0.232062982827267,log_CAA
4921.49214921492,0.231975906490999,log_CAA
4922.49224922492,0.231888860004867,log_CAA
4923.49234923492,0.231801843360691,log_CAA
4924.49244924493,0.23171485655029,log_CAA
4925.49254925493,0.231627899565484,log_CAA
4926.49264926493,0.231540972398092,log_CAA
4927.49274927493,0.231454075039936,log_CAA
4928.49284928493,0.231367207482837,log_CAA
4929.49294929493,0.231280369718616,log_CAA
4930.49304930493,0.231193561739097,log_CAA
4931.49314931493,0.231106783536102,log_CAA
4932.49324932493,0.231020035101454,log_CAA
4933.49334933493,0.230933316426977,log_CAA
4934.49344934493,0.230846627504497,log_CAA
4935.49354935494,0.230759968325837,log_CAA
4936.49364936494,0.230673338882825,log_CAA
4937.49374937494,0.230586739167285,log_CAA
4938.49384938494,0.230500169171046,log_CAA
4939.49394939494,0.230413628885934,log_CAA
4940.49404940494,0.230327118303776,log_CAA
4941.49414941494,0.230240637416402,log_CAA
4942.49424942494,0.230154186215641,log_CAA
4943.49434943494,0.230067764693322,log_CAA
4944.49444944494,0.229981372841275,log_CAA
4945.49454945495,0.229895010651331,log_CAA
4946.49464946495,0.229808678115321,log_CAA
4947.49474947495,0.229722375225078,log_CAA
4948.49484948495,0.229636101972433,log_CAA
4949.49494949495,0.22954985834922,log_CAA
4950.49504950495,0.229463644347272,log_CAA
4951.49514951495,0.229377459958423,log_CAA
4952.49524952495,0.229291305174508,log_CAA
4953.49534953495,0.229205179987363,log_CAA
4954.49544954495,0.229119084388823,log_CAA
4955.49554955496,0.229033018370725,log_CAA
4956.49564956496,0.228946981924906,log_CAA
4957.49574957496,0.228860975043203,log_CAA
4958.49584958496,0.228774997717455,log_CAA
4959.49594959496,0.228689049939502,log_CAA
4960.49604960496,0.228603131701181,log_CAA
4961.49614961496,0.228517242994333,log_CAA
4962.49624962496,0.2284313838108,log_CAA
4963.49634963496,0.228345554142421,log_CAA
4964.49644964496,0.22825975398104,log_CAA
4965.49654965497,0.228173983318498,log_CAA
4966.49664966497,0.228088242146638,log_CAA
4967.49674967497,0.228002530457305,log_CAA
4968.49684968497,0.227916848242342,log_CAA
4969.49694969497,0.227831195493595,log_CAA
4970.49704970497,0.227745572202909,log_CAA
4971.49714971497,0.227659978362129,log_CAA
4972.49724972497,0.227574413963103,log_CAA
4973.49734973497,0.227488878997679,log_CAA
4974.49744974497,0.227403373457703,log_CAA
4975.49754975498,0.227317897335025,log_CAA
4976.49764976498,0.227232450621494,log_CAA
4977.49774977498,0.22714703330896,log_CAA
4978.49784978498,0.227061645389273,log_CAA
4979.49794979498,0.226976286854284,log_CAA
4980.49804980498,0.226890957695845,log_CAA
4981.49814981498,0.226805657905808,log_CAA
4982.49824982498,0.226720387476027,log_CAA
4983.49834983498,0.226635146398354,log_CAA
4984.49844984498,0.226549934664645,log_CAA
4985.49854985499,0.226464752266754,log_CAA
4986.49864986499,0.226379599196536,log_CAA
4987.49874987499,0.226294475445848,log_CAA
4988.49884988499,0.226209381006547,log_CAA
4989.49894989499,0.22612431587049,log_CAA
4990.49904990499,0.226039280029535,log_CAA
4991.49914991499,0.225954273475542,log_CAA
4992.49924992499,0.225869296200368,log_CAA
4993.49934993499,0.225784348195875,log_CAA
4994.49944994499,0.225699429453923,log_CAA
4995.499549955,0.225614539966373,log_CAA
4996.499649965,0.225529679725088,log_CAA
4997.499749975,0.225444848721931,log_CAA
4998.499849985,0.225360046948763,log_CAA
4999.499949995,0.225275274397451,log_CAA
5000.500050005,0.225190531059857,log_CAA
5001.500150015,0.225105816927848,log_CAA
5002.500250025,0.22502113199329,log_CAA
5003.500350035,0.224936476248049,log_CAA
5004.500450045,0.224851849683992,log_CAA
5005.50055005501,0.224767252292988,log_CAA
5006.50065006501,0.224682684066905,log_CAA
5007.50075007501,0.224598144997613,log_CAA
5008.50085008501,0.224513635076981,log_CAA
5009.50095009501,0.224429154296881,log_CAA
5010.50105010501,0.224344702649183,log_CAA
5011.50115011501,0.22426028012576,log_CAA
5012.50125012501,0.224175886718485,log_CAA
5013.50135013501,0.224091522419231,log_CAA
5014.50145014501,0.224007187219872,log_CAA
5015.50155015502,0.223922881112283,log_CAA
5016.50165016502,0.223838604088339,log_CAA
5017.50175017502,0.223754356139917,log_CAA
5018.50185018502,0.223670137258893,log_CAA
5019.50195019502,0.223585947437146,log_CAA
5020.50205020502,0.223501786666552,log_CAA
5021.50215021502,0.223417654938993,log_CAA
5022.50225022502,0.223333552246346,log_CAA
5023.50235023502,0.223249478580492,log_CAA
5024.50245024502,0.223165433933313,log_CAA
5025.50255025503,0.223081418296691,log_CAA
5026.50265026503,0.222997431662507,log_CAA
5027.50275027503,0.222913474022645,log_CAA
5028.50285028503,0.222829545368988,log_CAA
5029.50295029503,0.222745645693423,log_CAA
5030.50305030503,0.222661774987833,log_CAA
5031.50315031503,0.222577933244104,log_CAA
5032.50325032503,0.222494120454125,log_CAA
5033.50335033503,0.222410336609781,log_CAA
5034.50345034503,0.222326581702962,log_CAA
5035.50355035504,0.222242855725556,log_CAA
5036.50365036504,0.222159158669452,log_CAA
5037.50375037504,0.222075490526542,log_CAA
5038.50385038504,0.221991851288716,log_CAA
5039.50395039504,0.221908240947866,log_CAA
5040.50405040504,0.221824659495884,log_CAA
5041.50415041504,0.221741106924664,log_CAA
5042.50425042504,0.2216575832261,log_CAA
5043.50435043504,0.221574088392087,log_CAA
5044.50445044505,0.22149062241452,log_CAA
5045.50455045505,0.221407185285294,log_CAA
5046.50465046505,0.221323776996308,log_CAA
5047.50475047505,0.221240397539459,log_CAA
5048.50485048505,0.221157046906645,log_CAA
5049.50495049505,0.221073725089765,log_CAA
5050.50505050505,0.220990432080719,log_CAA
5051.50515051505,0.220907167871409,log_CAA
5052.50525052505,0.220823932453734,log_CAA
5053.50535053505,0.220740725819599,log_CAA
5054.50545054505,0.220657547960904,log_CAA
5055.50555055506,0.220574398869555,log_CAA
5056.50565056506,0.220491278537454,log_CAA
5057.50575057506,0.220408186956509,log_CAA
5058.50585058506,0.220325124118623,log_CAA
5059.50595059506,0.220242090015705,log_CAA
5060.50605060506,0.220159084639661,log_CAA
5061.50615061506,0.2200761079824,log_CAA
5062.50625062506,0.219993160035831,log_CAA
5063.50635063506,0.219910240791863,log_CAA
5064.50645064506,0.219827350242407,log_CAA
5065.50655065507,0.219744488379373,log_CAA
5066.50665066507,0.219661655194675,log_CAA
5067.50675067507,0.219578850680225,log_CAA
5068.50685068507,0.219496074827936,log_CAA
5069.50695069507,0.219413327629723,log_CAA
5070.50705070507,0.2193306090775,log_CAA
5071.50715071507,0.219247919163184,log_CAA
5072.50725072507,0.219165257878692,log_CAA
5073.50735073507,0.21908262521594,log_CAA
5074.50745074508,0.219000021166847,log_CAA
5075.50755075508,0.218917445723332,log_CAA
5076.50765076508,0.218834898877315,log_CAA
5077.50775077508,0.218752380620716,log_CAA
5078.50785078508,0.218669890945456,log_CAA
5079.50795079508,0.218587429843459,log_CAA
5080.50805080508,0.218504997306646,log_CAA
5081.50815081508,0.218422593326941,log_CAA
5082.50825082508,0.21834021789627,log_CAA
5083.50835083508,0.218257871006556,log_CAA
5084.50845084508,0.218175552649727,log_CAA
5085.50855085509,0.218093262817709,log_CAA
5086.50865086509,0.218011001502429,log_CAA
5087.50875087509,0.217928768695817,log_CAA
5088.50885088509,0.217846564389802,log_CAA
5089.50895089509,0.217764388576313,log_CAA
5090.50905090509,0.217682241247282,log_CAA
5091.50915091509,0.21760012239464,log_CAA
5092.50925092509,0.217518032010321,log_CAA
5093.50935093509,0.217435970086256,log_CAA
5094.50945094509,0.21735393661438,log_CAA
5095.5095509551,0.217271931586629,log_CAA
5096.5096509651,0.217189954994938,log_CAA
5097.5097509751,0.217108006831243,log_CAA
5098.5098509851,0.217026087087482,log_CAA
5099.5099509951,0.216944195755593,log_CAA
5100.5100510051,0.216862332827515,log_CAA
5101.5101510151,0.216780498295188,log_CAA
5102.5102510251,0.216698692150553,log_CAA
5103.5103510351,0.216616914385551,log_CAA
5104.5104510451,0.216535164992124,log_CAA
5105.51055105511,0.216453443962216,log_CAA
5106.51065106511,0.21637175128777,log_CAA
5107.51075107511,0.216290086960732,log_CAA
5108.51085108511,0.216208450973047,log_CAA
5109.51095109511,0.21612684331666,log_CAA
5110.51105110511,0.216045263983521,log_CAA
5111.51115111511,0.215963712965576,log_CAA
5112.51125112511,0.215882190254775,log_CAA
5113.51135113511,0.215800695843068,log_CAA
5114.51145114511,0.215719229722405,log_CAA
5115.51155115512,0.215637791884737,log_CAA
5116.51165116512,0.215556382322017,log_CAA
5117.51175117512,0.215475001026199,log_CAA
5118.51185118512,0.215393647989235,log_CAA
5119.51195119512,0.215312323203081,log_CAA
5120.51205120512,0.215231026659693,log_CAA
5121.51215121512,0.215149758351027,log_CAA
5122.51225122512,0.215068518269041,log_CAA
5123.51235123512,0.214987306405693,log_CAA
5124.51245124512,0.214906122752941,log_CAA
5125.51255125513,0.214824967302747,log_CAA
5126.51265126513,0.21474384004707,log_CAA
5127.51275127513,0.214662740977872,log_CAA
5128.51285128513,0.214581670087117,log_CAA
5129.51295129513,0.214500627366766,log_CAA
5130.51305130513,0.214419612808785,log_CAA
5131.51315131513,0.214338626405139,log_CAA
5132.51325132513,0.214257668147794,log_CAA
5133.51335133513,0.214176738028715,log_CAA
5134.51345134513,0.214095836039872,log_CAA
5135.51355135514,0.214014962173233,log_CAA
5136.51365136514,0.213934116420767,log_CAA
5137.51375137514,0.213853298774444,log_CAA
5138.51385138514,0.213772509226236,log_CAA
5139.51395139514,0.213691747768115,log_CAA
5140.51405140514,0.213611014392053,log_CAA
5141.51415141514,0.213530309090025,log_CAA
5142.51425142514,0.213449631854006,log_CAA
5143.51435143514,0.213368982675969,log_CAA
5144.51445144514,0.213288361547894,log_CAA
5145.51455145515,0.213207768461755,log_CAA
5146.51465146515,0.213127203409533,log_CAA
5147.51475147515,0.213046666383205,log_CAA
5148.51485148515,0.212966157374753,log_CAA
5149.51495149515,0.212885676376155,log_CAA
5150.51505150515,0.212805223379396,log_CAA
5151.51515151515,0.212724798376457,log_CAA
5152.51525152515,0.212644401359321,log_CAA
5153.51535153515,0.212564032319974,log_CAA
5154.51545154515,0.2124836912504,log_CAA
5155.51555155516,0.212403378142586,log_CAA
5156.51565156516,0.212323092988519,log_CAA
5157.51575157516,0.212242835780186,log_CAA
5158.51585158516,0.212162606509578,log_CAA
5159.51595159516,0.212082405168683,log_CAA
5160.51605160516,0.212002231749492,log_CAA
5161.51615161516,0.211922086243998,log_CAA
5162.51625162516,0.211841968644192,log_CAA
5163.51635163516,0.211761878942068,log_CAA
5164.51645164516,0.211681817129621,log_CAA
5165.51655165517,0.211601783198845,log_CAA
5166.51665166517,0.211521777141737,log_CAA
5167.51675167517,0.211441798950294,log_CAA
5168.51685168517,0.211361848616514,log_CAA
5169.51695169517,0.211281926132395,log_CAA
5170.51705170517,0.211202031489938,log_CAA
5171.51715171517,0.211122164681144,log_CAA
5172.51725172517,0.211042325698014,log_CAA
5173.51735173517,0.21096251453255,log_CAA
5174.51745174517,0.210882731176756,log_CAA
5175.51755175518,0.210802975622637,log_CAA
5176.51765176518,0.210723247862198,log_CAA
5177.51775177518,0.210643547887446,log_CAA
5178.51785178518,0.210563875690386,log_CAA
5179.51795179518,0.210484231263028,log_CAA
5180.51805180518,0.210404614597381,log_CAA
5181.51815181518,0.210325025685454,log_CAA
5182.51825182518,0.210245464519259,log_CAA
5183.51835183518,0.210165931090807,log_CAA
5184.51845184518,0.210086425392112,log_CAA
5185.51855185519,0.210006947415186,log_CAA
5186.51865186519,0.209927497152045,log_CAA
5187.51875187519,0.209848074594704,log_CAA
5188.51885188519,0.209768679735179,log_CAA
5189.51895189519,0.209689312565489,log_CAA
5190.51905190519,0.209609973077651,log_CAA
5191.51915191519,0.209530661263686,log_CAA
5192.51925192519,0.209451377115612,log_CAA
5193.51935193519,0.209372120625452,log_CAA
5194.5194519452,0.209292891785228,log_CAA
5195.5195519552,0.209213690586962,log_CAA
5196.5196519652,0.20913451702268,log_CAA
5197.5197519752,0.209055371084405,log_CAA
5198.5198519852,0.208976252764165,log_CAA
5199.5199519952,0.208897162053985,log_CAA
5200.5200520052,0.208818098945894,log_CAA
5201.5201520152,0.208739063431921,log_CAA
5202.5202520252,0.208660055504096,log_CAA
5203.5203520352,0.208581075154449,log_CAA
5204.5204520452,0.208502122375011,log_CAA
5205.52055205521,0.208423197157817,log_CAA
5206.52065206521,0.208344299494899,log_CAA
5207.52075207521,0.208265429378292,log_CAA
5208.52085208521,0.208186586800032,log_CAA
5209.52095209521,0.208107771752154,log_CAA
5210.52105210521,0.208028984226698,log_CAA
5211.52115211521,0.207950224215701,log_CAA
5212.52125212521,0.207871491711202,log_CAA
5213.52135213521,0.207792786705243,log_CAA
5214.52145214521,0.207714109189864,log_CAA
5215.52155215522,0.207635459157107,log_CAA
5216.52165216522,0.207556836599017,log_CAA
5217.52175217522,0.207478241507638,log_CAA
5218.52185218522,0.207399673875014,log_CAA
5219.52195219522,0.207321133693193,log_CAA
5220.52205220522,0.207242620954221,log_CAA
5221.52215221522,0.207164135650146,log_CAA
5222.52225222522,0.207085677773019,log_CAA
5223.52235223522,0.207007247314888,log_CAA
5224.52245224523,0.206928844267806,log_CAA
5225.52255225523,0.206850468623824,log_CAA
5226.52265226523,0.206772120374995,log_CAA
5227.52275227523,0.206693799513375,log_CAA
5228.52285228523,0.206615506031017,log_CAA
5229.52295229523,0.206537239919978,log_CAA
5230.52305230523,0.206459001172316,log_CAA
5231.52315231523,0.206380789780088,log_CAA
5232.52325232523,0.206302605735352,log_CAA
5233.52335233523,0.206224449030171,log_CAA
5234.52345234523,0.206146319656604,log_CAA
5235.52355235524,0.206068217606714,log_CAA
5236.52365236524,0.205990142872563,log_CAA
5237.52375237524,0.205912095446217,log_CAA
5238.52385238524,0.205834075319739,log_CAA
5239.52395239524,0.205756082485196,log_CAA
5240.52405240524,0.205678116934656,log_CAA
5241.52415241524,0.205600178660186,log_CAA
5242.52425242524,0.205522267653855,log_CAA
5243.52435243524,0.205444383907734,log_CAA
5244.52445244524,0.205366527413893,log_CAA
5245.52455245525,0.205288698164405,log_CAA
5246.52465246525,0.205210896151343,log_CAA
5247.52475247525,0.205133121366781,log_CAA
5248.52485248525,0.205055373802795,log_CAA
5249.52495249525,0.20497765345146,log_CAA
5250.52505250525,0.204899960304853,log_CAA
5251.52515251525,0.204822294355054,log_CAA
5252.52525252525,0.20474465559414,log_CAA
5253.52535253525,0.204667044014193,log_CAA
5254.52545254525,0.204589459607294,log_CAA
5255.52555255525,0.204511902365525,log_CAA
5256.52565256526,0.204434372280969,log_CAA
5257.52575257526,0.204356869345711,log_CAA
5258.52585258526,0.204279393551836,log_CAA
5259.52595259526,0.20420194489143,log_CAA
5260.52605260526,0.204124523356581,log_CAA
5261.52615261526,0.204047128939377,log_CAA
5262.52625262526,0.203969761631909,log_CAA
5263.52635263526,0.203892421426265,log_CAA
5264.52645264526,0.203815108314539,log_CAA
5265.52655265527,0.203737822288822,log_CAA
5266.52665266527,0.203660563341208,log_CAA
5267.52675267527,0.203583331463791,log_CAA
5268.52685268527,0.203506126648669,log_CAA
5269.52695269527,0.203428948887936,log_CAA
5270.52705270527,0.203351798173691,log_CAA
5271.52715271527,0.203274674498033,log_CAA
5272.52725272527,0.203197577853061,log_CAA
5273.52735273527,0.203120508230877,log_CAA
5274.52745274527,0.203043465623582,log_CAA
5275.52755275528,0.20296645002328,log_CAA
5276.52765276528,0.202889461422074,log_CAA
5277.52775277528,0.202812499812069,log_CAA
5278.52785278528,0.202735565185372,log_CAA
5279.52795279528,0.202658657534089,log_CAA
5280.52805280528,0.20258177685033,log_CAA
5281.52815281528,0.202504923126202,log_CAA
5282.52825282528,0.202428096353818,log_CAA
5283.52835283528,0.202351296525287,log_CAA
5284.52845284528,0.202274523632722,log_CAA
5285.52855285529,0.202197777668237,log_CAA
5286.52865286529,0.202121058623946,log_CAA
5287.52875287529,0.202044366491966,log_CAA
5288.52885288529,0.201967701264411,log_CAA
5289.52895289529,0.201891062933402,log_CAA
5290.52905290529,0.201814451491055,log_CAA
5291.52915291529,0.201737866929491,log_CAA
5292.52925292529,0.201661309240831,log_CAA
5293.52935293529,0.201584778417196,log_CAA
5294.52945294529,0.20150827445071,log_CAA
5295.5295529553,0.201431797333498,log_CAA
5296.5296529653,0.201355347057683,log_CAA
5297.5297529753,0.201278923615392,log_CAA
5298.5298529853,0.201202526998754,log_CAA
5299.5299529953,0.201126157199895,log_CAA
5300.5300530053,0.201049814210946,log_CAA
5301.5301530153,0.200973498024036,log_CAA
5302.5302530253,0.200897208631298,log_CAA
5303.5303530353,0.200820946024864,log_CAA
5304.5304530453,0.200744710196869,log_CAA
5305.53055305531,0.200668501139446,log_CAA
5306.53065306531,0.200592318844731,log_CAA
5307.53075307531,0.200516163304863,log_CAA
5308.53085308531,0.200440034511978,log_CAA
5309.53095309531,0.200363932458216,log_CAA
5310.53105310531,0.200287857135717,log_CAA
5311.53115311531,0.200211808536623,log_CAA
5312.53125312531,0.200135786653075,log_CAA
5313.53135313531,0.200059791477218,log_CAA
5314.53145314531,0.199983823001196,log_CAA
5315.53155315532,0.199907881217154,log_CAA
5316.53165316532,0.19983196611724,log_CAA
5317.53175317532,0.199756077693601,log_CAA
5318.53185318532,0.199680215938386,log_CAA
5319.53195319532,0.199604380843745,log_CAA
5320.53205320532,0.199528572401829,log_CAA
5321.53215321532,0.199452790604791,log_CAA
5322.53225322532,0.199377035444784,log_CAA
5323.53235323532,0.199301306913961,log_CAA
5324.53245324532,0.19922560500448,log_CAA
5325.53255325533,0.199149929708496,log_CAA
5326.53265326533,0.199074281018167,log_CAA
5327.53275327533,0.198998658925652,log_CAA
5328.53285328533,0.19892306342311,log_CAA
5329.53295329533,0.198847494502704,log_CAA
5330.53305330533,0.198771952156594,log_CAA
5331.53315331533,0.198696436376944,log_CAA
5332.53325332533,0.198620947155919,log_CAA
5333.53335333533,0.198545484485684,log_CAA
5334.53345334533,0.198470048358405,log_CAA
5335.53355335534,0.19839463876625,log_CAA
5336.53365336534,0.198319255701388,log_CAA
5337.53375337534,0.198243899155989,log_CAA
5338.53385338534,0.198168569122224,log_CAA
5339.53395339534,0.198093265592264,log_CAA
5340.53405340534,0.198017988558284,log_CAA
5341.53415341534,0.197942738012457,log_CAA
5342.53425342534,0.197867513946959,log_CAA
5343.53435343534,0.197792316353966,log_CAA
5344.53445344535,0.197717145225656,log_CAA
5345.53455345535,0.197642000554209,log_CAA
5346.53465346535,0.197566882331803,log_CAA
5347.53475347535,0.19749179055062,log_CAA
5348.53485348535,0.197416725202842,log_CAA
5349.53495349535,0.197341686280653,log_CAA
5350.53505350535,0.197266673776236,log_CAA
5351.53515351535,0.197191687681778,log_CAA
5352.53525352535,0.197116727989465,log_CAA
5353.53535353535,0.197041794691485,log_CAA
5354.53545354535,0.196966887780026,log_CAA
5355.53555355536,0.196892007247279,log_CAA
5356.53565356536,0.196817153085436,log_CAA
5357.53575357536,0.196742325286688,log_CAA
5358.53585358536,0.196667523843228,log_CAA
5359.53595359536,0.196592748747252,log_CAA
5360.53605360536,0.196517999990956,log_CAA
5361.53615361536,0.196443277566535,log_CAA
5362.53625362536,0.196368581466189,log_CAA
5363.53635363536,0.196293911682115,log_CAA
5364.53645364536,0.196219268206515,log_CAA
5365.53655365537,0.196144651031591,log_CAA
5366.53665366537,0.196070060149543,log_CAA
5367.53675367537,0.195995495552577,log_CAA
5368.53685368537,0.195920957232896,log_CAA
5369.53695369537,0.195846445182708,log_CAA
5370.53705370537,0.195771959394219,log_CAA
5371.53715371537,0.195697499859637,log_CAA
5372.53725372537,0.195623066571172,log_CAA
5373.53735373537,0.195548659521035,log_CAA
5374.53745374538,0.195474278701437,log_CAA
5375.53755375538,0.195399924104591,log_CAA
5376.53765376538,0.195325595722711,log_CAA
5377.53775377538,0.195251293548012,log_CAA
5378.53785378538,0.195177017572711,log_CAA
5379.53795379538,0.195102767789024,log_CAA
5380.53805380538,0.195028544189172,log_CAA
5381.53815381538,0.194954346765373,log_CAA
5382.53825382538,0.194880175509849,log_CAA
5383.53835383538,0.194806030414821,log_CAA
5384.53845384538,0.194731911472513,log_CAA
5385.53855385539,0.194657818675149,log_CAA
5386.53865386539,0.194583752014955,log_CAA
5387.53875387539,0.194509711484158,log_CAA
5388.53885388539,0.194435697074986,log_CAA
5389.53895389539,0.194361708779667,log_CAA
5390.53905390539,0.194287746590432,log_CAA
5391.53915391539,0.194213810499512,log_CAA
5392.53925392539,0.19413990049914,log_CAA
5393.53935393539,0.194066016581549,log_CAA
5394.53945394539,0.193992158738975,log_CAA
5395.5395539554,0.193918326963654,log_CAA
5396.5396539654,0.193844521247823,log_CAA
5397.5397539754,0.193770741583719,log_CAA
5398.5398539854,0.193696987963584,log_CAA
5399.5399539954,0.193623260379657,log_CAA
5400.5400540054,0.193549558824181,log_CAA
5401.5401540154,0.193475883289398,log_CAA
5402.5402540254,0.193402233767554,log_CAA
5403.5403540354,0.193328610250893,log_CAA
5404.5404540454,0.193255012731662,log_CAA
5405.5405540554,0.193181441202109,log_CAA
5406.54065406541,0.193107895654482,log_CAA
5407.54075407541,0.193034376081033,log_CAA
5408.54085408541,0.192960882474012,log_CAA
5409.54095409541,0.192887414825672,log_CAA
5410.54105410541,0.192813973128268,log_CAA
5411.54115411541,0.192740557374052,log_CAA
5412.54125412541,0.192667167555282,log_CAA
5413.54135413541,0.192593803664216,log_CAA
5414.54145414541,0.192520465693111,log_CAA
5415.54155415542,0.192447153634227,log_CAA
5416.54165416542,0.192373867479825,log_CAA
5417.54175417542,0.192300607222167,log_CAA
5418.54185418542,0.192227372853516,log_CAA
5419.54195419542,0.192154164366137,log_CAA
5420.54205420542,0.192080981752295,log_CAA
5421.54215421542,0.192007825004258,log_CAA
5422.54225422542,0.191934694114292,log_CAA
5423.54235423542,0.191861589074668,log_CAA
5424.54245424542,0.191788509877656,log_CAA
5425.54255425543,0.191715456515527,log_CAA
5426.54265426543,0.191642428980554,log_CAA
5427.54275427543,0.191569427265011,log_CAA
5428.54285428543,0.191496451361173,log_CAA
5429.54295429543,0.191423501261317,log_CAA
5430.54305430543,0.19135057695772,log_CAA
5431.54315431543,0.191277678442661,log_CAA
5432.54325432543,0.191204805708421,log_CAA
5433.54335433543,0.191131958747279,log_CAA
5434.54345434543,0.191059137551519,log_CAA
5435.54355435544,0.190986342113424,log_CAA
5436.54365436544,0.190913572425279,log_CAA
5437.54375437544,0.190840828479371,log_CAA
5438.54385438544,0.190768110267985,log_CAA
5439.54395439544,0.190695417783412,log_CAA
5440.54405440544,0.190622751017939,log_CAA
5441.54415441544,0.190550109963859,log_CAA
5442.54425442544,0.190477494613464,log_CAA
5443.54435443544,0.190404904959046,log_CAA
5444.54445444544,0.1903323409929,log_CAA
5445.54455445545,0.190259802707321,log_CAA
5446.54465446545,0.190187290094608,log_CAA
5447.54475447545,0.190114803147058,log_CAA
5448.54485448545,0.190042341856969,log_CAA
5449.54495449545,0.189969906216644,log_CAA
5450.54505450545,0.189897496218383,log_CAA
5451.54515451545,0.18982511185449,log_CAA
5452.54525452545,0.189752753117269,log_CAA
5453.54535453545,0.189680419999026,log_CAA
5454.54545454545,0.189608112492066,log_CAA
5455.54555455546,0.189535830588698,log_CAA
5456.54565456546,0.189463574281232,log_CAA
5457.54575457546,0.189391343561977,log_CAA
5458.54585458546,0.189319138423245,log_CAA
5459.54595459546,0.189246958857349,log_CAA
5460.54605460546,0.189174804856603,log_CAA
5461.54615461546,0.189102676413322,log_CAA
5462.54625462546,0.189030573519823,log_CAA
5463.54635463546,0.188958496168424,log_CAA
5464.54645464546,0.188886444351442,log_CAA
5465.54655465547,0.1888144180612,log_CAA
5466.54665466547,0.188742417290017,log_CAA
5467.54675467547,0.188670442030217,log_CAA
5468.54685468547,0.188598492274124,log_CAA
5469.54695469547,0.188526568014062,log_CAA
5470.54705470547,0.188454669242359,log_CAA
5471.54715471547,0.188382795951341,log_CAA
5472.54725472547,0.188310948133338,log_CAA
5473.54735473547,0.188239125780679,log_CAA
5474.54745474547,0.188167328885696,log_CAA
5475.54755475548,0.188095557440722,log_CAA
5476.54765476548,0.18802381143809,log_CAA
5477.54775477548,0.187952090870136,log_CAA
5478.54785478548,0.187880395729195,log_CAA
5479.54795479548,0.187808726007605,log_CAA
5480.54805480548,0.187737081697705,log_CAA
5481.54815481548,0.187665462791835,log_CAA
5482.54825482548,0.187593869282337,log_CAA
5483.54835483548,0.187522301161552,log_CAA
5484.54845484548,0.187450758421824,log_CAA
5485.54855485549,0.187379241055499,log_CAA
5486.54865486549,0.187307749054923,log_CAA
5487.54875487549,0.187236282412443,log_CAA
5488.54885488549,0.187164841120409,log_CAA
5489.54895489549,0.187093425171169,log_CAA
5490.54905490549,0.187022034557075,log_CAA
5491.54915491549,0.186950669270481,log_CAA
5492.54925492549,0.186879329303739,log_CAA
5493.54935493549,0.186808014649205,log_CAA
5494.5494549455,0.186736725299234,log_CAA
5495.5495549555,0.186665461246186,log_CAA
5496.5496549655,0.186594222482417,log_CAA
5497.5497549755,0.186523009000289,log_CAA
5498.5498549855,0.186451820792162,log_CAA
5499.5499549955,0.1863806578504,log_CAA
5500.5500550055,0.186309520167366,log_CAA
5501.5501550155,0.186238407735425,log_CAA
5502.5502550255,0.186167320546944,log_CAA
5503.5503550355,0.186096258594289,log_CAA
5504.5504550455,0.186025221869831,log_CAA
5505.55055505551,0.185954210365939,log_CAA
5506.55065506551,0.185883224074985,log_CAA
5507.55075507551,0.185812262989341,log_CAA
5508.55085508551,0.185741327101381,log_CAA
5509.55095509551,0.185670416403481,log_CAA
5510.55105510551,0.185599530888017,log_CAA
5511.55115511551,0.185528670547367,log_CAA
5512.55125512551,0.185457835373909,log_CAA
5513.55135513551,0.185387025360025,log_CAA
5514.55145514551,0.185316240498095,log_CAA
5515.55155515552,0.185245480780503,log_CAA
5516.55165516552,0.185174746199632,log_CAA
5517.55175517552,0.185104036747869,log_CAA
5518.55185518552,0.185033352417599,log_CAA
5519.55195519552,0.184962693201211,log_CAA
5520.55205520552,0.184892059091094,log_CAA
5521.55215521552,0.184821450079638,log_CAA
5522.55225522552,0.184750866159236,log_CAA
5523.55235523552,0.184680307322279,log_CAA
5524.55245524553,0.184609773561163,log_CAA
5525.55255525553,0.184539264868284,log_CAA
5526.55265526553,0.184468781236037,log_CAA
5527.55275527553,0.184398322656822,log_CAA
5528.55285528553,0.184327889123038,log_CAA
5529.55295529553,0.184257480627085,log_CAA
5530.55305530553,0.184187097161366,log_CAA
5531.55315531553,0.184116738718283,log_CAA
5532.55325532553,0.184046405290242,log_CAA
5533.55335533553,0.183976096869648,log_CAA
5534.55345534553,0.183905813448909,log_CAA
5535.55355535554,0.183835555020433,log_CAA
5536.55365536554,0.18376532157663,log_CAA
5537.55375537554,0.18369511310991,log_CAA
5538.55385538554,0.183624929612687,log_CAA
5539.55395539554,0.183554771077373,log_CAA
5540.55405540554,0.183484637496384,log_CAA
5541.55415541554,0.183414528862136,log_CAA
5542.55425542554,0.183344445167046,log_CAA
5543.55435543554,0.183274386403534,log_CAA
5544.55445544554,0.183204352564018,log_CAA
5545.55455545555,0.183134343640922,log_CAA
5546.55465546555,0.183064359626667,log_CAA
5547.55475547555,0.182994400513677,log_CAA
5548.55485548555,0.182924466294378,log_CAA
5549.55495549555,0.182854556961196,log_CAA
5550.55505550555,0.182784672506559,log_CAA
5551.55515551555,0.182714812922896,log_CAA
5552.55525552555,0.182644978202638,log_CAA
5553.55535553555,0.182575168338217,log_CAA
5554.55545554555,0.182505383322065,log_CAA
5555.55555555555,0.182435623146618,log_CAA
5556.55565556556,0.18236588780431,log_CAA
5557.55575557556,0.182296177287579,log_CAA
5558.55585558556,0.182226491588862,log_CAA
5559.55595559556,0.182156830700601,log_CAA
5560.55605560556,0.182087194615234,log_CAA
5561.55615561556,0.182017583325206,log_CAA
5562.55625562556,0.181947996822959,log_CAA
5563.55635563556,0.181878435100938,log_CAA
5564.55645564556,0.181808898151589,log_CAA
5565.55655565557,0.18173938596736,log_CAA
5566.55665566557,0.181669898540699,log_CAA
5567.55675567557,0.181600435864057,log_CAA
5568.55685568557,0.181530997929885,log_CAA
5569.55695569557,0.181461584730636,log_CAA
5570.55705570557,0.181392196258763,log_CAA
5571.55715571557,0.181322832506723,log_CAA
5572.55725572557,0.181253493466971,log_CAA
5573.55735573557,0.181184179131965,log_CAA
5574.55745574557,0.181114889494166,log_CAA
5575.55755575558,0.181045624546033,log_CAA
5576.55765576558,0.180976384280028,log_CAA
5577.55775577558,0.180907168688615,log_CAA
5578.55785578558,0.180837977764259,log_CAA
5579.55795579558,0.180768811499424,log_CAA
5580.55805580558,0.180699669886579,log_CAA
5581.55815581558,0.180630552918191,log_CAA
5582.55825582558,0.180561460586732,log_CAA
5583.55835583558,0.180492392884671,log_CAA
5584.55845584558,0.180423349804481,log_CAA
5585.55855585559,0.180354331338637,log_CAA
5586.55865586559,0.180285337479613,log_CAA
5587.55875587559,0.180216368219885,log_CAA
5588.55885588559,0.180147423551932,log_CAA
5589.55895589559,0.180078503468233,log_CAA
5590.55905590559,0.180009607961268,log_CAA
5591.55915591559,0.179940737023518,log_CAA
5592.55925592559,0.179871890647468,log_CAA
5593.55935593559,0.179803068825601,log_CAA
5594.55945594559,0.179734271550403,log_CAA
5595.5595559556,0.179665498814361,log_CAA
5596.5596559656,0.179596750609965,log_CAA
5597.5597559756,0.179528026929702,log_CAA
5598.5598559856,0.179459327766065,log_CAA
5599.5599559956,0.179390653111546,log_CAA
5600.5600560056,0.179322002958639,log_CAA
5601.5601560156,0.179253377299839,log_CAA
5602.5602560256,0.179184776127642,log_CAA
5603.5603560356,0.179116199434545,log_CAA
5604.5604560456,0.179047647213049,log_CAA
5605.56055605561,0.178979119455654,log_CAA
5606.56065606561,0.178910616154861,log_CAA
5607.56075607561,0.178842137303173,log_CAA
5608.56085608561,0.178773682893096,log_CAA
5609.56095609561,0.178705252917134,log_CAA
5610.56105610561,0.178636847367795,log_CAA
5611.56115611561,0.178568466237588,log_CAA
5612.56125612561,0.178500109519021,log_CAA
5613.56135613561,0.178431777204607,log_CAA
5614.56145614561,0.178363469286858,log_CAA
5615.56155615562,0.178295185758288,log_CAA
5616.56165616562,0.178226926611412,log_CAA
5617.56175617562,0.178158691838746,log_CAA
5618.56185618562,0.178090481432809,log_CAA
5619.56195619562,0.178022295386119,log_CAA
5620.56205620562,0.177954133691198,log_CAA
5621.56215621562,0.177885996340567,log_CAA
5622.56225622562,0.17781788332675,log_CAA
5623.56235623562,0.17774979464227,log_CAA
5624.56245624562,0.177681730279655,log_CAA
5625.56255625563,0.177613690231431,log_CAA
5626.56265626563,0.177545674490128,log_CAA
5627.56275627563,0.177477683048275,log_CAA
5628.56285628563,0.177409715898403,log_CAA
5629.56295629563,0.177341773033046,log_CAA
5630.56305630563,0.177273854444738,log_CAA
5631.56315631563,0.177205960126013,log_CAA
5632.56325632563,0.177138090069409,log_CAA
5633.56335633563,0.177070244267465,log_CAA
5634.56345634563,0.177002422712718,log_CAA
5635.56355635564,0.176934625397712,log_CAA
5636.56365636564,0.176866852314987,log_CAA
5637.56375637564,0.176799103457087,log_CAA
5638.56385638564,0.176731378816557,log_CAA
5639.56395639564,0.176663678385944,log_CAA
5640.56405640564,0.176596002157796,log_CAA
5641.56415641564,0.176528350124661,log_CAA
5642.56425642564,0.176460722279089,log_CAA
5643.56435643564,0.176393118613633,log_CAA
5644.56445644565,0.176325539120846,log_CAA
5645.56455645565,0.176257983793282,log_CAA
5646.56465646565,0.176190452623497,log_CAA
5647.56475647565,0.176122945604048,log_CAA
5648.56485648565,0.176055462727495,log_CAA
5649.56495649565,0.175988003986396,log_CAA
5650.56505650565,0.175920569373313,log_CAA
5651.56515651565,0.175853158880809,log_CAA
5652.56525652565,0.175785772501448,log_CAA
5653.56535653565,0.175718410227796,log_CAA
5654.56545654565,0.175651072052419,log_CAA
5655.56555655566,0.175583757967885,log_CAA
5656.56565656566,0.175516467966764,log_CAA
5657.56575657566,0.175449202041627,log_CAA
5658.56585658566,0.175381960185046,log_CAA
5659.56595659566,0.175314742389595,log_CAA
5660.56605660566,0.175247548647849,log_CAA
5661.56615661566,0.175180378952384,log_CAA
5662.56625662566,0.175113233295778,log_CAA
5663.56635663566,0.175046111670611,log_CAA
5664.56645664566,0.174979014069462,log_CAA
5665.56655665567,0.174911940484914,log_CAA
5666.56665666567,0.17484489090955,log_CAA
5667.56675667567,0.174777865335955,log_CAA
5668.56685668567,0.174710863756714,log_CAA
5669.56695669567,0.174643886164415,log_CAA
5670.56705670567,0.174576932551648,log_CAA
5671.56715671567,0.174510002911001,log_CAA
5672.56725672567,0.174443097235067,log_CAA
5673.56735673567,0.174376215516439,log_CAA
5674.56745674568,0.174309357747711,log_CAA
5675.56755675568,0.174242523921478,log_CAA
5676.56765676568,0.174175714030338,log_CAA
5677.56775677568,0.174108928066889,log_CAA
5678.56785678568,0.174042166023732,log_CAA
5679.56795679568,0.173975427893467,log_CAA
5680.56805680568,0.173908713668696,log_CAA
5681.56815681568,0.173842023342025,log_CAA
5682.56825682568,0.173775356906058,log_CAA
5683.56835683568,0.173708714353402,log_CAA
5684.56845684568,0.173642095676666,log_CAA
5685.56855685569,0.173575500868458,log_CAA
5686.56865686569,0.173508929921391,log_CAA
5687.56875687569,0.173442382828075,log_CAA
5688.56885688569,0.173375859581126,log_CAA
5689.56895689569,0.173309360173157,log_CAA
5690.56905690569,0.173242884596786,log_CAA
5691.56915691569,0.173176432844631,log_CAA
5692.56925692569,0.17311000490931,log_CAA
5693.56935693569,0.173043600783445,log_CAA
5694.56945694569,0.172977220459657,log_CAA
5695.5695569557,0.17291086393057,log_CAA
5696.5696569657,0.172844531188809,log_CAA
5697.5697569757,0.172778222227001,log_CAA
5698.5698569857,0.172711937037772,log_CAA
5699.5699569957,0.172645675613752,log_CAA
5700.5700570057,0.172579437947571,log_CAA
5701.5701570157,0.172513224031862,log_CAA
5702.5702570257,0.172447033859257,log_CAA
5703.5703570357,0.172380867422391,log_CAA
5704.5704570457,0.1723147247139,log_CAA
5705.5705570557,0.172248605726421,log_CAA
5706.57065706571,0.172182510452594,log_CAA
5707.57075707571,0.172116438885059,log_CAA
5708.57085708571,0.172050391016457,log_CAA
5709.57095709571,0.171984366839431,log_CAA
5710.57105710571,0.171918366346626,log_CAA
5711.57115711571,0.171852389530688,log_CAA
5712.57125712571,0.171786436384264,log_CAA
5713.57135713571,0.171720506900002,log_CAA
5714.57145714571,0.171654601070553,log_CAA
5715.57155715572,0.171588718888567,log_CAA
5716.57165716572,0.171522860346699,log_CAA
5717.57175717572,0.171457025437602,log_CAA
5718.57185718572,0.171391214153932,log_CAA
5719.57195719572,0.171325426488347,log_CAA
5720.57205720572,0.171259662433503,log_CAA
5721.57215721572,0.171193921982062,log_CAA
5722.57225722572,0.171128205126685,log_CAA
5723.57235723572,0.171062511860034,log_CAA
5724.57245724572,0.170996842174774,log_CAA
5725.57255725573,0.17093119606357,log_CAA
5726.57265726573,0.17086557351909,log_CAA
5727.57275727573,0.170799974534001,log_CAA
5728.57285728573,0.170734399100973,log_CAA
5729.57295729573,0.170668847212677,log_CAA
5730.57305730573,0.170603318861787,log_CAA
5731.57315731573,0.170537814040976,log_CAA
5732.57325732573,0.170472332742919,log_CAA
5733.57335733573,0.170406874960294,log_CAA
5734.57345734573,0.170341440685778,log_CAA
5735.57355735574,0.170276029912052,log_CAA
5736.57365736574,0.170210642631796,log_CAA
5737.57375737574,0.170145278837694,log_CAA
5738.57385738574,0.170079938522428,log_CAA
5739.57395739574,0.170014621678684,log_CAA
5740.57405740574,0.169949328299149,log_CAA
5741.57415741574,0.169884058376512,log_CAA
5742.57425742574,0.169818811903462,log_CAA
5743.57435743574,0.169753588872689,log_CAA
5744.57445744574,0.169688389276886,log_CAA
5745.57455745575,0.169623213108748,log_CAA
5746.57465746575,0.169558060360969,log_CAA
5747.57475747575,0.169492931026247,log_CAA
5748.57485748575,0.169427825097278,log_CAA
5749.57495749575,0.169362742566764,log_CAA
5750.57505750575,0.169297683427404,log_CAA
5751.57515751575,0.169232647671902,log_CAA
5752.57525752575,0.16916763529296,log_CAA
5753.57535753575,0.169102646283285,log_CAA
5754.57545754575,0.169037680635583,log_CAA
5755.57555755576,0.168972738342562,log_CAA
5756.57565756576,0.168907819396932,log_CAA
5757.57575757576,0.168842923791403,log_CAA
5758.57585758576,0.168778051518689,log_CAA
5759.57595759576,0.168713202571502,log_CAA
5760.57605760576,0.168648376942558,log_CAA
5761.57615761576,0.168583574624574,log_CAA
5762.57625762576,0.168518795610267,log_CAA
5763.57635763576,0.168454039892358,log_CAA
5764.57645764576,0.168389307463567,log_CAA
5765.57655765577,0.168324598316617,log_CAA
5766.57665766577,0.168259912444232,log_CAA
5767.57675767577,0.168195249839136,log_CAA
5768.57685768577,0.168130610494057,log_CAA
5769.57695769577,0.168065994401722,log_CAA
5770.57705770577,0.168001401554861,log_CAA
5771.57715771577,0.167936831946206,log_CAA
5772.57725772577,0.167872285568488,log_CAA
5773.57735773577,0.167807762414442,log_CAA
5774.57745774577,0.167743262476802,log_CAA
5775.57755775578,0.167678785748306,log_CAA
5776.57765776578,0.167614332221691,log_CAA
5777.57775777578,0.167549901889698,log_CAA
5778.57785778578,0.167485494745067,log_CAA
5779.57795779578,0.16742111078054,log_CAA
5780.57805780578,0.167356749988862,log_CAA
5781.57815781578,0.167292412362779,log_CAA
5782.57825782578,0.167228097895036,log_CAA
5783.57835783578,0.167163806578382,log_CAA
5784.57845784578,0.167099538405566,log_CAA
5785.57855785579,0.167035293369341,log_CAA
5786.57865786579,0.166971071462458,log_CAA
5787.57875787579,0.166906872677672,log_CAA
5788.57885788579,0.166842697007737,log_CAA
5789.57895789579,0.166778544445411,log_CAA
5790.57905790579,0.166714414983452,log_CAA
5791.57915791579,0.16665030861462,log_CAA
5792.57925792579,0.166586225331676,log_CAA
5793.57935793579,0.166522165127382,log_CAA
5794.5794579458,0.166458127994504,log_CAA
5795.5795579558,0.166394113925805,log_CAA
5796.5796579658,0.166330122914054,log_CAA
5797.5797579758,0.166266154952019,log_CAA
5798.5798579858,0.16620221003247,log_CAA
5799.5799579958,0.166138288148177,log_CAA
5800.5800580058,0.166074389291915,log_CAA
5801.5801580158,0.166010513456456,log_CAA
5802.5802580258,0.165946660634577,log_CAA
5803.5803580358,0.165882830819055,log_CAA
5804.5804580458,0.165819024002669,log_CAA
5805.58055805581,0.165755240178198,log_CAA
5806.58065806581,0.165691479338424,log_CAA
5807.58075807581,0.165627741476129,log_CAA
5808.58085808581,0.165564026584099,log_CAA
5809.58095809581,0.165500334655119,log_CAA
5810.58105810581,0.165436665681977,log_CAA
5811.58115811581,0.16537301965746,log_CAA
5812.58125812581,0.16530939657436,log_CAA
5813.58135813581,0.165245796425468,log_CAA
5814.58145814581,0.165182219203577,log_CAA
5815.58155815582,0.165118664901482,log_CAA
5816.58165816582,0.165055133511978,log_CAA
5817.58175817582,0.164991625027863,log_CAA
5818.58185818582,0.164928139441936,log_CAA
5819.58195819582,0.164864676746998,log_CAA
5820.58205820582,0.16480123693585,log_CAA
5821.58215821582,0.164737820001296,log_CAA
5822.58225822582,0.16467442593614,log_CAA
5823.58235823582,0.164611054733188,log_CAA
5824.58245824583,0.164547706385249,log_CAA
5825.58255825583,0.16448438088513,log_CAA
5826.58265826583,0.164421078225644,log_CAA
5827.58275827583,0.164357798399602,log_CAA
5828.58285828583,0.164294541399817,log_CAA
5829.58295829583,0.164231307219104,log_CAA
5830.58305830583,0.164168095850281,log_CAA
5831.58315831583,0.164104907286164,log_CAA
5832.58325832583,0.164041741519573,log_CAA
5833.58335833583,0.163978598543329,log_CAA
5834.58345834583,0.163915478350254,log_CAA
5835.58355835584,0.163852380933172,log_CAA
5836.58365836584,0.163789306284908,log_CAA
5837.58375837584,0.16372625439829,log_CAA
5838.58385838584,0.163663225266144,log_CAA
5839.58395839584,0.1636002188813,log_CAA
5840.58405840584,0.16353723523659,log_CAA
5841.58415841584,0.163474274324847,log_CAA
5842.58425842584,0.163411336138903,log_CAA
5843.58435843584,0.163348420671595,log_CAA
5844.58445844584,0.163285527915759,log_CAA
5845.58455845585,0.163222657864235,log_CAA
5846.58465846585,0.163159810509861,log_CAA
5847.58475847585,0.163096985845479,log_CAA
5848.58485848585,0.163034183863933,log_CAA
5849.58495849585,0.162971404558065,log_CAA
5850.58505850585,0.162908647920723,log_CAA
5851.58515851585,0.162845913944752,log_CAA
5852.58525852585,0.162783202623003,log_CAA
5853.58535853585,0.162720513948324,log_CAA
5854.58545854585,0.162657847913568,log_CAA
5855.58555855585,0.162595204511588,log_CAA
5856.58565856586,0.162532583735239,log_CAA
5857.58575857586,0.162469985577375,log_CAA
5858.58585858586,0.162407410030855,log_CAA
5859.58595859586,0.162344857088539,log_CAA
5860.58605860586,0.162282326743285,log_CAA
5861.58615861586,0.162219818987957,log_CAA
5862.58625862586,0.162157333815417,log_CAA
5863.58635863586,0.162094871218531,log_CAA
5864.58645864586,0.162032431190165,log_CAA
5865.58655865587,0.161970013723187,log_CAA
5866.58665866587,0.161907618810466,log_CAA
5867.58675867587,0.161845246444872,log_CAA
5868.58685868587,0.161782896619279,log_CAA
5869.58695869587,0.16172056932656,log_CAA
5870.58705870587,0.16165826455959,log_CAA
5871.58715871587,0.161595982311245,log_CAA
5872.58725872587,0.161533722574405,log_CAA
5873.58735873587,0.161471485341948,log_CAA
5874.58745874587,0.161409270606756,log_CAA
5875.58755875588,0.161347078361711,log_CAA
5876.58765876588,0.161284908599698,log_CAA
5877.58775877588,0.161222761313602,log_CAA
5878.58785878588,0.161160636496311,log_CAA
5879.58795879588,0.161098534140711,log_CAA
5880.58805880588,0.161036454239695,log_CAA
5881.58815881588,0.160974396786153,log_CAA
5882.58825882588,0.160912361772978,log_CAA
5883.58835883588,0.160850349193064,log_CAA
5884.58845884588,0.160788359039309,log_CAA
5885.58855885589,0.160726391304608,log_CAA
5886.58865886589,0.160664445981862,log_CAA
5887.58875887589,0.16060252306397,log_CAA
5888.58885888589,0.160540622543834,log_CAA
5889.58895889589,0.160478744414358,log_CAA
5890.58905890589,0.160416888668446,log_CAA
5891.58915891589,0.160355055299005,log_CAA
5892.58925892589,0.160293244298943,log_CAA
5893.58935893589,0.160231455661169,log_CAA
5894.58945894589,0.160169689378594,log_CAA
5895.5895589559,0.16010794544413,log_CAA
5896.5896589659,0.160046223850691,log_CAA
5897.5897589759,0.159984524591192,log_CAA
5898.5898589859,0.159922847658551,log_CAA
5899.5899589959,0.159861193045684,log_CAA
5900.5900590059,0.159799560745513,log_CAA
5901.5901590159,0.159737950750957,log_CAA
5902.5902590259,0.159676363054941,log_CAA
5903.5903590359,0.159614797650387,log_CAA
5904.5904590459,0.159553254530223,log_CAA
5905.59055905591,0.159491733687374,log_CAA
5906.59065906591,0.159430235114771,log_CAA
5907.59075907591,0.159368758805342,log_CAA
5908.59085908591,0.159307304752019,log_CAA
5909.59095909591,0.159245872947737,log_CAA
5910.59105910591,0.159184463385428,log_CAA
5911.59115911591,0.159123076058031,log_CAA
5912.59125912591,0.159061710958481,log_CAA
5913.59135913591,0.159000368079719,log_CAA
5914.59145914591,0.158939047414684,log_CAA
5915.59155915592,0.15887774895632,log_CAA
5916.59165916592,0.158816472697569,log_CAA
5917.59175917592,0.158755218631377,log_CAA
5918.59185918592,0.15869398675069,log_CAA
5919.59195919592,0.158632777048457,log_CAA
5920.59205920592,0.158571589517627,log_CAA
5921.59215921592,0.158510424151152,log_CAA
5922.59225922592,0.158449280941983,log_CAA
5923.59235923592,0.158388159883075,log_CAA
5924.59245924592,0.158327060967383,log_CAA
5925.59255925593,0.158265984187865,log_CAA
5926.59265926593,0.158204929537479,log_CAA
5927.59275927593,0.158143897009185,log_CAA
5928.59285928593,0.158082886595946,log_CAA
5929.59295929593,0.158021898290723,log_CAA
5930.59305930593,0.157960932086481,log_CAA
5931.59315931593,0.157899987976188,log_CAA
5932.59325932593,0.157839065952809,log_CAA
5933.59335933593,0.157778166009315,log_CAA
5934.59345934593,0.157717288138676,log_CAA
5935.59355935594,0.157656432333863,log_CAA
5936.59365936594,0.157595598587851,log_CAA
5937.59375937594,0.157534786893615,log_CAA
5938.59385938594,0.157473997244131,log_CAA
5939.59395939594,0.157413229632378,log_CAA
5940.59405940594,0.157352484051334,log_CAA
5941.59415941594,0.157291760493982,log_CAA
5942.59425942594,0.157231058953303,log_CAA
5943.59435943594,0.157170379422282,log_CAA
5944.59445944595,0.157109721893905,log_CAA
5945.59455945595,0.157049086361158,log_CAA
5946.59465946595,0.156988472817031,log_CAA
5947.59475947595,0.156927881254512,log_CAA
5948.59485948595,0.156867311666595,log_CAA
5949.59495949595,0.156806764046272,log_CAA
5950.59505950595,0.156746238386538,log_CAA
5951.59515951595,0.156685734680389,log_CAA
5952.59525952595,0.156625252920822,log_CAA
5953.59535953595,0.156564793100838,log_CAA
5954.59545954595,0.156504355213436,log_CAA
5955.59555955596,0.156443939251618,log_CAA
5956.59565956596,0.156383545208389,log_CAA
5957.59575957596,0.156323173076754,log_CAA
5958.59585958596,0.156262822849719,log_CAA
5959.59595959596,0.156202494520293,log_CAA
5960.59605960596,0.156142188081486,log_CAA
5961.59615961596,0.156081903526307,log_CAA
5962.59625962596,0.156021640847772,log_CAA
5963.59635963596,0.155961400038893,log_CAA
5964.59645964596,0.155901181092686,log_CAA
5965.59655965597,0.15584098400217,log_CAA
5966.59665966597,0.155780808760361,log_CAA
5967.59675967597,0.155720655360282,log_CAA
5968.59685968597,0.155660523794954,log_CAA
5969.59695969597,0.1556004140574,log_CAA
5970.59705970597,0.155540326140644,log_CAA
5971.59715971597,0.155480260037715,log_CAA
5972.59725972597,0.155420215741638,log_CAA
5973.59735973597,0.155360193245444,log_CAA
5974.59745974598,0.155300192542164,log_CAA
5975.59755975598,0.155240213624829,log_CAA
5976.59765976598,0.155180256486475,log_CAA
5977.59775977598,0.155120321120136,log_CAA
5978.59785978598,0.155060407518849,log_CAA
5979.59795979598,0.155000515675654,log_CAA
5980.59805980598,0.154940645583589,log_CAA
5981.59815981598,0.154880797235697,log_CAA
5982.59825982598,0.15482097062502,log_CAA
5983.59835983598,0.154761165744604,log_CAA
5984.59845984598,0.154701382587493,log_CAA
5985.59855985599,0.154641621146737,log_CAA
5986.59865986599,0.154581881415383,log_CAA
5987.59875987599,0.154522163386483,log_CAA
5988.59885988599,0.154462467053088,log_CAA
5989.59895989599,0.154402792408253,log_CAA
5990.59905990599,0.154343139445032,log_CAA
5991.59915991599,0.154283508156483,log_CAA
5992.59925992599,0.154223898535663,log_CAA
5993.59935993599,0.154164310575632,log_CAA
5994.59945994599,0.154104744269452,log_CAA
5995.599559956,0.154045199610185,log_CAA
5996.599659966,0.153985676590896,log_CAA
5997.599759976,0.15392617520465,log_CAA
5998.599859986,0.153866695444515,log_CAA
5999.599959996,0.15380723730356,log_CAA
6000.600060006,0.153747800774855,log_CAA
6001.600160016,0.153688385851472,log_CAA
6002.600260026,0.153628992526484,log_CAA
6003.600360036,0.153569620792967,log_CAA
6004.600460046,0.153510270643997,log_CAA
6005.60056005601,0.153450942072652,log_CAA
6006.60066006601,0.153391635072011,log_CAA
6007.60076007601,0.153332349635156,log_CAA
6008.60086008601,0.153273085755169,log_CAA
6009.60096009601,0.153213843425134,log_CAA
6010.60106010601,0.153154622638137,log_CAA
6011.60116011601,0.153095423387266,log_CAA
6012.60126012601,0.153036245665608,log_CAA
6013.60136013601,0.152977089466254,log_CAA
6014.60146014601,0.152917954782296,log_CAA
6015.60156015602,0.152858841606826,log_CAA
6016.60166016602,0.152799749932941,log_CAA
6017.60176017602,0.152740679753736,log_CAA
6018.60186018602,0.152681631062309,log_CAA
6019.60196019602,0.152622603851759,log_CAA
6020.60206020602,0.152563598115187,log_CAA
6021.60216021602,0.152504613845696,log_CAA
6022.60226022602,0.15244565103639,log_CAA
6023.60236023602,0.152386709680374,log_CAA
6024.60246024602,0.152327789770755,log_CAA
6025.60256025603,0.152268891300642,log_CAA
6026.60266026603,0.152210014263144,log_CAA
6027.60276027603,0.152151158651374,log_CAA
6028.60286028603,0.152092324458445,log_CAA
6029.60296029603,0.152033511677471,log_CAA
6030.60306030603,0.151974720301568,log_CAA
6031.60316031603,0.151915950323854,log_CAA
6032.60326032603,0.151857201737449,log_CAA
6033.60336033603,0.151798474535473,log_CAA
6034.60346034603,0.151739768711049,log_CAA
6035.60356035604,0.1516810842573,log_CAA
6036.60366036604,0.151622421167351,log_CAA
6037.60376037604,0.151563779434331,log_CAA
6038.60386038604,0.151505159051366,log_CAA
6039.60396039604,0.151446560011588,log_CAA
6040.60406040604,0.151387982308127,log_CAA
6041.60416041604,0.151329425934117,log_CAA
6042.60426042604,0.151270890882692,log_CAA
6043.60436043604,0.151212377146989,log_CAA
6044.60446044604,0.151153884720145,log_CAA
6045.60456045605,0.151095413595299,log_CAA
6046.60466046605,0.151036963765592,log_CAA
6047.60476047605,0.150978535224166,log_CAA
6048.60486048605,0.150920127964165,log_CAA
6049.60496049605,0.150861741978735,log_CAA
6050.60506050605,0.150803377261022,log_CAA
6051.60516051605,0.150745033804174,log_CAA
6052.60526052605,0.150686711601342,log_CAA
6053.60536053605,0.150628410645677,log_CAA
6054.60546054605,0.150570130930332,log_CAA
6055.60556055606,0.150511872448462,log_CAA
6056.60566056606,0.150453635193222,log_CAA
6057.60576057606,0.150395419157771,log_CAA
6058.60586058606,0.150337224335267,log_CAA
6059.60596059606,0.150279050718871,log_CAA
6060.60606060606,0.150220898301746,log_CAA
6061.60616061606,0.150162767077055,log_CAA
6062.60626062606,0.150104657037963,log_CAA
6063.60636063606,0.150046568177637,log_CAA
6064.60646064606,0.149988500489246,log_CAA
6065.60656065607,0.14993045396596,log_CAA
6066.60666066607,0.14987242860095,log_CAA
6067.60676067607,0.149814424387389,log_CAA
6068.60686068607,0.149756441318452,log_CAA
6069.60696069607,0.149698479387314,log_CAA
6070.60706070607,0.149640538587154,log_CAA
6071.60716071607,0.149582618911151,log_CAA
6072.60726072607,0.149524720352484,log_CAA
6073.60736073607,0.149466842904337,log_CAA
6074.60746074607,0.149408986559894,log_CAA
6075.60756075608,0.149351151312339,log_CAA
6076.60766076608,0.149293337154859,log_CAA
6077.60776077608,0.149235544080644,log_CAA
6078.60786078608,0.149177772082882,log_CAA
6079.60796079608,0.149120021154766,log_CAA
6080.60806080608,0.149062291289488,log_CAA
6081.60816081608,0.149004582480244,log_CAA
6082.60826082608,0.148946894720228,log_CAA
6083.60836083608,0.148889228002639,log_CAA
6084.60846084608,0.148831582320677,log_CAA
6085.60856085609,0.148773957667541,log_CAA
6086.60866086609,0.148716354036434,log_CAA
6087.60876087609,0.14865877142056,log_CAA
6088.60886088609,0.148601209813125,log_CAA
6089.60896089609,0.148543669207335,log_CAA
6090.60906090609,0.148486149596399,log_CAA
6091.60916091609,0.148428650973527,log_CAA
6092.60926092609,0.14837117333193,log_CAA
6093.60936093609,0.148313716664821,log_CAA
6094.6094609461,0.148256280965416,log_CAA
6095.6095609561,0.148198866226931,log_CAA
6096.6096609661,0.148141472442582,log_CAA
6097.6097609761,0.14808409960559,log_CAA
6098.6098609861,0.148026747709176,log_CAA
6099.6099609961,0.147969416746561,log_CAA
6100.6100610061,0.14791210671097,log_CAA
6101.6101610161,0.147854817595628,log_CAA
6102.6102610261,0.147797549393762,log_CAA
6103.6103610361,0.147740302098602,log_CAA
6104.6104610461,0.147683075703376,log_CAA
6105.61056105611,0.147625870201317,log_CAA
6106.61066106611,0.147568685585658,log_CAA
6107.61076107611,0.147511521849634,log_CAA
6108.61086108611,0.14745437898648,log_CAA
6109.61096109611,0.147397256989436,log_CAA
6110.61106110611,0.14734015585174,log_CAA
6111.61116111611,0.147283075566633,log_CAA
6112.61126112611,0.147226016127359,log_CAA
6113.61136113611,0.14716897752716,log_CAA
6114.61146114611,0.147111959759283,log_CAA
6115.61156115612,0.147054962816974,log_CAA
6116.61166116612,0.146997986693484,log_CAA
6117.61176117612,0.146941031382061,log_CAA
6118.61186118612,0.146884096875957,log_CAA
6119.61196119612,0.146827183168427,log_CAA
6120.61206120612,0.146770290252725,log_CAA
6121.61216121612,0.146713418122107,log_CAA
6122.61226122612,0.146656566769832,log_CAA
6123.61236123612,0.146599736189159,log_CAA
6124.61246124613,0.146542926373349,log_CAA
6125.61256125613,0.146486137315665,log_CAA
6126.61266126613,0.146429369009371,log_CAA
6127.61276127613,0.146372621447734,log_CAA
6128.61286128613,0.146315894624019,log_CAA
6129.61296129613,0.146259188531497,log_CAA
6130.61306130613,0.146202503163438,log_CAA
6131.61316131613,0.146145838513114,log_CAA
6132.61326132613,0.146089194573798,log_CAA
6133.61336133613,0.146032571338765,log_CAA
6134.61346134613,0.145975968801293,log_CAA
6135.61356135614,0.145919386954659,log_CAA
6136.61366136614,0.145862825792143,log_CAA
6137.61376137614,0.145806285307027,log_CAA
6138.61386138614,0.145749765492593,log_CAA
6139.61396139614,0.145693266342126,log_CAA
6140.61406140614,0.145636787848912,log_CAA
6141.61416141614,0.145580330006238,log_CAA
6142.61426142614,0.145523892807394,log_CAA
6143.61436143614,0.14546747624567,log_CAA
6144.61446144615,0.145411080314359,log_CAA
6145.61456145615,0.145354705006754,log_CAA
6146.61466146615,0.145298350316151,log_CAA
6147.61476147615,0.145242016235846,log_CAA
6148.61486148615,0.145185702759138,log_CAA
6149.61496149615,0.145129409879327,log_CAA
6150.61506150615,0.145073137589715,log_CAA
6151.61516151615,0.145016885883604,log_CAA
6152.61526152615,0.1449606547543,log_CAA
6153.61536153615,0.144904444195108,log_CAA
6154.61546154615,0.144848254199337,log_CAA
6155.61556155616,0.144792084760296,log_CAA
6156.61566156616,0.144735935871295,log_CAA
6157.61576157616,0.144679807525648,log_CAA
6158.61586158616,0.144623699716667,log_CAA
6159.61596159616,0.14456761243767,log_CAA
6160.61606160616,0.144511545681973,log_CAA
6161.61616161616,0.144455499442894,log_CAA
6162.61626162616,0.144399473713754,log_CAA
6163.61636163616,0.144343468487875,log_CAA
6164.61646164616,0.14428748375858,log_CAA
6165.61656165617,0.144231519519195,log_CAA
6166.61666166617,0.144175575763045,log_CAA
6167.61676167617,0.144119652483458,log_CAA
6168.61686168617,0.144063749673765,log_CAA
6169.61696169617,0.144007867327297,log_CAA
6170.61706170617,0.143952005437386,log_CAA
6171.61716171617,0.143896163997366,log_CAA
6172.61726172617,0.143840343000574,log_CAA
6173.61736173617,0.143784542440347,log_CAA
6174.61746174617,0.143728762310024,log_CAA
6175.61756175618,0.143673002602945,log_CAA
6176.61766176618,0.143617263312453,log_CAA
6177.61776177618,0.143561544431891,log_CAA
6178.61786178618,0.143505845954605,log_CAA
6179.61796179618,0.143450167873941,log_CAA
6180.61806180618,0.143394510183247,log_CAA
6181.61816181618,0.143338872875874,log_CAA
6182.61826182618,0.143283255945174,log_CAA
6183.61836183618,0.143227659384498,log_CAA
6184.61846184618,0.143172083187202,log_CAA
6185.61856185619,0.143116527346642,log_CAA
6186.61866186619,0.143060991856176,log_CAA
6187.61876187619,0.143005476709163,log_CAA
6188.61886188619,0.142949981898964,log_CAA
6189.61896189619,0.142894507418941,log_CAA
6190.61906190619,0.142839053262458,log_CAA
6191.61916191619,0.142783619422882,log_CAA
6192.61926192619,0.142728205893578,log_CAA
6193.61936193619,0.142672812667916,log_CAA
6194.6194619462,0.142617439739266,log_CAA
6195.6195619562,0.142562087100999,log_CAA
6196.6196619662,0.14250675474649,log_CAA
6197.6197619762,0.142451442669113,log_CAA
6198.6198619862,0.142396150862245,log_CAA
6199.6199619962,0.142340879319263,log_CAA
6200.6200620062,0.142285628033547,log_CAA
6201.6201620162,0.142230396998479,log_CAA
6202.6202620262,0.142175186207442,log_CAA
6203.6203620362,0.142119995653819,log_CAA
6204.6204620462,0.142064825330996,log_CAA
6205.62056205621,0.142009675232362,log_CAA
6206.62066206621,0.141954545351305,log_CAA
6207.62076207621,0.141899435681215,log_CAA
6208.62086208621,0.141844346215485,log_CAA
6209.62096209621,0.141789276947509,log_CAA
6210.62106210621,0.141734227870682,log_CAA
6211.62116211621,0.1416791989784,log_CAA
6212.62126212621,0.141624190264063,log_CAA
6213.62136213621,0.14156920172107,log_CAA
6214.62146214621,0.141514233342823,log_CAA
6215.62156215622,0.141459285122725,log_CAA
6216.62166216622,0.14140435705418,log_CAA
6217.62176217622,0.141349449130595,log_CAA
6218.62186218622,0.141294561345379,log_CAA
6219.62196219622,0.141239693691939,log_CAA
6220.62206220622,0.141184846163687,log_CAA
6221.62216221622,0.141130018754036,log_CAA
6222.62226222622,0.1410752114564,log_CAA
6223.62236223622,0.141020424264195,log_CAA
6224.62246224623,0.140965657170837,log_CAA
6225.62256225623,0.140910910169746,log_CAA
6226.62266226623,0.140856183254342,log_CAA
6227.62276227623,0.140801476418047,log_CAA
6228.62286228623,0.140746789654284,log_CAA
6229.62296229623,0.140692122956479,log_CAA
6230.62306230623,0.140637476318058,log_CAA
6231.62316231623,0.14058284973245,log_CAA
6232.62326232623,0.140528243193084,log_CAA
6233.62336233623,0.140473656693392,log_CAA
6234.62346234623,0.140419090226806,log_CAA
6235.62356235624,0.140364543786762,log_CAA
6236.62366236624,0.140310017366694,log_CAA
6237.62376237624,0.140255510960042,log_CAA
6238.62386238624,0.140201024560244,log_CAA
6239.62396239624,0.14014655816074,log_CAA
6240.62406240624,0.140092111754975,log_CAA
6241.62416241624,0.14003768533639,log_CAA
6242.62426242624,0.139983278898432,log_CAA
6243.62436243624,0.139928892434548,log_CAA
6244.62446244625,0.139874525938186,log_CAA
6245.62456245625,0.139820179402797,log_CAA
6246.62466246625,0.139765852821833,log_CAA
6247.62476247625,0.139711546188747,log_CAA
6248.62486248625,0.139657259496993,log_CAA
6249.62496249625,0.139602992740029,log_CAA
6250.62506250625,0.139548745911313,log_CAA
6251.62516251625,0.139494519004303,log_CAA
6252.62526252625,0.139440312012462,log_CAA
6253.62536253625,0.139386124929252,log_CAA
6254.62546254626,0.139331957748137,log_CAA
6255.62556255626,0.139277810462584,log_CAA
6256.62566256626,0.13922368306606,log_CAA
6257.62576257626,0.139169575552034,log_CAA
6258.62586258626,0.139115487913977,log_CAA
6259.62596259626,0.13906142014536,log_CAA
6260.62606260626,0.139007372239659,log_CAA
6261.62616261626,0.138953344190348,log_CAA
6262.62626262626,0.138899335990904,log_CAA
6263.62636263626,0.138845347634805,log_CAA
6264.62646264626,0.138791379115533,log_CAA
6265.62656265627,0.138737430426567,log_CAA
6266.62666266627,0.138683501561393,log_CAA
6267.62676267627,0.138629592513494,log_CAA
6268.62686268627,0.138575703276357,log_CAA
6269.62696269627,0.13852183384347,log_CAA
6270.62706270627,0.138467984208322,log_CAA
6271.62716271627,0.138414154364406,log_CAA
6272.62726272627,0.138360344305212,log_CAA
6273.62736273627,0.138306554024236,log_CAA
6274.62746274628,0.138252783514973,log_CAA
6275.62756275628,0.138199032770921,log_CAA
6276.62766276628,0.138145301785579,log_CAA
6277.62776277628,0.138091590552448,log_CAA
6278.62786278628,0.138037899065029,log_CAA
6279.62796279628,0.137984227316826,log_CAA
6280.62806280628,0.137930575301345,log_CAA
6281.62816281628,0.137876943012092,log_CAA
6282.62826282628,0.137823330442576,log_CAA
6283.62836283628,0.137769737586307,log_CAA
6284.62846284629,0.137716164436797,log_CAA
6285.62856285629,0.137662610987558,log_CAA
6286.62866286629,0.137609077232106,log_CAA
6287.62876287629,0.137555563163956,log_CAA
6288.62886288629,0.137502068776627,log_CAA
6289.62896289629,0.137448594063639,log_CAA
6290.62906290629,0.137395139018511,log_CAA
6291.62916291629,0.137341703634767,log_CAA
6292.62926292629,0.137288287905932,log_CAA
6293.62936293629,0.13723489182553,log_CAA
6294.6294629463,0.137181515387089,log_CAA
6295.6295629563,0.137128158584139,log_CAA
6296.6296629663,0.137074821410209,log_CAA
6297.6297629763,0.137021503858832,log_CAA
6298.6298629863,0.136968205923541,log_CAA
6299.6299629963,0.136914927597872,log_CAA
6300.6300630063,0.136861668875362,log_CAA
6301.6301630163,0.136808429749548,log_CAA
6302.6302630263,0.136755210213971,log_CAA
6303.6303630363,0.136702010262173,log_CAA
6304.6304630463,0.136648829887696,log_CAA
6305.63056305631,0.136595669084085,log_CAA
6306.63066306631,0.136542527844887,log_CAA
6307.63076307631,0.136489406163649,log_CAA
6308.63086308631,0.136436304033921,log_CAA
6309.63096309631,0.136383221449254,log_CAA
6310.63106310631,0.1363301584032,log_CAA
6311.63116311631,0.136277114889314,log_CAA
6312.63126312631,0.136224090901152,log_CAA
6313.63136313631,0.13617108643227,log_CAA
6314.63146314631,0.136118101476227,log_CAA
6315.63156315632,0.136065136026585,log_CAA
6316.63166316632,0.136012190076905,log_CAA
6317.63176317632,0.135959263620751,log_CAA
6318.63186318632,0.135906356651687,log_CAA
6319.63196319632,0.135853469163282,log_CAA
6320.63206320632,0.135800601149103,log_CAA
6321.63216321632,0.13574775260272,log_CAA
6322.63226322632,0.135694923517705,log_CAA
6323.63236323632,0.135642113887631,log_CAA
6324.63246324632,0.135589323706072,log_CAA
6325.63256325633,0.135536552966605,log_CAA
6326.63266326633,0.135483801662807,log_CAA
6327.63276327633,0.135431069788259,log_CAA
6328.63286328633,0.135378357336541,log_CAA
6329.63296329633,0.135325664301236,log_CAA
6330.63306330633,0.135272990675927,log_CAA
6331.63316331633,0.135220336454202,log_CAA
6332.63326332633,0.135167701629646,log_CAA
6333.63336333633,0.135115086195849,log_CAA
6334.63346334633,0.135062490146402,log_CAA
6335.63356335634,0.135009913474896,log_CAA
6336.63366336634,0.134957356174925,log_CAA
6337.63376337634,0.134904818240084,log_CAA
6338.63386338634,0.134852299663971,log_CAA
6339.63396339634,0.134799800440183,log_CAA
6340.63406340634,0.134747320562321,log_CAA
6341.63416341634,0.134694860023985,log_CAA
6342.63426342634,0.134642418818781,log_CAA
6343.63436343634,0.13458999694031,log_CAA
6344.63446344635,0.134537594382182,log_CAA
6345.63456345635,0.134485211138002,log_CAA
6346.63466346635,0.134432847201381,log_CAA
6347.63476347635,0.134380502565929,log_CAA
6348.63486348635,0.13432817722526,log_CAA
6349.63496349635,0.134275871172987,log_CAA
6350.63506350635,0.134223584402726,log_CAA
6351.63516351635,0.134171316908095,log_CAA
6352.63526352635,0.134119068682712,log_CAA
6353.63536353635,0.134066839720199,log_CAA
6354.63546354635,0.134014630014176,log_CAA
6355.63556355636,0.133962439558268,log_CAA
6356.63566356636,0.133910268346101,log_CAA
6357.63576357636,0.1338581163713,log_CAA
6358.63586358636,0.133805983627494,log_CAA
6359.63596359636,0.133753870108314,log_CAA
6360.63606360636,0.133701775807391,log_CAA
6361.63616361636,0.133649700718358,log_CAA
6362.63626362636,0.13359764483485,log_CAA
6363.63636363636,0.133545608150503,log_CAA
6364.63646364636,0.133493590658955,log_CAA
6365.63656365637,0.133441592353846,log_CAA
6366.63666366637,0.133389613228816,log_CAA
6367.63676367637,0.133337653277509,log_CAA
6368.63686368637,0.133285712493569,log_CAA
6369.63696369637,0.13323379087064,log_CAA
6370.63706370637,0.133181888402372,log_CAA
6371.63716371637,0.133130005082413,log_CAA
6372.63726372637,0.133078140904413,log_CAA
6373.63736373637,0.133026295862024,log_CAA
6374.63746374638,0.132974469948901,log_CAA
6375.63756375638,0.132922663158698,log_CAA
6376.63766376638,0.132870875485073,log_CAA
6377.63776377638,0.132819106921684,log_CAA
6378.63786378638,0.132767357462191,log_CAA
6379.63796379638,0.132715627100256,log_CAA
6380.63806380638,0.132663915829542,log_CAA
6381.63816381638,0.132612223643713,log_CAA
6382.63826382638,0.132560550536437,log_CAA
6383.63836383638,0.132508896501381,log_CAA
6384.63846384638,0.132457261532214,log_CAA
6385.63856385639,0.132405645622608,log_CAA
6386.63866386639,0.132354048766236,log_CAA
6387.63876387639,0.132302470956772,log_CAA
6388.63886388639,0.132250912187891,log_CAA
6389.63896389639,0.132199372453272,log_CAA
6390.63906390639,0.132147851746593,log_CAA
6391.63916391639,0.132096350061535,log_CAA
6392.63926392639,0.13204486739178,log_CAA
6393.63936393639,0.131993403731012,log_CAA
6394.6394639464,0.131941959072917,log_CAA
6395.6395639564,0.131890533411181,log_CAA
6396.6396639664,0.131839126739492,log_CAA
6397.6397639764,0.131787739051542,log_CAA
6398.6398639864,0.131736370341022,log_CAA
6399.6399639964,0.131685020601624,log_CAA
6400.6400640064,0.131633689827045,log_CAA
6401.6401640164,0.13158237801098,log_CAA
6402.6402640264,0.131531085147127,log_CAA
6403.6403640364,0.131479811229187,log_CAA
6404.64046404641,0.13142855625086,log_CAA
6405.64056405641,0.131377320205849,log_CAA
6406.64066406641,0.131326103087858,log_CAA
6407.64076407641,0.131274904890594,log_CAA
6408.64086408641,0.131223725607765,log_CAA
6409.64096409641,0.131172565233078,log_CAA
6410.64106410641,0.131121423760245,log_CAA
6411.64116411641,0.131070301182979,log_CAA
6412.64126412641,0.131019197494993,log_CAA
6413.64136413641,0.130968112690002,log_CAA
6414.64146414641,0.130917046761724,log_CAA
6415.64156415642,0.130865999703878,log_CAA
6416.64166416642,0.130814971510182,log_CAA
6417.64176417642,0.130763962174361,log_CAA
6418.64186418642,0.130712971690136,log_CAA
6419.64196419642,0.130662000051232,log_CAA
6420.64206420642,0.130611047251377,log_CAA
6421.64216421642,0.130560113284299,log_CAA
6422.64226422642,0.130509198143726,log_CAA
6423.64236423642,0.130458301823391,log_CAA
6424.64246424643,0.130407424317027,log_CAA
6425.64256425643,0.130356565618367,log_CAA
6426.64266426643,0.130305725721148,log_CAA
6427.64276427643,0.130254904619108,log_CAA
6428.64286428643,0.130204102305986,log_CAA
6429.64296429643,0.130153318775522,log_CAA
6430.64306430643,0.130102554021459,log_CAA
6431.64316431643,0.130051808037542,log_CAA
6432.64326432643,0.130001080817514,log_CAA
6433.64336433643,0.129950372355125,log_CAA
6434.64346434644,0.129899682644122,log_CAA
6435.64356435644,0.129849011678256,log_CAA
6436.64366436644,0.129798359451279,log_CAA
6437.64376437644,0.129747725956943,log_CAA
6438.64386438644,0.129697111189005,log_CAA
6439.64396439644,0.129646515141221,log_CAA
6440.64406440644,0.12959593780735,log_CAA
6441.64416441644,0.12954537918115,log_CAA
6442.64426442644,0.129494839256384,log_CAA
6443.64436443644,0.129444318026814,log_CAA
6444.64446444645,0.129393815486205,log_CAA
6445.64456445645,0.129343331628323,log_CAA
6446.64466446645,0.129292866446936,log_CAA
6447.64476447645,0.129242419935814,log_CAA
6448.64486448645,0.129191992088726,log_CAA
6449.64496449645,0.129141582899447,log_CAA
6450.64506450645,0.129091192361749,log_CAA
6451.64516451645,0.129040820469408,log_CAA
6452.64526452645,0.128990467216203,log_CAA
6453.64536453645,0.12894013259591,log_CAA
6454.64546454645,0.128889816602312,log_CAA
6455.64556455646,0.12883951922919,log_CAA
6456.64566456646,0.128789240470327,log_CAA
6457.64576457646,0.128738980319509,log_CAA
6458.64586458646,0.128688738770523,log_CAA
6459.64596459646,0.128638515817157,log_CAA
6460.64606460646,0.1285883114532,log_CAA
6461.64616461646,0.128538125672445,log_CAA
6462.64626462646,0.128487958468684,log_CAA
6463.64636463646,0.128437809835712,log_CAA
6464.64646464646,0.128387679767326,log_CAA
6465.64656465647,0.128337568257323,log_CAA
6466.64666466647,0.128287475299502,log_CAA
6467.64676467647,0.128237400887666,log_CAA
6468.64686468647,0.128187345015615,log_CAA
6469.64696469647,0.128137307677156,log_CAA
6470.64706470647,0.128087288866092,log_CAA
6471.64716471647,0.128037288576232,log_CAA
6472.64726472647,0.127987306801385,log_CAA
6473.64736473647,0.127937343535361,log_CAA
6474.64746474647,0.127887398771972,log_CAA
6475.64756475648,0.127837472505033,log_CAA
6476.64766476648,0.127787564728357,log_CAA
6477.64776477648,0.127737675435763,log_CAA
6478.64786478648,0.127687804621068,log_CAA
6479.64796479648,0.127637952278093,log_CAA
6480.64806480648,0.127588118400659,log_CAA
6481.64816481648,0.12753830298259,log_CAA
6482.64826482648,0.12748850601771,log_CAA
6483.64836483648,0.127438727499845,log_CAA
6484.64846484648,0.127388967422825,log_CAA
6485.64856485649,0.127339225780477,log_CAA
6486.64866486649,0.127289502566634,log_CAA
6487.64876487649,0.127239797775127,log_CAA
6488.64886488649,0.127190111399792,log_CAA
6489.64896489649,0.127140443434465,log_CAA
6490.64906490649,0.127090793872981,log_CAA
6491.64916491649,0.127041162709182,log_CAA
6492.64926492649,0.126991549936907,log_CAA
6493.64936493649,0.126941955549999,log_CAA
6494.64946494649,0.126892379542301,log_CAA
6495.6495649565,0.126842821907659,log_CAA
6496.6496649665,0.126793282639919,log_CAA
6497.6497649765,0.126743761732931,log_CAA
6498.6498649865,0.126694259180545,log_CAA
6499.6499649965,0.126644774976611,log_CAA
6500.6500650065,0.126595309114985,log_CAA
6501.6501650165,0.126545861589519,log_CAA
6502.6502650265,0.126496432394072,log_CAA
6503.6503650365,0.126447021522501,log_CAA
6504.6504650465,0.126397628968665,log_CAA
6505.65056505651,0.126348254726426,log_CAA
6506.65066506651,0.126298898789647,log_CAA
6507.65076507651,0.126249561152192,log_CAA
6508.65086508651,0.126200241807928,log_CAA
6509.65096509651,0.126150940750721,log_CAA
6510.65106510651,0.12610165797444,log_CAA
6511.65116511651,0.126052393472958,log_CAA
6512.65126512651,0.126003147240145,log_CAA
6513.65136513651,0.125953919269876,log_CAA
6514.65146514651,0.125904709556027,log_CAA
6515.65156515652,0.125855518092474,log_CAA
6516.65166516652,0.125806344873096,log_CAA
6517.65176517652,0.125757189891773,log_CAA
6518.65186518652,0.125708053142388,log_CAA
6519.65196519652,0.125658934618823,log_CAA
6520.65206520652,0.125609834314964,log_CAA
6521.65216521652,0.125560752224697,log_CAA
6522.65226522652,0.125511688341911,log_CAA
6523.65236523652,0.125462642660494,log_CAA
6524.65246524653,0.125413615174339,log_CAA
6525.65256525653,0.125364605877339,log_CAA
6526.65266526653,0.125315614763387,log_CAA
6527.65276527653,0.12526664182638,log_CAA
6528.65286528653,0.125217687060216,log_CAA
6529.65296529653,0.125168750458794,log_CAA
6530.65306530653,0.125119832016015,log_CAA
6531.65316531653,0.12507093172578,log_CAA
6532.65326532653,0.125022049581995,log_CAA
6533.65336533653,0.124973185578565,log_CAA
6534.65346534653,0.124924339709397,log_CAA
6535.65356535654,0.1248755119684,log_CAA
6536.65366536654,0.124826702349483,log_CAA
6537.65376537654,0.12477791084656,log_CAA
6538.65386538654,0.124729137453543,log_CAA
6539.65396539654,0.124680382164348,log_CAA
6540.65406540654,0.124631644972891,log_CAA
6541.65416541654,0.124582925873091,log_CAA
6542.65426542654,0.124534224858867,log_CAA
6543.65436543654,0.124485541924141,log_CAA
6544.65446544654,0.124436877062836,log_CAA
6545.65456545655,0.124388230268876,log_CAA
6546.65466546655,0.124339601536188,log_CAA
6547.65476547655,0.1242909908587,log_CAA
6548.65486548655,0.12424239823034,log_CAA
6549.65496549655,0.12419382364504,log_CAA
6550.65506550655,0.124145267096732,log_CAA
6551.65516551655,0.12409672857935,log_CAA
6552.65526552655,0.124048208086831,log_CAA
6553.65536553655,0.12399970561311,log_CAA
6554.65546554656,0.123951221152128,log_CAA
6555.65556555656,0.123902754697824,log_CAA
6556.65566556656,0.123854306244141,log_CAA
6557.65576557656,0.123805875785023,log_CAA
6558.65586558656,0.123757463314413,log_CAA
6559.65596559656,0.12370906882626,log_CAA
6560.65606560656,0.123660692314511,log_CAA
6561.65616561656,0.123612333773116,log_CAA
6562.65626562656,0.123563993196027,log_CAA
6563.65636563656,0.123515670577198,log_CAA
6564.65646564656,0.123467365910582,log_CAA
6565.65656565657,0.123419079190135,log_CAA
6566.65666566657,0.123370810409817,log_CAA
6567.65676567657,0.123322559563586,log_CAA
6568.65686568657,0.123274326645403,log_CAA
6569.65696569657,0.123226111649231,log_CAA
6570.65706570657,0.123177914569034,log_CAA
6571.65716571657,0.123129735398778,log_CAA
6572.65726572657,0.12308157413243,log_CAA
6573.65736573657,0.123033430763959,log_CAA
6574.65746574658,0.122985305287335,log_CAA
6575.65756575658,0.122937197696531,log_CAA
6576.65766576658,0.12288910798552,log_CAA
6577.65776577658,0.122841036148278,log_CAA
6578.65786578658,0.122792982178781,log_CAA
6579.65796579658,0.122744946071008,log_CAA
6580.65806580658,0.122696927818939,log_CAA
6581.65816581658,0.122648927416555,log_CAA
6582.65826582658,0.122600944857839,log_CAA
6583.65836583658,0.122552980136777,log_CAA
6584.65846584659,0.122505033247354,log_CAA
6585.65856585659,0.122457104183559,log_CAA
6586.65866586659,0.122409192939381,log_CAA
6587.65876587659,0.122361299508811,log_CAA
6588.65886588659,0.122313423885842,log_CAA
6589.65896589659,0.122265566064468,log_CAA
6590.65906590659,0.122217726038684,log_CAA
6591.65916591659,0.122169903802489,log_CAA
6592.65926592659,0.122122099349881,log_CAA
6593.65936593659,0.12207431267486,log_CAA
6594.65946594659,0.12202654377143,log_CAA
6595.6595659566,0.121978792633593,log_CAA
6596.6596659666,0.121931059255355,log_CAA
6597.6597659766,0.121883343630722,log_CAA
6598.6598659866,0.121835645753705,log_CAA
6599.6599659966,0.121787965618311,log_CAA
6600.6600660066,0.121740303218553,log_CAA
6601.6601660166,0.121692658548444,log_CAA
6602.6602660266,0.121645031602,log_CAA
6603.6603660366,0.121597422373236,log_CAA
6604.6604660466,0.12154983085617,log_CAA
6605.66056605661,0.121502257044821,log_CAA
6606.66066606661,0.121454700933212,log_CAA
6607.66076607661,0.121407162515364,log_CAA
6608.66086608661,0.121359641785303,log_CAA
6609.66096609661,0.121312138737053,log_CAA
6610.66106610661,0.121264653364642,log_CAA
6611.66116611661,0.1212171856621,log_CAA
6612.66126612661,0.121169735623456,log_CAA
6613.66136613661,0.121122303242743,log_CAA
6614.66146614661,0.121074888513996,log_CAA
6615.66156615662,0.121027491431248,log_CAA
6616.66166616662,0.120980111988537,log_CAA
6617.66176617662,0.120932750179902,log_CAA
6618.66186618662,0.120885405999383,log_CAA
6619.66196619662,0.120838079441021,log_CAA
6620.66206620662,0.120790770498859,log_CAA
6621.66216621662,0.120743479166943,log_CAA
6622.66226622662,0.120696205439319,log_CAA
6623.66236623662,0.120648949310034,log_CAA
6624.66246624662,0.120601710773139,log_CAA
6625.66256625663,0.120554489822684,log_CAA
6626.66266626663,0.120507286452722,log_CAA
6627.66276627663,0.120460100657308,log_CAA
6628.66286628663,0.120412932430497,log_CAA
6629.66296629663,0.120365781766348,log_CAA
6630.66306630663,0.120318648658918,log_CAA
6631.66316631663,0.120271533102268,log_CAA
6632.66326632663,0.120224435090461,log_CAA
6633.66336633663,0.120177354617561,log_CAA
6634.66346634663,0.120130291677632,log_CAA
6635.66356635664,0.120083246264742,log_CAA
6636.66366636664,0.12003621837296,log_CAA
6637.66376637664,0.119989207996355,log_CAA
6638.66386638664,0.119942215128999,log_CAA
6639.66396639664,0.119895239764965,log_CAA
6640.66406640664,0.119848281898329,log_CAA
6641.66416641664,0.119801341523166,log_CAA
6642.66426642664,0.119754418633554,log_CAA
6643.66436643664,0.119707513223574,log_CAA
6644.66446644664,0.119660625287306,log_CAA
6645.66456645665,0.119613754818832,log_CAA
6646.66466646665,0.119566901812239,log_CAA
6647.66476647665,0.11952006626161,log_CAA
6648.66486648665,0.119473248161034,log_CAA
6649.66496649665,0.119426447504599,log_CAA
6650.66506650665,0.119379664286397,log_CAA
6651.66516651665,0.119332898500519,log_CAA
6652.66526652665,0.11928615014106,log_CAA
6653.66536653665,0.119239419202114,log_CAA
6654.66546654665,0.119192705677778,log_CAA
6655.66556655666,0.119146009562152,log_CAA
6656.66566656666,0.119099330849335,log_CAA
6657.66576657666,0.119052669533428,log_CAA
6658.66586658666,0.119006025608535,log_CAA
6659.66596659666,0.118959399068762,log_CAA
6660.66606660666,0.118912789908213,log_CAA
6661.66616661666,0.118866198120997,log_CAA
6662.66626662666,0.118819623701225,log_CAA
6663.66636663666,0.118773066643006,log_CAA
6664.66646664666,0.118726526940453,log_CAA
6665.66656665667,0.118680004587682,log_CAA
6666.66666666667,0.118633499578806,log_CAA
6667.66676667667,0.118587011907946,log_CAA
6668.66686668667,0.118540541569218,log_CAA
6669.66696669667,0.118494088556743,log_CAA
6670.66706670667,0.118447652864645,log_CAA
6671.66716671667,0.118401234487046,log_CAA
6672.66726672667,0.118354833418072,log_CAA
6673.66736673667,0.11830844965185,log_CAA
6674.66746674668,0.118262083182508,log_CAA
6675.66756675668,0.118215734004176,log_CAA
6676.66766676668,0.118169402110987,log_CAA
6677.66776677668,0.118123087497072,log_CAA
6678.66786678668,0.118076790156567,log_CAA
6679.66796679668,0.118030510083608,log_CAA
6680.66806680668,0.117984247272333,log_CAA
6681.66816681668,0.117938001716882,log_CAA
6682.66826682668,0.117891773411396,log_CAA
6683.66836683668,0.117845562350017,log_CAA
6684.66846684668,0.117799368526889,log_CAA
6685.66856685669,0.117753191936159,log_CAA
6686.66866686669,0.117707032571974,log_CAA
6687.66876687669,0.117660890428482,log_CAA
6688.66886688669,0.117614765499834,log_CAA
6689.66896689669,0.117568657780182,log_CAA
6690.66906690669,0.117522567263681,log_CAA
6691.66916691669,0.117476493944485,log_CAA
6692.66926692669,0.11743043781675,log_CAA
6693.66936693669,0.117384398874636,log_CAA
6694.66946694669,0.117338377112303,log_CAA
6695.6695669567,0.117292372523911,log_CAA
6696.6696669667,0.117246385103625,log_CAA
6697.6697669767,0.117200414845608,log_CAA
6698.6698669867,0.117154461744027,log_CAA
6699.6699669967,0.11710852579305,log_CAA
6700.6700670067,0.117062606986846,log_CAA
6701.6701670167,0.117016705319586,log_CAA
6702.6702670267,0.116970820785443,log_CAA
6703.6703670367,0.116924953378591,log_CAA
6704.67046704671,0.116879103093206,log_CAA
6705.67056705671,0.116833269923465,log_CAA
6706.67066706671,0.116787453863546,log_CAA
6707.67076707671,0.116741654907631,log_CAA
6708.67086708671,0.116695873049901,log_CAA
6709.67096709671,0.11665010828454,log_CAA
6710.67106710671,0.116604360605732,log_CAA
6711.67116711671,0.116558630007665,log_CAA
6712.67126712671,0.116512916484528,log_CAA
6713.67136713671,0.116467220030509,log_CAA
6714.67146714671,0.1164215406398,log_CAA
6715.67156715672,0.116375878306595,log_CAA
6716.67166716672,0.116330233025087,log_CAA
6717.67176717672,0.116284604789473,log_CAA
6718.67186718672,0.116238993593952,log_CAA
6719.67196719672,0.116193399432721,log_CAA
6720.67206720672,0.116147822299982,log_CAA
6721.67216721672,0.116102262189938,log_CAA
6722.67226722672,0.116056719096791,log_CAA
6723.67236723672,0.116011193014749,log_CAA
6724.67246724673,0.115965683938018,log_CAA
6725.67256725673,0.115920191860807,log_CAA
6726.67266726673,0.115874716777326,log_CAA
6727.67276727673,0.115829258681787,log_CAA
6728.67286728673,0.115783817568404,log_CAA
6729.67296729673,0.115738393431391,log_CAA
6730.67306730673,0.115692986264965,log_CAA
6731.67316731673,0.115647596063344,log_CAA
6732.67326732673,0.115602222820749,log_CAA
6733.67336733673,0.115556866531399,log_CAA
6734.67346734674,0.115511527189519,log_CAA
6735.67356735674,0.115466204789333,log_CAA
6736.67366736674,0.115420899325066,log_CAA
6737.67376737674,0.115375610790946,log_CAA
6738.67386738674,0.115330339181202,log_CAA
6739.67396739674,0.115285084490066,log_CAA
6740.67406740674,0.115239846711769,log_CAA
6741.67416741674,0.115194625840545,log_CAA
6742.67426742674,0.11514942187063,log_CAA
6743.67436743674,0.115104234796261,log_CAA
6744.67446744674,0.115059064611675,log_CAA
6745.67456745675,0.115013911311115,log_CAA
6746.67466746675,0.11496877488882,log_CAA
6747.67476747675,0.114923655339034,log_CAA
6748.67486748675,0.114878552656003,log_CAA
6749.67496749675,0.114833466833973,log_CAA
6750.67506750675,0.114788397867191,log_CAA
6751.67516751675,0.114743345749907,log_CAA
6752.67526752675,0.114698310476373,log_CAA
6753.67536753675,0.11465329204084,log_CAA
6754.67546754675,0.114608290437564,log_CAA
6755.67556755676,0.1145633056608,log_CAA
6756.67566756676,0.114518337704805,log_CAA
6757.67576757676,0.114473386563839,log_CAA
6758.67586758676,0.114428452232162,log_CAA
6759.67596759676,0.114383534704036,log_CAA
6760.67606760676,0.114338633973725,log_CAA
6761.67616761676,0.114293750035493,log_CAA
6762.67626762676,0.114248882883609,log_CAA
6763.67636763676,0.11420403251234,log_CAA
6764.67646764676,0.114159198915956,log_CAA
6765.67656765677,0.114114382088728,log_CAA
6766.67666766677,0.11406958202493,log_CAA
6767.67676767677,0.114024798718837,log_CAA
6768.67686768677,0.113980032164724,log_CAA
6769.67696769677,0.113935282356869,log_CAA
6770.67706770677,0.113890549289553,log_CAA
6771.67716771677,0.113845832957054,log_CAA
6772.67726772677,0.113801133353657,log_CAA
6773.67736773677,0.113756450473645,log_CAA
6774.67746774677,0.113711784311304,log_CAA
6775.67756775678,0.11366713486092,log_CAA
6776.67766776678,0.113622502116784,log_CAA
6777.67776777678,0.113577886073184,log_CAA
6778.67786778678,0.113533286724413,log_CAA
6779.67796779678,0.113488704064764,log_CAA
6780.67806780678,0.113444138088533,log_CAA
6781.67816781678,0.113399588790015,log_CAA
6782.67826782678,0.11335505616351,log_CAA
6783.67836783678,0.113310540203316,log_CAA
6784.67846784678,0.113266040903735,log_CAA
6785.67856785679,0.113221558259069,log_CAA
6786.67866786679,0.113177092263624,log_CAA
6787.67876787679,0.113132642911705,log_CAA
6788.67886788679,0.11308821019762,log_CAA
6789.67896789679,0.113043794115678,log_CAA
6790.67906790679,0.112999394660188,log_CAA
6791.67916791679,0.112955011825465,log_CAA
6792.67926792679,0.112910645605821,log_CAA
6793.67936793679,0.112866295995571,log_CAA
6794.67946794679,0.112821962989034,log_CAA
6795.6795679568,0.112777646580526,log_CAA
6796.6796679668,0.112733346764369,log_CAA
6797.6797679768,0.112689063534883,log_CAA
6798.6798679868,0.112644796886392,log_CAA
6799.6799679968,0.112600546813221,log_CAA
6800.6800680068,0.112556313309696,log_CAA
6801.6801680168,0.112512096370145,log_CAA
6802.6802680268,0.112467895988897,log_CAA
6803.6803680368,0.112423712160283,log_CAA
6804.6804680468,0.112379544878636,log_CAA
6805.68056805681,0.112335394138289,log_CAA
6806.68066806681,0.11229125993358,log_CAA
6807.68076807681,0.112247142258844,log_CAA
6808.68086808681,0.11220304110842,log_CAA
6809.68096809681,0.11215895647665,log_CAA
6810.68106810681,0.112114888357874,log_CAA
6811.68116811681,0.112070836746436,log_CAA
6812.68126812681,0.112026801636682,log_CAA
6813.68136813681,0.111982783022958,log_CAA
6814.68146814681,0.111938780899612,log_CAA
6815.68156815682,0.111894795260993,log_CAA
6816.68166816682,0.111850826101454,log_CAA
6817.68176817682,0.111806873415347,log_CAA
6818.68186818682,0.111762937197026,log_CAA
6819.68196819682,0.111719017440847,log_CAA
6820.68206820682,0.111675114141168,log_CAA
6821.68216821682,0.111631227292349,log_CAA
6822.68226822682,0.111587356888748,log_CAA
6823.68236823682,0.11154350292473,log_CAA
6824.68246824683,0.111499665394657,log_CAA
6825.68256825683,0.111455844292895,log_CAA
6826.68266826683,0.111412039613811,log_CAA
6827.68276827683,0.111368251351773,log_CAA
6828.68286828683,0.111324479501151,log_CAA
6829.68296829683,0.111280724056317,log_CAA
6830.68306830683,0.111236985011644,log_CAA
6831.68316831683,0.111193262361506,log_CAA
6832.68326832683,0.111149556100281,log_CAA
6833.68336833683,0.111105866222345,log_CAA
6834.68346834683,0.111062192722078,log_CAA
6835.68356835684,0.111018535593861,log_CAA
6836.68366836684,0.110974894832077,log_CAA
6837.68376837684,0.110931270431108,log_CAA
6838.68386838684,0.110887662385343,log_CAA
6839.68396839684,0.110844070689166,log_CAA
6840.68406840684,0.110800495336967,log_CAA
6841.68416841684,0.110756936323136,log_CAA
6842.68426842684,0.110713393642066,log_CAA
6843.68436843684,0.110669867288149,log_CAA
6844.68446844684,0.11062635725578,log_CAA
6845.68456845685,0.110582863539356,log_CAA
6846.68466846685,0.110539386133275,log_CAA
6847.68476847685,0.110495925031937,log_CAA
6848.68486848685,0.110452480229742,log_CAA
6849.68496849685,0.110409051721094,log_CAA
6850.68506850685,0.110365639500396,log_CAA
6851.68516851685,0.110322243562055,log_CAA
6852.68526852685,0.110278863900478,log_CAA
6853.68536853685,0.110235500510074,log_CAA
6854.68546854686,0.110192153385253,log_CAA
6855.68556855686,0.110148822520428,log_CAA
6856.68566856686,0.110105507910012,log_CAA
6857.68576857686,0.11006220954842,log_CAA
6858.68586858686,0.110018927430069,log_CAA
6859.68596859686,0.109975661549377,log_CAA
6860.68606860686,0.109932411900765,log_CAA
6861.68616861686,0.109889178478653,log_CAA
6862.68626862686,0.109845961277465,log_CAA
6863.68636863686,0.109802760291625,log_CAA
6864.68646864686,0.109759575515559,log_CAA
6865.68656865687,0.109716406943694,log_CAA
6866.68666866687,0.109673254570461,log_CAA
6867.68676867687,0.109630118390289,log_CAA
6868.68686868687,0.10958699839761,log_CAA
6869.68696869687,0.10954389458686,log_CAA
6870.68706870687,0.109500806952473,log_CAA
6871.68716871687,0.109457735488885,log_CAA
6872.68726872687,0.109414680190536,log_CAA
6873.68736873687,0.109371641051866,log_CAA
6874.68746874688,0.109328618067316,log_CAA
6875.68756875688,0.109285611231329,log_CAA
6876.68766876688,0.109242620538351,log_CAA
6877.68776877688,0.109199645982826,log_CAA
6878.68786878688,0.109156687559204,log_CAA
6879.68796879688,0.109113745261933,log_CAA
6880.68806880688,0.109070819085465,log_CAA
6881.68816881688,0.109027909024252,log_CAA
6882.68826882688,0.108985015072747,log_CAA
6883.68836883688,0.108942137225407,log_CAA
6884.68846884689,0.108899275476688,log_CAA
6885.68856885689,0.10885642982105,log_CAA
6886.68866886689,0.108813600252952,log_CAA
6887.68876887689,0.108770786766856,log_CAA
6888.68886888689,0.108727989357226,log_CAA
6889.68896889689,0.108685208018527,log_CAA
6890.68906890689,0.108642442745224,log_CAA
6891.68916891689,0.108599693531787,log_CAA
6892.68926892689,0.108556960372683,log_CAA
6893.68936893689,0.108514243262386,log_CAA
6894.68946894689,0.108471542195366,log_CAA
6895.6895689569,0.108428857166099,log_CAA
6896.6896689669,0.10838618816906,log_CAA
6897.6897689769,0.108343535198726,log_CAA
6898.6898689869,0.108300898249576,log_CAA
6899.6899689969,0.108258277316091,log_CAA
6900.6900690069,0.108215672392752,log_CAA
6901.6901690169,0.108173083474044,log_CAA
6902.6902690269,0.10813051055445,log_CAA
6903.6903690369,0.108087953628458,log_CAA
6904.6904690469,0.108045412690556,log_CAA
6905.69056905691,0.108002887735233,log_CAA
6906.69066906691,0.10796037875698,log_CAA
6907.69076907691,0.107917885750291,log_CAA
6908.69086908691,0.10787540870966,log_CAA
6909.69096909691,0.107832947629583,log_CAA
6910.69106910691,0.107790502504556,log_CAA
6911.69116911691,0.107748073329079,log_CAA
6912.69126912691,0.107705660097653,log_CAA
6913.69136913691,0.107663262804779,log_CAA
6914.69146914691,0.107620881444962,log_CAA
6915.69156915692,0.107578516012705,log_CAA
6916.69166916692,0.107536166502517,log_CAA
6917.69176917692,0.107493832908905,log_CAA
6918.69186918692,0.107451515226379,log_CAA
6919.69196919692,0.10740921344945,log_CAA
6920.69206920692,0.107366927572632,log_CAA
6921.69216921692,0.107324657590438,log_CAA
6922.69226922692,0.107282403497385,log_CAA
6923.69236923692,0.107240165287991,log_CAA
6924.69246924692,0.107197942956773,log_CAA
6925.69256925693,0.107155736498253,log_CAA
6926.69266926693,0.107113545906954,log_CAA
6927.69276927693,0.107071371177398,log_CAA
6928.69286928693,0.107029212304111,log_CAA
6929.69296929693,0.106987069281619,log_CAA
6930.69306930693,0.106944942104452,log_CAA
6931.69316931693,0.106902830767139,log_CAA
6932.69326932693,0.106860735264212,log_CAA
6933.69336933693,0.106818655590202,log_CAA
6934.69346934693,0.106776591739646,log_CAA
6935.69356935694,0.106734543707079,log_CAA
6936.69366936694,0.106692511487038,log_CAA
6937.69376937694,0.106650495074063,log_CAA
6938.69386938694,0.106608494462695,log_CAA
6939.69396939694,0.106566509647475,log_CAA
6940.69406940694,0.106524540622947,log_CAA
6941.69416941694,0.106482587383657,log_CAA
6942.69426942694,0.106440649924152,log_CAA
6943.69436943694,0.10639872823898,log_CAA
6944.69446944694,0.106356822322691,log_CAA
6945.69456945695,0.106314932169836,log_CAA
6946.69466946695,0.106273057774969,log_CAA
6947.69476947695,0.106231199132644,log_CAA
6948.69486948695,0.106189356237417,log_CAA
6949.69496949695,0.106147529083846,log_CAA
6950.69506950695,0.10610571766649,log_CAA
6951.69516951695,0.106063921979909,log_CAA
6952.69526952695,0.106022142018667,log_CAA
6953.69536953695,0.105980377777326,log_CAA
6954.69546954695,0.105938629250453,log_CAA
6955.69556955696,0.105896896432614,log_CAA
6956.69566956696,0.105855179318377,log_CAA
6957.69576957696,0.105813477902313,log_CAA
6958.69586958696,0.105771792178993,log_CAA
6959.69596959696,0.10573012214299,log_CAA
6960.69606960696,0.105688467788879,log_CAA
6961.69616961696,0.105646829111236,log_CAA
6962.69626962696,0.105605206104638,log_CAA
6963.69636963696,0.105563598763665,log_CAA
6964.69646964696,0.105522007082898,log_CAA
6965.69656965697,0.105480431056918,log_CAA
6966.69666966697,0.10543887068031,log_CAA
6967.69676967697,0.10539732594766,log_CAA
6968.69686968697,0.105355796853553,log_CAA
6969.69696969697,0.105314283392578,log_CAA
6970.69706970697,0.105272785559326,log_CAA
6971.69716971697,0.105231303348388,log_CAA
6972.69726972697,0.105189836754357,log_CAA
6973.69736973697,0.105148385771827,log_CAA
6974.69746974698,0.105106950395395,log_CAA
6975.69756975698,0.105065530619658,log_CAA
6976.69766976698,0.105024126439216,log_CAA
6977.69776977698,0.10498273784867,log_CAA
6978.69786978698,0.104941364842621,log_CAA
6979.69796979698,0.104900007415673,log_CAA
6980.69806980698,0.104858665562433,log_CAA
6981.69816981698,0.104817339277506,log_CAA
6982.69826982698,0.104776028555501,log_CAA
6983.69836983698,0.104734733391028,log_CAA
6984.69846984698,0.104693453778699,log_CAA
6985.69856985699,0.104652189713127,log_CAA
6986.69866986699,0.104610941188926,log_CAA
6987.69876987699,0.104569708200712,log_CAA
6988.69886988699,0.104528490743103,log_CAA
6989.69896989699,0.104487288810719,log_CAA
6990.69906990699,0.104446102398179,log_CAA
6991.69916991699,0.104404931500106,log_CAA
6992.69926992699,0.104363776111124,log_CAA
6993.69936993699,0.104322636225859,log_CAA
6994.69946994699,0.104281511838936,log_CAA
6995.699569957,0.104240402944985,log_CAA
6996.699669967,0.104199309538635,log_CAA
6997.699769977,0.104158231614518,log_CAA
6998.699869987,0.104117169167267,log_CAA
6999.699969997,0.104076122191517,log_CAA
7000.700070007,0.104035090681902,log_CAA
7001.700170017,0.103994074633062,log_CAA
7002.700270027,0.103953074039634,log_CAA
7003.700370037,0.10391208889626,log_CAA
7004.70047004701,0.103871119197582,log_CAA
7005.70057005701,0.103830164938244,log_CAA
7006.70067006701,0.10378922611289,log_CAA
7007.70077007701,0.103748302716168,log_CAA
7008.70087008701,0.103707394742726,log_CAA
7009.70097009701,0.103666502187214,log_CAA
7010.70107010701,0.103625625044283,log_CAA
7011.70117011701,0.103584763308585,log_CAA
7012.70127012701,0.103543916974777,log_CAA
7013.70137013701,0.103503086037512,log_CAA
7014.70147014701,0.103462270491449,log_CAA
7015.70157015702,0.103421470331247,log_CAA
7016.70167016702,0.103380685551567,log_CAA
7017.70177017702,0.10333991614707,log_CAA
7018.70187018702,0.10329916211242,log_CAA
7019.70197019702,0.103258423442283,log_CAA
7020.70207020702,0.103217700131324,log_CAA
7021.70217021702,0.103176992174212,log_CAA
7022.70227022702,0.103136299565617,log_CAA
7023.70237023702,0.103095622300211,log_CAA
7024.70247024703,0.103054960372665,log_CAA
7025.70257025703,0.103014313777654,log_CAA
7026.70267026703,0.102973682509854,log_CAA
7027.70277027703,0.102933066563943,log_CAA
7028.70287028703,0.102892465934598,log_CAA
7029.70297029703,0.102851880616502,log_CAA
7030.70307030703,0.102811310604335,log_CAA
7031.70317031703,0.102770755892781,log_CAA
7032.70327032703,0.102730216476525,log_CAA
7033.70337033703,0.102689692350254,log_CAA
7034.70347034704,0.102649183508655,log_CAA
7035.70357035704,0.102608689946419,log_CAA
7036.70367036704,0.102568211658236,log_CAA
7037.70377037704,0.102527748638799,log_CAA
7038.70387038704,0.102487300882802,log_CAA
7039.70397039704,0.10244686838494,log_CAA
7040.70407040704,0.102406451139912,log_CAA
7041.70417041704,0.102366049142416,log_CAA
7042.70427042704,0.102325662387151,log_CAA
7043.70437043704,0.102285290868821,log_CAA
7044.70447044704,0.102244934582127,log_CAA
7045.70457045705,0.102204593521775,log_CAA
7046.70467046705,0.102164267682472,log_CAA
7047.70477047705,0.102123957058925,log_CAA
7048.70487048705,0.102083661645843,log_CAA
7049.70497049705,0.102043381437938,log_CAA
7050.70507050705,0.102003116429922,log_CAA
7051.70517051705,0.101962866616509,log_CAA
7052.70527052705,0.101922631992414,log_CAA
7053.70537053705,0.101882412552354,log_CAA
7054.70547054706,0.101842208291049,log_CAA
7055.70557055706,0.101802019203217,log_CAA
7056.70567056706,0.101761845283582,log_CAA
7057.70577057706,0.101721686526865,log_CAA
7058.70587058706,0.101681542927791,log_CAA
7059.70597059706,0.101641414481087,log_CAA
7060.70607060706,0.10160130118148,log_CAA
7061.70617061706,0.101561203023699,log_CAA
7062.70627062706,0.101521120002476,log_CAA
7063.70637063706,0.101481052112542,log_CAA
7064.70647064706,0.101440999348631,log_CAA
7065.70657065707,0.101400961705479,log_CAA
7066.70667066707,0.101360939177821,log_CAA
7067.70677067707,0.101320931760398,log_CAA
7068.70687068707,0.101280939447947,log_CAA
7069.70697069707,0.101240962235212,log_CAA
7070.70707070707,0.101201000116934,log_CAA
7071.70717071707,0.101161053087858,log_CAA
7072.70727072707,0.10112112114273,log_CAA
7073.70737073707,0.101081204276297,log_CAA
7074.70747074707,0.101041302483309,log_CAA
7075.70757075708,0.101001415758515,log_CAA
7076.70767076708,0.100961544096669,log_CAA
7077.70777077708,0.100921687492522,log_CAA
7078.70787078708,0.100881845940831,log_CAA
7079.70797079708,0.100842019436352,log_CAA
7080.70807080708,0.100802207973843,log_CAA
7081.70817081708,0.100762411548064,log_CAA
7082.70827082708,0.100722630153775,log_CAA
7083.70837083708,0.10068286378574,log_CAA
7084.70847084708,0.100643112438722,log_CAA
7085.70857085709,0.100603376107487,log_CAA
7086.70867086709,0.100563654786802,log_CAA
7087.70877087709,0.100523948471436,log_CAA
7088.70887088709,0.100484257156159,log_CAA
7089.70897089709,0.100444580835744,log_CAA
7090.70907090709,0.100404919504962,log_CAA
7091.70917091709,0.100365273158589,log_CAA
7092.70927092709,0.100325641791401,log_CAA
7093.70937093709,0.100286025398177,log_CAA
7094.70947094709,0.100246423973694,log_CAA
7095.7095709571,0.100206837512734,log_CAA
7096.7096709671,0.10016726601008,log_CAA
7097.7097709771,0.100127709460515,log_CAA
7098.7098709871,0.100088167858825,log_CAA
7099.7099709971,0.100048641199795,log_CAA
7100.7100710071,0.100009129478216,log_CAA
7101.7101710171,0.0999696326888762,log_CAA
7102.7102710271,0.0999301508265675,log_CAA
7103.7103710371,0.0998906838860828,log_CAA
7104.7104710471,0.0998512318622167,log_CAA
7105.71057105711,0.0998117947497648,log_CAA
7106.71067106711,0.0997723725435248,log_CAA
7107.71077107711,0.0997329652382956,log_CAA
7108.71087108711,0.0996935728288777,log_CAA
7109.71097109711,0.0996541953100731,log_CAA
7110.71107110711,0.0996148326766853,log_CAA
7111.71117111711,0.0995754849235194,log_CAA
7112.71127112711,0.0995361520453818,log_CAA
7113.71137113711,0.0994968340370806,log_CAA
7114.71147114711,0.0994575308934253,log_CAA
7115.71157115712,0.099418242609227,log_CAA
7116.71167116712,0.0993789691792984,log_CAA
7117.71177117712,0.0993397105984534,log_CAA
7118.71187118712,0.0993004668615077,log_CAA
7119.71197119712,0.0992612379632784,log_CAA
7120.71207120712,0.099222023898584,log_CAA
7121.71217121712,0.0991828246622448,log_CAA
7122.71227122712,0.0991436402490823,log_CAA
7123.71237123712,0.0991044706539197,log_CAA
7124.71247124713,0.0990653158715816,log_CAA
7125.71257125713,0.0990261758968943,log_CAA
7126.71267126713,0.0989870507246853,log_CAA
7127.71277127713,0.0989479403497839,log_CAA
7128.71287128713,0.0989088447670207,log_CAA
7129.71297129713,0.0988697639712279,log_CAA
7130.71307130713,0.0988306979572393,log_CAA
7131.71317131713,0.09879164671989,log_CAA
7132.71327132713,0.0987526102540168,log_CAA
7133.71337133713,0.0987135885544578,log_CAA
7134.71347134713,0.0986745816160528,log_CAA
7135.71357135714,0.0986355894336431,log_CAA
7136.71367136714,0.0985966120020713,log_CAA
7137.71377137714,0.0985576493161818,log_CAA
7138.71387138714,0.0985187013708202,log_CAA
7139.71397139714,0.0984797681608339,log_CAA
7140.71407140714,0.0984408496810717,log_CAA
7141.71417141714,0.0984019459263837,log_CAA
7142.71427142714,0.0983630568916217,log_CAA
7143.71437143714,0.0983241825716391,log_CAA
7144.71447144714,0.0982853229612906,log_CAA
7145.71457145715,0.0982464780554326,log_CAA
7146.71467146715,0.0982076478489227,log_CAA
7147.71477147715,0.0981688323366204,log_CAA
7148.71487148715,0.0981300315133864,log_CAA
7149.71497149715,0.098091245374083,log_CAA
7150.71507150715,0.098052473913574,log_CAA
7151.71517151715,0.0980137171267248,log_CAA
7152.71527152715,0.0979749750084022,log_CAA
7153.71537153715,0.0979362475534744,log_CAA
7154.71547154716,0.0978975347568114,log_CAA
7155.71557155716,0.0978588366132844,log_CAA
7156.71567156716,0.0978201531177662,log_CAA
7157.71577157716,0.0977814842651312,log_CAA
7158.71587158716,0.0977428300502553,log_CAA
7159.71597159716,0.0977041904680156,log_CAA
7160.71607160716,0.0976655655132912,log_CAA
7161.71617161716,0.0976269551809623,log_CAA
7162.71627162716,0.0975883594659108,log_CAA
7163.71637163716,0.0975497783630199,log_CAA
7164.71647164716,0.0975112118671746,log_CAA
7165.71657165717,0.0974726599732611,log_CAA
7166.71667166717,0.0974341226761673,log_CAA
7167.71677167717,0.0973955999707827,log_CAA
7168.71687168717,0.0973570918519978,log_CAA
7169.71697169717,0.0973185983147052,log_CAA
7170.71707170717,0.0972801193537986,log_CAA
7171.71717171717,0.0972416549641735,log_CAA
7172.71727172717,0.0972032051407265,log_CAA
7173.71737173717,0.0971647698783561,log_CAA
7174.71747174718,0.0971263491719621,log_CAA
7175.71757175718,0.0970879430164458,log_CAA
7176.71767176718,0.09704955140671,log_CAA
7177.71777177718,0.0970111743376592,log_CAA
7178.71787178718,0.0969728118041989,log_CAA
7179.71797179718,0.0969344638012367,log_CAA
7180.71807180718,0.0968961303236814,log_CAA
7181.71817181718,0.0968578113664431,log_CAA
7182.71827182718,0.0968195069244339,log_CAA
7183.71837183718,0.0967812169925668,log_CAA
7184.71847184719,0.0967429415657569,log_CAA
7185.71857185719,0.0967046806389202,log_CAA
7186.71867186719,0.0966664342069748,log_CAA
7187.71877187719,0.0966282022648397,log_CAA
7188.71887188719,0.096589984807436,log_CAA
7189.71897189719,0.0965517818296857,log_CAA
7190.71907190719,0.0965135933265127,log_CAA
7191.71917191719,0.0964754192928423,log_CAA
7192.71927192719,0.0964372597236011,log_CAA
7193.71937193719,0.0963991146137176,log_CAA
7194.71947194719,0.0963609839581214,log_CAA
7195.7195719572,0.0963228677517438,log_CAA
7196.7196719672,0.0962847659895174,log_CAA
7197.7197719772,0.0962466786663767,log_CAA
7198.7198719872,0.0962086057772572,log_CAA
7199.7199719972,0.0961705473170962,log_CAA
7200.7200720072,0.0961325032808325,log_CAA
7201.7201720172,0.0960944736634062,log_CAA
7202.7202720272,0.096056458459759,log_CAA
7203.7203720372,0.0960184576648341,log_CAA
7204.72047204721,0.0959804712735762,log_CAA
7205.72057205721,0.0959424992809315,log_CAA
7206.72067206721,0.0959045416818476,log_CAA
7207.72077207721,0.0958665984712736,log_CAA
7208.72087208721,0.0958286696441604,log_CAA
7209.72097209721,0.0957907551954598,log_CAA
7210.72107210721,0.0957528551201257,log_CAA
7211.72117211721,0.0957149694131131,log_CAA
7212.72127212721,0.0956770980693787,log_CAA
7213.72137213721,0.0956392410838804,log_CAA
7214.72147214721,0.095601398451578,log_CAA
7215.72157215722,0.0955635701674325,log_CAA
7216.72167216722,0.0955257562264064,log_CAA
7217.72177217722,0.0954879566234638,log_CAA
7218.72187218722,0.0954501713535703,log_CAA
7219.72197219722,0.0954124004116929,log_CAA
7220.72207220722,0.0953746437928001,log_CAA
7221.72217221722,0.095336901491862,log_CAA
7222.72227222722,0.0952991735038499,log_CAA
7223.72237223722,0.095261459823737,log_CAA
7224.72247224722,0.0952237604464976,log_CAA
7225.72257225723,0.0951860753671079,log_CAA
7226.72267226723,0.095148404580545,log_CAA
7227.72277227723,0.0951107480817881,log_CAA
7228.72287228723,0.0950731058658175,log_CAA
7229.72297229723,0.0950354779276152,log_CAA
7230.72307230723,0.0949978642621646,log_CAA
7231.72317231723,0.0949602648644504,log_CAA
7232.72327232723,0.0949226797294591,log_CAA
7233.72337233723,0.0948851088521786,log_CAA
7234.72347234723,0.0948475522275981,log_CAA
7235.72357235724,0.0948100098507085,log_CAA
7236.72367236724,0.094772481716502,log_CAA
7237.72377237724,0.0947349678199727,log_CAA
7238.72387238724,0.0946974681561155,log_CAA
7239.72397239724,0.0946599827199273,log_CAA
7240.72407240724,0.0946225115064064,log_CAA
7241.72417241724,0.0945850545105524,log_CAA
7242.72427242724,0.0945476117273666,log_CAA
7243.72437243724,0.0945101831518517,log_CAA
7244.72447244724,0.0944727687790119,log_CAA
7245.72457245725,0.0944353686038527,log_CAA
7246.72467246725,0.0943979826213814,log_CAA
7247.72477247725,0.0943606108266065,log_CAA
7248.72487248725,0.0943232532145382,log_CAA
7249.72497249725,0.0942859097801881,log_CAA
7250.72507250725,0.0942485805185691,log_CAA
7251.72517251725,0.094211265424696,log_CAA
7252.72527252725,0.0941739644935846,log_CAA
7253.72537253725,0.0941366777202525,log_CAA
7254.72547254725,0.0940994050997187,log_CAA
7255.72557255726,0.0940621466270037,log_CAA
7256.72567256726,0.0940249022971294,log_CAA
7257.72577257726,0.0939876721051192,log_CAA
7258.72587258726,0.0939504560459981,log_CAA
7259.72597259726,0.0939132541147925,log_CAA
7260.72607260726,0.0938760663065301,log_CAA
7261.72617261726,0.0938388926162404,log_CAA
7262.72627262726,0.0938017330389542,log_CAA
7263.72637263726,0.0937645875697038,log_CAA
7264.72647264726,0.093727456203523,log_CAA
7265.72657265727,0.093690338935447,log_CAA
7266.72667266727,0.0936532357605126,log_CAA
7267.72677267727,0.0936161466737579,log_CAA
7268.72687268727,0.0935790716702228,log_CAA
7269.72697269727,0.0935420107449484,log_CAA
7270.72707270727,0.0935049638929772,log_CAA
7271.72717271727,0.0934679311093535,log_CAA
7272.72727272727,0.0934309123891228,log_CAA
7273.72737273727,0.0933939077273323,log_CAA
7274.72747274728,0.0933569171190304,log_CAA
7275.72757275728,0.0933199405592672,log_CAA
7276.72767276728,0.0932829780430943,log_CAA
7277.72777277728,0.0932460295655645,log_CAA
7278.72787278728,0.0932090951217323,log_CAA
7279.72797279728,0.0931721747066538,log_CAA
7280.72807280728,0.0931352683153863,log_CAA
7281.72817281728,0.0930983759429886,log_CAA
7282.72827282728,0.093061497584521,log_CAA
7283.72837283728,0.0930246332350456,log_CAA
7284.72847284728,0.0929877828896255,log_CAA
7285.72857285729,0.0929509465433255,log_CAA
7286.72867286729,0.092914124191212,log_CAA
7287.72877287729,0.0928773158283525,log_CAA
7288.72887288729,0.0928405214498163,log_CAA
7289.72897289729,0.092803741050674,log_CAA
7290.72907290729,0.0927669746259978,log_CAA
7291.72917291729,0.0927302221708613,log_CAA
7292.72927292729,0.0926934836803396,log_CAA
7293.72937293729,0.0926567591495093,log_CAA
7294.72947294729,0.0926200485734483,log_CAA
7295.7295729573,0.0925833519472362,log_CAA
7296.7296729673,0.0925466692659539,log_CAA
7297.7297729773,0.0925100005246838,log_CAA
7298.7298729873,0.09247334571851,log_CAA
7299.7299729973,0.0924367048425177,log_CAA
7300.7300730073,0.0924000778917938,log_CAA
7301.7301730173,0.0923634648614266,log_CAA
7302.7302730273,0.092326865746506,log_CAA
7303.7303730373,0.0922902805421231,log_CAA
7304.73047304731,0.0922537092433707,log_CAA
7305.73057305731,0.092217151845343,log_CAA
7306.73067306731,0.0921806083431356,log_CAA
7307.73077307731,0.0921440787318457,log_CAA
7308.73087308731,0.092107563006572,log_CAA
7309.73097309731,0.0920710611624143,log_CAA
7310.73107310731,0.0920345731944743,log_CAA
7311.73117311731,0.091998099097855,log_CAA
7312.73127312731,0.0919616388676609,log_CAA
7313.73137313731,0.0919251924989979,log_CAA
7314.73147314731,0.0918887599869734,log_CAA
7315.73157315732,0.0918523413266962,log_CAA
7316.73167316732,0.0918159365132767,log_CAA
7317.73177317732,0.0917795455418267,log_CAA
7318.73187318732,0.0917431684074596,log_CAA
7319.73197319732,0.0917068051052899,log_CAA
7320.73207320732,0.0916704556304339,log_CAA
7321.73217321732,0.0916341199780092,log_CAA
7322.73227322732,0.091597798143135,log_CAA
7323.73237323732,0.0915614901209319,log_CAA
7324.73247324733,0.091525195906522,log_CAA
7325.73257325733,0.0914889154950287,log_CAA
7326.73267326733,0.091452648881577,log_CAA
7327.73277327733,0.0914163960612934,log_CAA
7328.73287328733,0.0913801570293058,log_CAA
7329.73297329733,0.0913439317807435,log_CAA
7330.73307330733,0.0913077203107375,log_CAA
7331.73317331733,0.0912715226144199,log_CAA
7332.73327332733,0.0912353386869247,log_CAA
7333.73337333733,0.0911991685233868,log_CAA
7334.73347334734,0.0911630121189432,log_CAA
7335.73357335734,0.0911268694687319,log_CAA
7336.73367336734,0.0910907405678925,log_CAA
7337.73377337734,0.0910546254115661,log_CAA
7338.73387338734,0.0910185239948951,log_CAA
7339.73397339734,0.0909824363130237,log_CAA
7340.73407340734,0.0909463623610973,log_CAA
7341.73417341734,0.0909103021342627,log_CAA
7342.73427342734,0.0908742556276684,log_CAA
7343.73437343734,0.0908382228364641,log_CAA
7344.73447344734,0.0908022037558011,log_CAA
7345.73457345735,0.0907661983808323,log_CAA
7346.73467346735,0.0907302067067118,log_CAA
7347.73477347735,0.0906942287285952,log_CAA
7348.73487348735,0.0906582644416398,log_CAA
7349.73497349735,0.090622313841004,log_CAA
7350.73507350735,0.0905863769218479,log_CAA
7351.73517351735,0.0905504536793331,log_CAA
7352.73527352735,0.0905145441086225,log_CAA
7353.73537353735,0.0904786482048804,log_CAA
7354.73547354736,0.0904427659632728,log_CAA
7355.73557355736,0.0904068973789669,log_CAA
7356.73567356736,0.0903710424471317,log_CAA
7357.73577357736,0.0903352011629372,log_CAA
7358.73587358736,0.0902993735215553,log_CAA
7359.73597359736,0.0902635595181589,log_CAA
7360.73607360736,0.0902277591479229,log_CAA
7361.73617361736,0.0901919724060231,log_CAA
7362.73627362736,0.0901561992876372,log_CAA
7363.73637363736,0.0901204397879441,log_CAA
7364.73647364736,0.0900846939021242,log_CAA
7365.73657365737,0.0900489616253594,log_CAA
7366.73667366737,0.0900132429528331,log_CAA
7367.73677367737,0.0899775378797299,log_CAA
7368.73687368737,0.0899418464012363,log_CAA
7369.73697369737,0.0899061685125398,log_CAA
7370.73707370737,0.0898705042088296,log_CAA
7371.73717371737,0.0898348534852964,log_CAA
7372.73727372737,0.089799216337132,log_CAA
7373.73737373737,0.0897635927595302,log_CAA
7374.73747374737,0.0897279827476858,log_CAA
7375.73757375738,0.0896923862967952,log_CAA
7376.73767376738,0.0896568034020563,log_CAA
7377.73777377738,0.0896212340586684,log_CAA
7378.73787378738,0.0895856782618322,log_CAA
7379.73797379738,0.0895501360067501,log_CAA
7380.73807380738,0.0895146072886256,log_CAA
7381.73817381738,0.0894790921026638,log_CAA
7382.73827382738,0.0894435904440714,log_CAA
7383.73837383738,0.0894081023080563,log_CAA
7384.73847384738,0.089372627689828,log_CAA
7385.73857385739,0.0893371665845974,log_CAA
7386.73867386739,0.0893017189875768,log_CAA
7387.73877387739,0.0892662848939802,log_CAA
7388.73887388739,0.0892308642990227,log_CAA
7389.73897389739,0.089195457197921,log_CAA
7390.73907390739,0.0891600635858934,log_CAA
7391.73917391739,0.0891246834581593,log_CAA
7392.73927392739,0.0890893168099399,log_CAA
7393.73937393739,0.0890539636364577,log_CAA
7394.73947394739,0.0890186239329365,log_CAA
7395.7395739574,0.0889832976946019,log_CAA
7396.7396739674,0.0889479849166806,log_CAA
7397.7397739774,0.0889126855944009,log_CAA
7398.7398739874,0.0888773997229925,log_CAA
7399.7399739974,0.0888421272976867,log_CAA
7400.7400740074,0.088806868313716,log_CAA
7401.7401740174,0.0887716227663145,log_CAA
7402.7402740274,0.0887363906507177,log_CAA
7403.7403740374,0.0887011719621627,log_CAA
7404.7404740474,0.0886659666958877,log_CAA
7405.74057405741,0.0886307748471326,log_CAA
7406.74067406741,0.0885955964111388,log_CAA
7407.74077407741,0.0885604313831489,log_CAA
7408.74087408741,0.0885252797584072,log_CAA
7409.74097409741,0.0884901415321592,log_CAA
7410.74107410741,0.088455016699652,log_CAA
7411.74117411741,0.0884199052561342,log_CAA
7412.74127412741,0.0883848071968556,log_CAA
7413.74137413741,0.0883497225170677,log_CAA
7414.74147414741,0.0883146512120233,log_CAA
7415.74157415742,0.0882795932769766,log_CAA
7416.74167416742,0.0882445487071835,log_CAA
7417.74177417742,0.088209517497901,log_CAA
7418.74187418742,0.0881744996443878,log_CAA
7419.74197419742,0.0881394951419038,log_CAA
7420.74207420742,0.0881045039857106,log_CAA
7421.74217421742,0.0880695261710711,log_CAA
7422.74227422742,0.0880345616932497,log_CAA
7423.74237423742,0.0879996105475121,log_CAA
7424.74247424743,0.0879646727291256,log_CAA
7425.74257425743,0.0879297482333589,log_CAA
7426.74267426743,0.087894837055482,log_CAA
7427.74277427743,0.0878599391907667,log_CAA
7428.74287428743,0.0878250546344857,log_CAA
7429.74297429743,0.0877901833819136,log_CAA
7430.74307430743,0.0877553254283263,log_CAA
7431.74317431743,0.087720480769001,log_CAA
7432.74327432743,0.0876856493992166,log_CAA
7433.74337433743,0.0876508313142531,log_CAA
7434.74347434743,0.0876160265093922,log_CAA
7435.74357435744,0.0875812349799171,log_CAA
7436.74367436744,0.087546456721112,log_CAA
7437.74377437744,0.0875116917282631,log_CAA
7438.74387438744,0.0874769399966576,log_CAA
7439.74397439744,0.0874422015215844,log_CAA
7440.74407440744,0.0874074762983337,log_CAA
7441.74417441744,0.0873727643221972,log_CAA
7442.74427442744,0.0873380655884679,log_CAA
7443.74437443744,0.0873033800924405,log_CAA
7444.74447444744,0.0872687078294108,log_CAA
7445.74457445745,0.0872340487946764,log_CAA
7446.74467446745,0.0871994029835361,log_CAA
7447.74477447745,0.0871647703912901,log_CAA
7448.74487448745,0.0871301510132401,log_CAA
7449.74497449745,0.0870955448446893,log_CAA
7450.74507450745,0.0870609518809423,log_CAA
7451.74517451745,0.0870263721173051,log_CAA
7452.74527452745,0.0869918055490851,log_CAA
7453.74537453745,0.0869572521715912,log_CAA
7454.74547454746,0.0869227119801337,log_CAA
7455.74557455746,0.0868881849700243,log_CAA
7456.74567456746,0.0868536711365763,log_CAA
7457.74577457746,0.0868191704751041,log_CAA
7458.74587458746,0.086784682980924,log_CAA
7459.74597459746,0.0867502086493532,log_CAA
7460.74607460746,0.0867157474757107,log_CAA
7461.74617461746,0.0866812994553169,log_CAA
7462.74627462746,0.0866468645834934,log_CAA
7463.74637463746,0.0866124428555635,log_CAA
7464.74647464746,0.0865780342668518,log_CAA
7465.74657465747,0.0865436388126843,log_CAA
7466.74667466747,0.0865092564883884,log_CAA
7467.74677467747,0.0864748872892931,log_CAA
7468.74687468747,0.0864405312107288,log_CAA
7469.74697469747,0.0864061882480271,log_CAA
7470.74707470747,0.0863718583965212,log_CAA
7471.74717471747,0.0863375416515458,log_CAA
7472.74727472747,0.0863032380084368,log_CAA
7473.74737473747,0.0862689474625318,log_CAA
7474.74747474748,0.0862346700091697,log_CAA
7475.74757475748,0.0862004056436906,log_CAA
7476.74767476748,0.0861661543614365,log_CAA
7477.74777477748,0.0861319161577504,log_CAA
7478.74787478748,0.0860976910279771,log_CAA
7479.74797479748,0.0860634789674623,log_CAA
7480.74807480748,0.0860292799715537,log_CAA
7481.74817481748,0.0859950940356001,log_CAA
7482.74827482748,0.0859609211549517,log_CAA
7483.74837483748,0.0859267613249604,log_CAA
7484.74847484749,0.0858926145409792,log_CAA
7485.74857485749,0.0858584807983627,log_CAA
7486.74867486749,0.0858243600924669,log_CAA
7487.74877487749,0.0857902524186492,log_CAA
7488.74887488749,0.0857561577722685,log_CAA
7489.74897489749,0.0857220761486849,log_CAA
7490.74907490749,0.0856880075432603,log_CAA
7491.74917491749,0.0856539519513576,log_CAA
7492.74927492749,0.0856199093683415,log_CAA
7493.74937493749,0.0855858797895777,log_CAA
7494.74947494749,0.0855518632104339,log_CAA
7495.7495749575,0.0855178596262787,log_CAA
7496.7496749675,0.0854838690324823,log_CAA
7497.7497749775,0.0854498914244163,log_CAA
7498.7498749875,0.0854159267974539,log_CAA
7499.7499749975,0.0853819751469694,log_CAA
7500.7500750075,0.0853480364683388,log_CAA
7501.7501750175,0.0853141107569394,log_CAA
7502.7502750275,0.08528019800815,log_CAA
7503.7503750375,0.0852462982173506,log_CAA
7504.75047504751,0.0852124113799228,log_CAA
7505.75057505751,0.0851785374912497,log_CAA
7506.75067506751,0.0851446765467155,log_CAA
7507.75077507751,0.0851108285417063,log_CAA
7508.75087508751,0.0850769934716091,log_CAA
7509.75097509751,0.0850431713318128,log_CAA
7510.75107510751,0.0850093621177072,log_CAA
7511.75117511751,0.084975565824684,log_CAA
7512.75127512751,0.0849417824481359,log_CAA
7513.75137513751,0.0849080119834575,log_CAA
7514.75147514751,0.0848742544260443,log_CAA
7515.75157515752,0.0848405097712936,log_CAA
7516.75167516752,0.084806778014604,log_CAA
7517.75177517752,0.0847730591513753,log_CAA
7518.75187518752,0.0847393531770091,log_CAA
7519.75197519752,0.0847056600869082,log_CAA
7520.75207520752,0.0846719798764767,log_CAA
7521.75217521752,0.0846383125411204,log_CAA
7522.75227522752,0.0846046580762462,log_CAA
7523.75237523752,0.0845710164772628,log_CAA
7524.75247524752,0.0845373877395799,log_CAA
7525.75257525753,0.0845037718586088,log_CAA
7526.75267526753,0.0844701688297624,log_CAA
7527.75277527753,0.0844365786484546,log_CAA
7528.75287528753,0.0844030013101012,log_CAA
7529.75297529753,0.0843694368101189,log_CAA
7530.75307530753,0.0843358851439261,log_CAA
7531.75317531753,0.0843023463069428,log_CAA
7532.75327532753,0.0842688202945899,log_CAA
7533.75337533753,0.0842353071022903,log_CAA
7534.75347534753,0.0842018067254678,log_CAA
7535.75357535754,0.0841683191595478,log_CAA
7536.75367536754,0.0841348443999572,log_CAA
7537.75377537754,0.0841013824421244,log_CAA
7538.75387538754,0.0840679332814787,log_CAA
7539.75397539754,0.0840344969134515,log_CAA
7540.75407540754,0.084001073333475,log_CAA
7541.75417541754,0.0839676625369834,log_CAA
7542.75427542754,0.0839342645194116,log_CAA
7543.75437543754,0.0839008792761967,log_CAA
7544.75447544754,0.0838675068027765,log_CAA
7545.75457545755,0.0838341470945906,log_CAA
7546.75467546755,0.0838008001470799,log_CAA
7547.75477547755,0.0837674659556868,log_CAA
7548.75487548755,0.0837341445158551,log_CAA
7549.75497549755,0.0837008358230298,log_CAA
7550.75507550755,0.0836675398726574,log_CAA
7551.75517551755,0.083634256660186,log_CAA
7552.75527552755,0.083600986181065,log_CAA
7553.75537553755,0.0835677284307449,log_CAA
7554.75547554755,0.0835344834046782,log_CAA
7555.75557555756,0.0835012510983183,log_CAA
7556.75567556756,0.0834680315071202,log_CAA
7557.75577557756,0.0834348246265403,log_CAA
7558.75587558756,0.0834016304520364,log_CAA
7559.75597559756,0.0833684489790677,log_CAA
7560.75607560756,0.0833352802030948,log_CAA
7561.75617561756,0.0833021241195796,log_CAA
7562.75627562756,0.0832689807239857,log_CAA
7563.75637563756,0.0832358500117778,log_CAA
7564.75647564756,0.0832027319784222,log_CAA
7565.75657565757,0.0831696266193864,log_CAA
7566.75667566757,0.0831365339301394,log_CAA
7567.75677567757,0.0831034539061517,log_CAA
7568.75687568757,0.0830703865428951,log_CAA
7569.75697569757,0.0830373318358429,log_CAA
7570.75707570757,0.0830042897804697,log_CAA
7571.75717571757,0.0829712603722514,log_CAA
7572.75727572757,0.0829382436066656,log_CAA
7573.75737573757,0.082905239479191,log_CAA
7574.75747574758,0.0828722479853078,log_CAA
7575.75757575758,0.0828392691204977,log_CAA
7576.75767576758,0.0828063028802438,log_CAA
7577.75777577758,0.0827733492600304,log_CAA
7578.75787578758,0.0827404082553434,log_CAA
7579.75797579758,0.08270747986167,log_CAA
7580.75807580758,0.0826745640744988,log_CAA
7581.75817581758,0.0826416608893199,log_CAA
7582.75827582758,0.0826087703016247,log_CAA
7583.75837583758,0.0825758923069058,log_CAA
7584.75847584758,0.0825430269006578,log_CAA
7585.75857585759,0.082510174078376,log_CAA
7586.75867586759,0.0824773338355576,log_CAA
7587.75877587759,0.0824445061677009,log_CAA
7588.75887588759,0.0824116910703057,log_CAA
7589.75897589759,0.0823788885388732,log_CAA
7590.75907590759,0.082346098568906,log_CAA
7591.75917591759,0.0823133211559082,log_CAA
7592.75927592759,0.0822805562953851,log_CAA
7593.75937593759,0.0822478039828434,log_CAA
7594.75947594759,0.0822150642137914,log_CAA
7595.7595759576,0.0821823369837385,log_CAA
7596.7596759676,0.0821496222881959,log_CAA
7597.7597759776,0.0821169201226758,log_CAA
7598.7598759876,0.082084230482692,log_CAA
7599.7599759976,0.0820515533637596,log_CAA
7600.7600760076,0.0820188887613953,log_CAA
7601.7601760176,0.0819862366711167,log_CAA
7602.7602760276,0.0819535970884435,log_CAA
7603.7603760376,0.0819209700088961,log_CAA
7604.76047604761,0.0818883554279968,log_CAA
7605.76057605761,0.0818557533412691,log_CAA
7606.76067606761,0.0818231637442378,log_CAA
7607.76077607761,0.0817905866324292,log_CAA
7608.76087608761,0.081758022001371,log_CAA
7609.76097609761,0.0817254698465922,log_CAA
7610.76107610761,0.0816929301636234,log_CAA
7611.76117611761,0.0816604029479963,log_CAA
7612.76127612761,0.0816278881952441,log_CAA
7613.76137613761,0.0815953859009017,log_CAA
7614.76147614761,0.0815628960605048,log_CAA
7615.76157615762,0.0815304186695909,log_CAA
7616.76167616762,0.0814979537236988,log_CAA
7617.76177617762,0.0814655012183687,log_CAA
7618.76187618762,0.0814330611491423,log_CAA
7619.76197619762,0.0814006335115623,log_CAA
7620.76207620762,0.0813682183011731,log_CAA
7621.76217621762,0.0813358155135206,log_CAA
7622.76227622762,0.0813034251441517,log_CAA
7623.76237623762,0.0812710471886151,log_CAA
7624.76247624763,0.0812386816424605,log_CAA
7625.76257625763,0.0812063285012393,log_CAA
7626.76267626763,0.0811739877605042,log_CAA
7627.76277627763,0.0811416594158091,log_CAA
7628.76287628763,0.0811093434627096,log_CAA
7629.76297629763,0.0810770398967624,log_CAA
7630.76307630763,0.0810447487135257,log_CAA
7631.76317631763,0.0810124699085592,log_CAA
7632.76327632763,0.0809802034774237,log_CAA
7633.76337633763,0.0809479494156818,log_CAA
7634.76347634764,0.080915707718897,log_CAA
7635.76357635764,0.0808834783826346,log_CAA
7636.76367636764,0.0808512614024609,log_CAA
7637.76377637764,0.080819056773944,log_CAA
7638.76387638764,0.0807868644926531,log_CAA
7639.76397639764,0.0807546845541589,log_CAA
7640.76407640764,0.0807225169540333,log_CAA
7641.76417641764,0.0806903616878499,log_CAA
7642.76427642764,0.0806582187511834,log_CAA
7643.76437643764,0.0806260881396099,log_CAA
7644.76447644764,0.0805939698487071,log_CAA
7645.76457645765,0.080561863874054,log_CAA
7646.76467646765,0.0805297702112307,log_CAA
7647.76477647765,0.0804976888558191,log_CAA
7648.76487648765,0.0804656198034022,log_CAA
7649.76497649765,0.0804335630495645,log_CAA
7650.76507650765,0.0804015185898918,log_CAA
7651.76517651765,0.0803694864199714,log_CAA
7652.76527652765,0.0803374665353918,log_CAA
7653.76537653765,0.080305458931743,log_CAA
7654.76547654766,0.0802734636046165,log_CAA
7655.76557655766,0.0802414805496048,log_CAA
7656.76567656766,0.0802095097623023,log_CAA
7657.76577657766,0.0801775512383042,log_CAA
7658.76587658766,0.0801456049732076,log_CAA
7659.76597659766,0.0801136709626106,log_CAA
7660.76607660766,0.0800817492021129,log_CAA
7661.76617661766,0.0800498396873155,log_CAA
7662.76627662766,0.0800179424138207,log_CAA
7663.76637663766,0.0799860573772323,log_CAA
7664.76647664766,0.0799541845731555,log_CAA
7665.76657665767,0.0799223239971967,log_CAA
7666.76667666767,0.0798904756449637,log_CAA
7667.76677667767,0.079858639512066,log_CAA
7668.76687668767,0.079826815594114,log_CAA
7669.76697669767,0.0797950038867198,log_CAA
7670.76707670767,0.0797632043854968,log_CAA
7671.76717671767,0.0797314170860597,log_CAA
7672.76727672767,0.0796996419840246,log_CAA
7673.76737673767,0.079667879075009,log_CAA
7674.76747674767,0.0796361283546318,log_CAA
7675.76757675768,0.0796043898185132,log_CAA
7676.76767676768,0.0795726634622749,log_CAA
7677.76777677768,0.0795409492815398,log_CAA
7678.76787678768,0.0795092472719322,log_CAA
7679.76797679768,0.079477557429078,log_CAA
7680.76807680768,0.0794458797486042,log_CAA
7681.76817681768,0.0794142142261392,log_CAA
7682.76827682768,0.0793825608573129,log_CAA
7683.76837683768,0.0793509196377565,log_CAA
7684.76847684768,0.0793192905631026,log_CAA
7685.76857685769,0.0792876736289852,log_CAA
7686.76867686769,0.0792560688310395,log_CAA
7687.76877687769,0.0792244761649022,log_CAA
7688.76887688769,0.0791928956262115,log_CAA
7689.76897689769,0.0791613272106066,log_CAA
7690.76907690769,0.0791297709137285,log_CAA
7691.76917691769,0.0790982267312193,log_CAA
7692.76927692769,0.0790666946587224,log_CAA
7693.76937693769,0.0790351746918829,log_CAA
7694.76947694769,0.0790036668263468,log_CAA
7695.7695769577,0.078972171057762,log_CAA
7696.7696769677,0.0789406873817774,log_CAA
7697.7697769777,0.0789092157940433,log_CAA
7698.7698769877,0.0788777562902114,log_CAA
7699.7699769977,0.078846308865935,log_CAA
7700.7700770077,0.0788148735168683,log_CAA
7701.7701770177,0.0787834502386673,log_CAA
7702.7702770277,0.0787520390269892,log_CAA
7703.7703770377,0.0787206398774924,log_CAA
7704.7704770477,0.0786892527858369,log_CAA
7705.77057705771,0.0786578777476841,log_CAA
7706.77067706771,0.0786265147586964,log_CAA
7707.77077707771,0.078595163814538,log_CAA
7708.77087708771,0.0785638249108742,log_CAA
7709.77097709771,0.0785324980433718,log_CAA
7710.77107710771,0.0785011832076988,log_CAA
7711.77117711771,0.0784698803995248,log_CAA
7712.77127712771,0.0784385896145205,log_CAA
7713.77137713771,0.0784073108483581,log_CAA
7714.77147714771,0.0783760440967112,log_CAA
7715.77157715772,0.0783447893552546,log_CAA
7716.77167716772,0.0783135466196646,log_CAA
7717.77177717772,0.078282315885619,log_CAA
7718.77187718772,0.0782510971487966,log_CAA
7719.77197719772,0.0782198904048778,log_CAA
7720.77207720772,0.0781886956495443,log_CAA
7721.77217721772,0.0781575128784792,log_CAA
7722.77227722772,0.0781263420873669,log_CAA
7723.77237723772,0.0780951832718932,log_CAA
7724.77247724773,0.0780640364277453,log_CAA
7725.77257725773,0.0780329015506116,log_CAA
7726.77267726773,0.0780017786361821,log_CAA
7727.77277727773,0.0779706676801478,log_CAA
7728.77287728773,0.0779395686782015,log_CAA
7729.77297729773,0.077908481626037,log_CAA
7730.77307730773,0.0778774065193496,log_CAA
7731.77317731773,0.077846343353836,log_CAA
7732.77327732773,0.0778152921251942,log_CAA
7733.77337733773,0.0777842528291236,log_CAA
7734.77347734773,0.0777532254613248,log_CAA
7735.77357735774,0.0777222100175,log_CAA
7736.77367736774,0.0776912064933525,log_CAA
7737.77377737774,0.0776602148845872,log_CAA
7738.77387738774,0.0776292351869101,log_CAA
7739.77397739774,0.0775982673960289,log_CAA
7740.77407740774,0.0775673115076522,log_CAA
7741.77417741774,0.0775363675174904,log_CAA
7742.77427742774,0.077505435421255,log_CAA
7743.77437743774,0.0774745152146588,log_CAA
7744.77447744774,0.0774436068934162,log_CAA
7745.77457745775,0.0774127104532427,log_CAA
7746.77467746775,0.0773818258898554,log_CAA
7747.77477747775,0.0773509531989725,log_CAA
7748.77487748775,0.0773200923763138,log_CAA
7749.77497749775,0.0772892434176001,log_CAA
7750.77507750775,0.0772584063185539,log_CAA
7751.77517751775,0.077227581074899,log_CAA
7752.77527752775,0.0771967676823604,log_CAA
7753.77537753775,0.0771659661366645,log_CAA
7754.77547754776,0.0771351764335391,log_CAA
7755.77557755776,0.0771043985687133,log_CAA
7756.77567756776,0.0770736325379175,log_CAA
7757.77577757776,0.0770428783368838,log_CAA
7758.77587758776,0.0770121359613451,log_CAA
7759.77597759776,0.076981405407036,log_CAA
7760.77607760776,0.0769506866696924,log_CAA
7761.77617761776,0.0769199797450516,log_CAA
7762.77627762776,0.0768892846288519,log_CAA
7763.77637763776,0.0768586013168335,log_CAA
7764.77647764776,0.0768279298047375,log_CAA
7765.77657765777,0.0767972700883065,log_CAA
7766.77667766777,0.0767666221632846,log_CAA
7767.77677767777,0.076735986025417,log_CAA
7768.77687768777,0.0767053616704503,log_CAA
7769.77697769777,0.0766747490941325,log_CAA
7770.77707770777,0.076644148292213,log_CAA
7771.77717771777,0.0766135592604425,log_CAA
7772.77727772777,0.076582981994573,log_CAA
7773.77737773777,0.0765524164903579,log_CAA
7774.77747774778,0.0765218627435519,log_CAA
7775.77757775778,0.076491320749911,log_CAA
7776.77767776778,0.0764607905051927,log_CAA
7777.77777777778,0.0764302720051556,log_CAA
7778.77787778778,0.07639976524556,log_CAA
7779.77797779778,0.0763692702221673,log_CAA
7780.77807780778,0.0763387869307401,log_CAA
7781.77817781778,0.0763083153670427,log_CAA
7782.77827782778,0.0762778555268405,log_CAA
7783.77837783778,0.0762474074059003,log_CAA
7784.77847784779,0.0762169709999902,log_CAA
7785.77857785779,0.0761865463048798,log_CAA
7786.77867786779,0.0761561333163399,log_CAA
7787.77877787779,0.0761257320301426,log_CAA
7788.77887788779,0.0760953424420616,log_CAA
7789.77897789779,0.0760649645478715,log_CAA
7790.77907790779,0.0760345983433486,log_CAA
7791.77917791779,0.0760042438242704,log_CAA
7792.77927792779,0.0759739009864158,log_CAA
7793.77937793779,0.0759435698255651,log_CAA
7794.77947794779,0.0759132503374997,log_CAA
7795.7795779578,0.0758829425180026,log_CAA
7796.7796779678,0.0758526463628579,log_CAA
7797.7797779778,0.0758223618678513,log_CAA
7798.7798779878,0.0757920890287696,log_CAA
7799.7799779978,0.0757618278414011,log_CAA
7800.7800780078,0.0757315783015354,log_CAA
7801.7801780178,0.0757013404049633,log_CAA
7802.7802780278,0.0756711141474771,log_CAA
7803.7803780378,0.0756408995248703,log_CAA
7804.78047804781,0.0756106965329381,log_CAA
7805.78057805781,0.0755805051674764,log_CAA
7806.78067806781,0.075550325424283,log_CAA
7807.78077807781,0.0755201572991569,log_CAA
7808.78087808781,0.0754900007878982,log_CAA
7809.78097809781,0.0754598558863085,log_CAA
7810.78107810781,0.0754297225901907,log_CAA
7811.78117811781,0.0753996008953492,log_CAA
7812.78127812781,0.0753694907975896,log_CAA
7813.78137813781,0.0753393922927187,log_CAA
7814.78147814781,0.0753093053765448,log_CAA
7815.78157815782,0.0752792300448775,log_CAA
7816.78167816782,0.0752491662935278,log_CAA
7817.78177817782,0.0752191141183079,log_CAA
7818.78187818782,0.0751890735150314,log_CAA
7819.78197819782,0.0751590444795131,log_CAA
7820.78207820782,0.0751290270075695,log_CAA
7821.78217821782,0.0750990210950181,log_CAA
7822.78227822782,0.0750690267376777,log_CAA
7823.78237823782,0.0750390439313687,log_CAA
7824.78247824782,0.0750090726719125,log_CAA
7825.78257825783,0.0749791129551322,log_CAA
7826.78267826783,0.0749491647768519,log_CAA
7827.78277827783,0.0749192281328972,log_CAA
7828.78287828783,0.074889303019095,log_CAA
7829.78297829783,0.0748593894312736,log_CAA
7830.78307830783,0.0748294873652625,log_CAA
7831.78317831783,0.0747995968168925,log_CAA
7832.78327832783,0.0747697177819959,log_CAA
7833.78337833783,0.0747398502564062,log_CAA
7834.78347834783,0.0747099942359582,log_CAA
7835.78357835784,0.0746801497164882,log_CAA
7836.78367836784,0.0746503166938337,log_CAA
7837.78377837784,0.0746204951638336,log_CAA
7838.78387838784,0.0745906851223279,log_CAA
7839.78397839784,0.0745608865651582,log_CAA
7840.78407840784,0.0745310994881673,log_CAA
7841.78417841784,0.0745013238871993,log_CAA
7842.78427842784,0.0744715597580998,log_CAA
7843.78437843784,0.0744418070967154,log_CAA
7844.78447844784,0.0744120658988944,log_CAA
7845.78457845785,0.0743823361604862,log_CAA
7846.78467846785,0.0743526178773415,log_CAA
7847.78477847785,0.0743229110453124,log_CAA
7848.78487848785,0.0742932156602524,log_CAA
7849.78497849785,0.0742635317180162,log_CAA
7850.78507850785,0.0742338592144598,log_CAA
7851.78517851785,0.0742041981454406,log_CAA
7852.78527852785,0.0741745485068174,log_CAA
7853.78537853785,0.0741449102944501,log_CAA
7854.78547854785,0.0741152835042001,log_CAA
7855.78557855786,0.0740856681319301,log_CAA
7856.78567856786,0.074056064173504,log_CAA
7857.78577857786,0.0740264716247872,log_CAA
7858.78587858786,0.0739968904816463,log_CAA
7859.78597859786,0.0739673207399492,log_CAA
7860.78607860786,0.0739377623955652,log_CAA
7861.78617861786,0.0739082154443649,log_CAA
7862.78627862786,0.0738786798822203,log_CAA
7863.78637863786,0.0738491557050044,log_CAA
7864.78647864786,0.073819642908592,log_CAA
7865.78657865787,0.0737901414888588,log_CAA
7866.78667866787,0.073760651441682,log_CAA
7867.78677867787,0.0737311727629401,log_CAA
7868.78687868787,0.073701705448513,log_CAA
7869.78697869787,0.0736722494942817,log_CAA
7870.78707870787,0.0736428048961287,log_CAA
7871.78717871787,0.0736133716499379,log_CAA
7872.78727872787,0.0735839497515943,log_CAA
7873.78737873787,0.0735545391969841,log_CAA
7874.78747874787,0.0735251399819953,log_CAA
7875.78757875788,0.0734957521025167,log_CAA
7876.78767876788,0.0734663755544389,log_CAA
7877.78777877788,0.0734370103336534,log_CAA
7878.78787878788,0.0734076564360531,log_CAA
7879.78797879788,0.0733783138575325,log_CAA
7880.78807880788,0.073348982593987,log_CAA
7881.78817881788,0.0733196626413136,log_CAA
7882.78827882788,0.0732903539954105,log_CAA
7883.78837883788,0.0732610566521774,log_CAA
7884.78847884788,0.0732317706075149,log_CAA
7885.78857885789,0.0732024958573253,log_CAA
7886.78867886789,0.0731732323975121,log_CAA
7887.78877887789,0.0731439802239801,log_CAA
7888.78887888789,0.0731147393326353,log_CAA
7889.78897889789,0.0730855097193852,log_CAA
7890.78907890789,0.0730562913801385,log_CAA
7891.78917891789,0.0730270843108052,log_CAA
7892.78927892789,0.0729978885072968,log_CAA
7893.78937893789,0.0729687039655257,log_CAA
7894.78947894789,0.0729395306814061,log_CAA
7895.7895789579,0.0729103686508531,log_CAA
7896.7896789679,0.0728812178697835,log_CAA
7897.7897789779,0.0728520783341149,log_CAA
7898.7898789879,0.0728229500397668,log_CAA
7899.7899789979,0.0727938329826595,log_CAA
7900.7900790079,0.0727647271587149,log_CAA
7901.7901790179,0.0727356325638561,log_CAA
7902.7902790279,0.0727065491940075,log_CAA
7903.7903790379,0.072677477045095,log_CAA
7904.79047904791,0.0726484161130455,log_CAA
7905.79057905791,0.0726193663937873,log_CAA
7906.79067906791,0.0725903278832503,log_CAA
7907.79077907791,0.0725613005773653,log_CAA
7908.79087908791,0.0725322844720645,log_CAA
7909.79097909791,0.0725032795632816,log_CAA
7910.79107910791,0.0724742858469515,log_CAA
7911.79117911791,0.0724453033190103,log_CAA
7912.79127912791,0.0724163319753955,log_CAA
7913.79137913791,0.072387371812046,log_CAA
7914.79147914791,0.0723584228249018,log_CAA
7915.79157915792,0.0723294850099043,log_CAA
7916.79167916792,0.0723005583629963,log_CAA
7917.79177917792,0.0722716428801217,log_CAA
7918.79187918792,0.0722427385572259,log_CAA
7919.79197919792,0.0722138453902554,log_CAA
7920.79207920792,0.0721849633751583,log_CAA
7921.79217921792,0.0721560925078837,log_CAA
7922.79227922792,0.0721272327843821,log_CAA
7923.79237923792,0.0720983842006053,log_CAA
7924.79247924792,0.0720695467525066,log_CAA
7925.79257925793,0.0720407204360402,log_CAA
7926.79267926793,0.072011905247162,log_CAA
7927.79277927793,0.071983101181829,log_CAA
7928.79287928793,0.0719543082359994,log_CAA
7929.79297929793,0.071925526405633,log_CAA
7930.79307930793,0.0718967556866905,log_CAA
7931.79317931793,0.0718679960751343,log_CAA
7932.79327932793,0.071839247566928,log_CAA
7933.79337933793,0.0718105101580361,log_CAA
7934.79347934794,0.071781783844425,log_CAA
7935.79357935794,0.0717530686220621,log_CAA
7936.79367936794,0.0717243644869159,log_CAA
7937.79377937794,0.0716956714349567,log_CAA
7938.79387938794,0.0716669894621555,log_CAA
7939.79397939794,0.0716383185644851,log_CAA
7940.79407940794,0.0716096587379194,log_CAA
7941.79417941794,0.0715810099784336,log_CAA
7942.79427942794,0.0715523722820041,log_CAA
7943.79437943794,0.0715237456446087,log_CAA
7944.79447944794,0.0714951300622266,log_CAA
7945.79457945795,0.071466525530838,log_CAA
7946.79467946795,0.0714379320464247,log_CAA
7947.79477947795,0.0714093496049696,log_CAA
7948.79487948795,0.0713807782024571,log_CAA
7949.79497949795,0.0713522178348725,log_CAA
7950.79507950795,0.0713236684982029,log_CAA
7951.79517951795,0.0712951301884363,log_CAA
7952.79527952795,0.0712666029015621,log_CAA
7953.79537953795,0.0712380866335712,log_CAA
7954.79547954796,0.0712095813804554,log_CAA
7955.79557955796,0.0711810871382082,log_CAA
7956.79567956796,0.0711526039028241,log_CAA
7957.79577957796,0.071124131670299,log_CAA
7958.79587958796,0.0710956704366301,log_CAA
7959.79597959796,0.0710672201978158,log_CAA
7960.79607960796,0.071038780949856,log_CAA
7961.79617961796,0.0710103526887517,log_CAA
7962.79627962796,0.0709819354105052,log_CAA
7963.79637963796,0.0709535291111201,log_CAA
7964.79647964797,0.0709251337866015,log_CAA
7965.79657965797,0.0708967494329554,log_CAA
7966.79667966797,0.0708683760461894,log_CAA
7967.79677967797,0.0708400136223123,log_CAA
7968.79687968797,0.0708116621573343,log_CAA
7969.79697969797,0.0707833216472665,log_CAA
7970.79707970797,0.0707549920881217,log_CAA
7971.79717971797,0.0707266734759138,log_CAA
7972.79727972797,0.0706983658066581,log_CAA
7973.79737973797,0.070670069076371,log_CAA
7974.79747974797,0.0706417832810704,log_CAA
7975.79757975798,0.0706135084167753,log_CAA
7976.79767976798,0.0705852444795062,log_CAA
7977.79777977798,0.0705569914652846,log_CAA
7978.79787978798,0.0705287493701336,log_CAA
7979.79797979798,0.0705005181900772,log_CAA
7980.79807980798,0.0704722979211411,log_CAA
7981.79817981798,0.0704440885593521,log_CAA
7982.79827982798,0.0704158901007382,log_CAA
7983.79837983798,0.0703877025413288,log_CAA
7984.79847984798,0.0703595258771546,log_CAA
7985.79857985799,0.0703313601042473,log_CAA
7986.79867986799,0.0703032052186404,log_CAA
7987.79877987799,0.0702750612163682,log_CAA
7988.79887988799,0.0702469280934666,log_CAA
7989.79897989799,0.0702188058459726,log_CAA
7990.79907990799,0.0701906944699246,log_CAA
7991.79917991799,0.070162593961362,log_CAA
7992.79927992799,0.070134504316326,log_CAA
7993.79937993799,0.0701064255308586,log_CAA
7994.79947994799,0.0700783576010033,log_CAA
7995.799579958,0.0700503005228049,log_CAA
7996.799679968,0.0700222542923093,log_CAA
7997.799779978,0.069994218905564,log_CAA
7998.799879988,0.0699661943586174,log_CAA
7999.799979998,0.0699381806475194,log_CAA
8000.800080008,0.0699101777683212,log_CAA
8001.800180018,0.0698821857170752,log_CAA
8002.800280028,0.069854204489835,log_CAA
8003.800380038,0.0698262340826557,log_CAA
8004.800480048,0.0697982744915935,log_CAA
8005.80058005801,0.0697703257127059,log_CAA
8006.80068006801,0.0697423877420518,log_CAA
8007.80078007801,0.0697144605756912,log_CAA
8008.80088008801,0.0696865442096854,log_CAA
8009.80098009801,0.0696586386400971,log_CAA
8010.80108010801,0.0696307438629903,log_CAA
8011.80118011801,0.06960285987443,log_CAA
8012.80128012801,0.0695749866704828,log_CAA
8013.80138013801,0.0695471242472164,log_CAA
8014.80148014801,0.0695192726006998,log_CAA
8015.80158015802,0.0694914317270033,log_CAA
8016.80168016802,0.0694636016221984,log_CAA
8017.80178017802,0.069435782282358,log_CAA
8018.80188018802,0.0694079737035561,log_CAA
8019.80198019802,0.0693801758818683,log_CAA
8020.80208020802,0.069352388813371,log_CAA
8021.80218021802,0.0693246124941422,log_CAA
8022.80228022802,0.0692968469202611,log_CAA
8023.80238023802,0.0692690920878082,log_CAA
8024.80248024802,0.0692413479928652,log_CAA
8025.80258025803,0.0692136146315152,log_CAA
8026.80268026803,0.0691858919998423,log_CAA
8027.80278027803,0.0691581800939322,log_CAA
8028.80288028803,0.0691304789098717,log_CAA
8029.80298029803,0.0691027884437488,log_CAA
8030.80308030803,0.0690751086916529,log_CAA
8031.80318031803,0.0690474396496747,log_CAA
8032.80328032803,0.0690197813139061,log_CAA
8033.80338033803,0.0689921336804401,log_CAA
8034.80348034803,0.0689644967453713,log_CAA
8035.80358035804,0.0689368705047953,log_CAA
8036.80368036804,0.0689092549548092,log_CAA
8037.80378037804,0.0688816500915111,log_CAA
8038.80388038804,0.0688540559110006,log_CAA
8039.80398039804,0.0688264724093785,log_CAA
8040.80408040804,0.0687988995827467,log_CAA
8041.80418041804,0.0687713374272086,log_CAA
8042.80428042804,0.0687437859388688,log_CAA
8043.80438043804,0.068716245113833,log_CAA
8044.80448044805,0.0686887149482085,log_CAA
8045.80458045805,0.0686611954381035,log_CAA
8046.80468046805,0.0686336865796278,log_CAA
8047.80478047805,0.0686061883688922,log_CAA
8048.80488048805,0.0685787008020088,log_CAA
8049.80498049805,0.0685512238750911,log_CAA
8050.80508050805,0.0685237575842538,log_CAA
8051.80518051805,0.0684963019256129,log_CAA
8052.80528052805,0.0684688568952855,log_CAA
8053.80538053805,0.0684414224893902,log_CAA
8054.80548054806,0.0684139987040466,log_CAA
8055.80558055806,0.0683865855353758,log_CAA
8056.80568056806,0.0683591829795001,log_CAA
8057.80578057806,0.068331791032543,log_CAA
8058.80588058806,0.0683044096906292,log_CAA
8059.80598059806,0.0682770389498849,log_CAA
8060.80608060806,0.0682496788064373,log_CAA
8061.80618061806,0.0682223292564151,log_CAA
8062.80628062806,0.0681949902959479,log_CAA
8063.80638063806,0.0681676619211671,log_CAA
8064.80648064806,0.0681403441282048,log_CAA
8065.80658065807,0.0681130369131946,log_CAA
8066.80668066807,0.0680857402722716,log_CAA
8067.80678067807,0.0680584542015718,log_CAA
8068.80688068807,0.0680311786972326,log_CAA
8069.80698069807,0.0680039137553926,log_CAA
8070.80708070807,0.0679766593721918,log_CAA
8071.80718071807,0.0679494155437712,log_CAA
8072.80728072807,0.0679221822662734,log_CAA
8073.80738073807,0.067894959535842,log_CAA
8074.80748074807,0.0678677473486219,log_CAA
8075.80758075808,0.0678405457007593,log_CAA
8076.80768076808,0.0678133545884017,log_CAA
8077.80778077808,0.0677861740076977,log_CAA
8078.80788078808,0.0677590039547974,log_CAA
8079.80798079808,0.0677318444258519,log_CAA
8080.80808080808,0.0677046954170137,log_CAA
8081.80818081808,0.0676775569244365,log_CAA
8082.80828082808,0.0676504289442752,log_CAA
8083.80838083808,0.0676233114726862,log_CAA
8084.80848084808,0.0675962045058269,log_CAA
8085.80858085809,0.067569108039856,log_CAA
8086.80868086809,0.0675420220709335,log_CAA
8087.80878087809,0.0675149465952207,log_CAA
8088.80888088809,0.06748788160888,log_CAA
8089.80898089809,0.0674608271080753,log_CAA
8090.80908090809,0.0674337830889714,log_CAA
8091.80918091809,0.0674067495477347,log_CAA
8092.80928092809,0.0673797264805326,log_CAA
8093.80938093809,0.0673527138835339,log_CAA
8094.8094809481,0.0673257117529087,log_CAA
8095.8095809581,0.067298720084828,log_CAA
8096.8096809681,0.0672717388754645,log_CAA
8097.8097809781,0.0672447681209919,log_CAA
8098.8098809881,0.0672178078175852,log_CAA
8099.8099809981,0.0671908579614207,log_CAA
8100.8100810081,0.0671639185486758,log_CAA
8101.8101810181,0.0671369895755293,log_CAA
8102.8102810281,0.0671100710381612,log_CAA
8103.8103810381,0.0670831629327528,log_CAA
8104.81048104811,0.0670562652554864,log_CAA
8105.81058105811,0.067029378002546,log_CAA
8106.81068106811,0.0670025011701164,log_CAA
8107.81078107811,0.0669756347543839,log_CAA
8108.81088108811,0.0669487787515359,log_CAA
8109.81098109811,0.0669219331577613,log_CAA
8110.81108110811,0.0668950979692499,log_CAA
8111.81118111811,0.066868273182193,log_CAA
8112.81128112811,0.066841458792783,log_CAA
8113.81138113811,0.0668146547972137,log_CAA
8114.81148114812,0.0667878611916799,log_CAA
8115.81158115812,0.066761077972378,log_CAA
8116.81168116812,0.0667343051355053,log_CAA
8117.81178117812,0.0667075426772606,log_CAA
8118.81188118812,0.0666807905938437,log_CAA
8119.81198119812,0.0666540488814557,log_CAA
8120.81208120812,0.0666273175362993,log_CAA
8121.81218121812,0.0666005965545779,log_CAA
8122.81228122812,0.0665738859324964,log_CAA
8123.81238123812,0.0665471856662612,log_CAA
8124.81248124812,0.0665204957520794,log_CAA
8125.81258125812,0.0664938161861598,log_CAA
8126.81268126813,0.0664671469647121,log_CAA
8127.81278127813,0.0664404880839475,log_CAA
8128.81288128813,0.0664138395400784,log_CAA
8129.81298129813,0.0663872013293183,log_CAA
8130.81308130813,0.0663605734478821,log_CAA
8131.81318131813,0.0663339558919858,log_CAA
8132.81328132813,0.0663073486578467,log_CAA
8133.81338133813,0.0662807517416834,log_CAA
8134.81348134813,0.0662541651397156,log_CAA
8135.81358135814,0.0662275888481644,log_CAA
8136.81368136814,0.0662010228632521,log_CAA
8137.81378137814,0.066174467181202,log_CAA
8138.81388138814,0.066147921798239,log_CAA
8139.81398139814,0.0661213867105891,log_CAA
8140.81408140814,0.0660948619144793,log_CAA
8141.81418141814,0.0660683474061383,log_CAA
8142.81428142814,0.0660418431817956,log_CAA
8143.81438143814,0.0660153492376822,log_CAA
8144.81448144814,0.0659888655700302,log_CAA
8145.81458145815,0.0659623921750731,log_CAA
8146.81468146815,0.0659359290490454,log_CAA
8147.81478147815,0.065909476188183,log_CAA
8148.81488148815,0.0658830335887229,log_CAA
8149.81498149815,0.0658566012469036,log_CAA
8150.81508150815,0.0658301791589646,log_CAA
8151.81518151815,0.0658037673211466,log_CAA
8152.81528152815,0.0657773657296918,log_CAA
8153.81538153815,0.0657509743808433,log_CAA
8154.81548154815,0.0657245932708456,log_CAA
8155.81558155816,0.0656982223959445,log_CAA
8156.81568156816,0.065671861752387,log_CAA
8157.81578157816,0.0656455113364211,log_CAA
8158.81588158816,0.0656191711442965,log_CAA
8159.81598159816,0.0655928411722636,log_CAA
8160.81608160816,0.0655665214165744,log_CAA
8161.81618161816,0.0655402118734819,log_CAA
8162.81628162816,0.0655139125392406,log_CAA
8163.81638163816,0.0654876234101061,log_CAA
8164.81648164817,0.065461344482335,log_CAA
8165.81658165817,0.0654350757521855,log_CAA
8166.81668166817,0.0654088172159167,log_CAA
8167.81678167817,0.0653825688697893,log_CAA
8168.81688168817,0.0653563307100649,log_CAA
8169.81698169817,0.0653301027330064,log_CAA
8170.81708170817,0.065303884934878,log_CAA
8171.81718171817,0.0652776773119453,log_CAA
8172.81728172817,0.0652514798604746,log_CAA
8173.81738173817,0.065225292576734,log_CAA
8174.81748174818,0.0651991154569925,log_CAA
8175.81758175817,0.0651729484975204,log_CAA
8176.81768176818,0.0651467916945893,log_CAA
8177.81778177818,0.0651206450444719,log_CAA
8178.81788178818,0.0650945085434421,log_CAA
8179.81798179818,0.0650683821877753,log_CAA
8180.81808180818,0.0650422659737479,log_CAA
8181.81818181818,0.0650161598976374,log_CAA
8182.81828182818,0.0649900639557229,log_CAA
8183.81838183818,0.0649639781442844,log_CAA
8184.81848184818,0.0649379024596031,log_CAA
8185.81858185819,0.0649118368979619,log_CAA
8186.81868186819,0.0648857814556443,log_CAA
8187.81878187819,0.0648597361289353,log_CAA
8188.81888188819,0.0648337009141213,log_CAA
8189.81898189819,0.0648076758074896,log_CAA
8190.81908190819,0.064781660805329,log_CAA
8191.81918191819,0.0647556559039293,log_CAA
8192.81928192819,0.0647296610995816,log_CAA
8193.81938193819,0.0647036763885783,log_CAA
8194.81948194819,0.0646777017672129,log_CAA
8195.81958195819,0.0646517372317802,log_CAA
8196.8196819682,0.0646257827785761,log_CAA
8197.8197819782,0.064599838403898,log_CAA
8198.8198819882,0.0645739041040442,log_CAA
8199.8199819982,0.0645479798753145,log_CAA
8200.8200820082,0.0645220657140095,log_CAA
8201.8201820182,0.0644961616164316,log_CAA
8202.8202820282,0.0644702675788838,log_CAA
8203.8203820382,0.0644443835976709,log_CAA
8204.8204820482,0.0644185096690985,log_CAA
8205.82058205821,0.0643926457894736,log_CAA
8206.82068206821,0.0643667919551043,log_CAA
8207.82078207821,0.0643409481623002,log_CAA
8208.82088208821,0.0643151144073717,log_CAA
8209.82098209821,0.0642892906866308,log_CAA
8210.82108210821,0.0642634769963903,log_CAA
8211.82118211821,0.0642376733329647,log_CAA
8212.82128212821,0.0642118796926694,log_CAA
8213.82138213821,0.0641860960718211,log_CAA
8214.82148214822,0.0641603224667377,log_CAA
8215.82158215822,0.0641345588737382,log_CAA
8216.82168216822,0.0641088052891431,log_CAA
8217.82178217822,0.0640830617092739,log_CAA
8218.82188218822,0.0640573281304533,log_CAA
8219.82198219822,0.0640316045490054,log_CAA
8220.82208220822,0.0640058909612552,log_CAA
8221.82218221822,0.0639801873635293,log_CAA
8222.82228222822,0.0639544937521552,log_CAA
8223.82238223822,0.0639288101234617,log_CAA
8224.82248224823,0.0639031364737789,log_CAA
8225.82258225823,0.063877472799438,log_CAA
8226.82268226823,0.0638518190967715,log_CAA
8227.82278227823,0.0638261753621131,log_CAA
8228.82288228823,0.0638005415917976,log_CAA
8229.82298229823,0.0637749177821611,log_CAA
8230.82308230823,0.0637493039295409,log_CAA
8231.82318231823,0.0637237000302755,log_CAA
8232.82328232823,0.0636981060807047,log_CAA
8233.82338233823,0.0636725220771694,log_CAA
8234.82348234824,0.0636469480160116,log_CAA
8235.82358235823,0.0636213838935748,log_CAA
8236.82368236824,0.0635958297062035,log_CAA
8237.82378237824,0.0635702854502435,log_CAA
8238.82388238824,0.0635447511220417,log_CAA
8239.82398239824,0.0635192267179463,log_CAA
8240.82408240824,0.0634937122343067,log_CAA
8241.82418241824,0.0634682076674735,log_CAA
8242.82428242824,0.0634427130137983,log_CAA
8243.82438243824,0.0634172282696345,log_CAA
8244.82448244824,0.0633917534313359,log_CAA
8245.82458245824,0.0633662884952581,log_CAA
8246.82468246825,0.0633408334577577,log_CAA
8247.82478247825,0.0633153883151926,log_CAA
8248.82488248825,0.0632899530639217,log_CAA
8249.82498249825,0.0632645277003053,log_CAA
8250.82508250825,0.0632391122207048,log_CAA
8251.82518251825,0.0632137066214828,log_CAA
8252.82528252825,0.0631883108990032,log_CAA
8253.82538253825,0.063162925049631,log_CAA
8254.82548254825,0.0631375490697325,log_CAA
8255.82558255826,0.0631121829556752,log_CAA
8256.82568256826,0.0630868267038275,log_CAA
8257.82578257826,0.0630614803105596,log_CAA
8258.82588258826,0.0630361437722423,log_CAA
8259.82598259826,0.0630108170852479,log_CAA
8260.82608260826,0.0629855002459499,log_CAA
8261.82618261826,0.062960193250723,log_CAA
8262.82628262826,0.0629348960959429,log_CAA
8263.82638263826,0.0629096087779869,log_CAA
8264.82648264827,0.062884331293233,log_CAA
8265.82658265827,0.0628590636380608,log_CAA
8266.82668266827,0.0628338058088508,log_CAA
8267.82678267827,0.0628085578019852,log_CAA
8268.82688268827,0.0627833196138466,log_CAA
8269.82698269827,0.0627580912408197,log_CAA
8270.82708270827,0.0627328726792895,log_CAA
8271.82718271827,0.0627076639256431,log_CAA
8272.82728272827,0.0626824649762679,log_CAA
8273.82738273827,0.0626572758275533,log_CAA
8274.82748274828,0.0626320964758892,log_CAA
8275.82758275828,0.0626069269176674,log_CAA
8276.82768276828,0.0625817671492803,log_CAA
8277.82778277828,0.0625566171671217,log_CAA
8278.82788278828,0.0625314769675867,log_CAA
8279.82798279828,0.0625063465470716,log_CAA
8280.82808280828,0.0624812259019736,log_CAA
8281.82818281828,0.0624561150286915,log_CAA
8282.82828282828,0.0624310139236249,log_CAA
8283.82838283828,0.062405922583175,log_CAA
8284.82848284829,0.0623808410037439,log_CAA
8285.82858285829,0.0623557691817349,log_CAA
8286.82868286829,0.0623307071135527,log_CAA
8287.82878287829,0.062305654795603,log_CAA
8288.82888288829,0.0622806122242927,log_CAA
8289.82898289829,0.0622555793960301,log_CAA
8290.82908290829,0.0622305563072244,log_CAA
8291.82918291829,0.0622055429542863,log_CAA
8292.82928292829,0.0621805393336273,log_CAA
8293.82938293829,0.0621555454416604,log_CAA
8294.8294829483,0.0621305612747998,log_CAA
8295.82958295829,0.0621055868294607,log_CAA
8296.8296829683,0.0620806221020596,log_CAA
8297.8297829783,0.0620556670890143,log_CAA
8298.8298829883,0.0620307217867434,log_CAA
8299.8299829983,0.0620057861916672,log_CAA
8300.8300830083,0.0619808603002068,log_CAA
8301.8301830183,0.0619559441087848,log_CAA
8302.8302830283,0.0619310376138245,log_CAA
8303.8303830383,0.0619061408117511,log_CAA
8304.8304830483,0.0618812536989903,log_CAA
8305.83058305831,0.0618563762719695,log_CAA
8306.83068306831,0.0618315085271168,log_CAA
8307.83078307831,0.061806650460862,log_CAA
8308.83088308831,0.0617818020696357,log_CAA
8309.83098309831,0.06175696334987,log_CAA
8310.83108310831,0.0617321342979978,log_CAA
8311.83118311831,0.0617073149104536,log_CAA
8312.83128312831,0.0616825051836727,log_CAA
8313.83138313831,0.0616577051140918,log_CAA
8314.83148314832,0.0616329146981489,log_CAA
8315.83158315832,0.061608133932283,log_CAA
8316.83168316832,0.0615833628129341,log_CAA
8317.83178317832,0.0615586013365439,log_CAA
8318.83188318832,0.0615338494995549,log_CAA
8319.83198319832,0.0615091072984108,log_CAA
8320.83208320832,0.0614843747295566,log_CAA
8321.83218321832,0.0614596517894385,log_CAA
8322.83228322832,0.0614349384745036,log_CAA
8323.83238323832,0.0614102347812007,log_CAA
8324.83248324833,0.0613855407059793,log_CAA
8325.83258325833,0.0613608562452904,log_CAA
8326.83268326833,0.0613361813955858,log_CAA
8327.83278327833,0.061311516153319,log_CAA
8328.83288328833,0.0612868605149443,log_CAA
8329.83298329833,0.0612622144769172,log_CAA
8330.83308330833,0.0612375780356946,log_CAA
8331.83318331833,0.0612129511877344,log_CAA
8332.83328332833,0.0611883339294957,log_CAA
8333.83338333833,0.0611637262574389,log_CAA
8334.83348334834,0.0611391281680253,log_CAA
8335.83358335834,0.0611145396577178,log_CAA
8336.83368336834,0.06108996072298,log_CAA
8337.83378337834,0.0610653913602771,log_CAA
8338.83388338834,0.0610408315660752,log_CAA
8339.83398339834,0.0610162813368418,log_CAA
8340.83408340834,0.0609917406690452,log_CAA
8341.83418341834,0.0609672095591554,log_CAA
8342.83428342834,0.0609426880036431,log_CAA
8343.83438343834,0.0609181759989805,log_CAA
8344.83448344834,0.0608936735416408,log_CAA
8345.83458345835,0.0608691806280983,log_CAA
8346.83468346835,0.0608446972548289,log_CAA
8347.83478347835,0.0608202234183092,log_CAA
8348.83488348835,0.0607957591150171,log_CAA
8349.83498349835,0.0607713043414319,log_CAA
8350.83508350835,0.0607468590940337,log_CAA
8351.83518351835,0.0607224233693041,log_CAA
8352.83528352835,0.0606979971637258,log_CAA
8353.83538353835,0.0606735804737825,log_CAA
8354.83548354835,0.0606491732959592,log_CAA
8355.83558355836,0.0606247756267421,log_CAA
8356.83568356836,0.0606003874626185,log_CAA
8357.83578357836,0.060576008800077,log_CAA
8358.83588358836,0.0605516396356072,log_CAA
8359.83598359836,0.0605272799657,log_CAA
8360.83608360836,0.0605029297868474,log_CAA
8361.83618361836,0.0604785890955426,log_CAA
8362.83628362836,0.0604542578882799,log_CAA
8363.83638363836,0.0604299361615548,log_CAA
8364.83648364836,0.0604056239118643,log_CAA
8365.83658365837,0.0603813211357058,log_CAA
8366.83668366837,0.0603570278295788,log_CAA
8367.83678367837,0.0603327439899832,log_CAA
8368.83688368837,0.0603084696134206,log_CAA
8369.83698369837,0.0602842046963933,log_CAA
8370.83708370837,0.0602599492354052,log_CAA
8371.83718371837,0.060235703226961,log_CAA
8372.83728372837,0.060211466667567,log_CAA
8373.83738373837,0.0601872395537302,log_CAA
8374.83748374837,0.0601630218819592,log_CAA
8375.83758375838,0.0601388136487633,log_CAA
8376.83768376838,0.0601146148506533,log_CAA
8377.83778377838,0.0600904254841411,log_CAA
8378.83788378838,0.0600662455457398,log_CAA
8379.83798379838,0.0600420750319635,log_CAA
8380.83808380838,0.0600179139393277,log_CAA
8381.83818381838,0.0599937622643488,log_CAA
8382.83828382838,0.0599696200035447,log_CAA
8383.83838383838,0.059945487153434,log_CAA
8384.83848384838,0.0599213637105369,log_CAA
8385.83858385839,0.0598972496713745,log_CAA
8386.83868386839,0.0598731450324693,log_CAA
8387.83878387839,0.0598490497903447,log_CAA
8388.83888388839,0.0598249639415255,log_CAA
8389.83898389839,0.0598008874825374,log_CAA
8390.83908390839,0.0597768204099074,log_CAA
8391.83918391839,0.0597527627201638,log_CAA
8392.83928392839,0.0597287144098358,log_CAA
8393.83938393839,0.059704675475454,log_CAA
8394.83948394839,0.05968064591355,log_CAA
8395.8395839584,0.0596566257206566,log_CAA
8396.8396839684,0.0596326148933078,log_CAA
8397.8397839784,0.0596086134280386,log_CAA
8398.8398839884,0.0595846213213854,log_CAA
8399.8399839984,0.0595606385698857,log_CAA
8400.8400840084,0.0595366651700781,log_CAA
8401.8401840184,0.0595127011185022,log_CAA
8402.8402840284,0.0594887464116991,log_CAA
8403.8403840384,0.0594648010462108,log_CAA
8404.8404840484,0.0594408650185805,log_CAA
8405.84058405841,0.0594169383253527,log_CAA
8406.84068406841,0.0593930209630729,log_CAA
8407.84078407841,0.0593691129282878,log_CAA
8408.84088408841,0.0593452142175453,log_CAA
8409.84098409841,0.0593213248273943,log_CAA
8410.84108410841,0.0592974447543851,log_CAA
8411.84118411841,0.059273573995069,log_CAA
8412.84128412841,0.0592497125459986,log_CAA
8413.84138413841,0.0592258604037273,log_CAA
8414.84148414842,0.0592020175648101,log_CAA
8415.84158415842,0.0591781840258028,log_CAA
8416.84168416842,0.0591543597832627,log_CAA
8417.84178417842,0.0591305448337478,log_CAA
8418.84188418842,0.0591067391738178,log_CAA
8419.84198419842,0.059082942800033,log_CAA
8420.84208420842,0.0590591557089553,log_CAA
8421.84218421842,0.0590353778971475,log_CAA
8422.84228422842,0.0590116093611737,log_CAA
8423.84238423842,0.0589878500975989,log_CAA
8424.84248424842,0.0589641001029896,log_CAA
8425.84258425843,0.0589403593739131,log_CAA
8426.84268426843,0.0589166279069383,log_CAA
8427.84278427843,0.0588929056986347,log_CAA
8428.84288428843,0.0588691927455733,log_CAA
8429.84298429843,0.0588454890443263,log_CAA
8430.84308430843,0.0588217945914669,log_CAA
8431.84318431843,0.0587981093835693,log_CAA
8432.84328432843,0.0587744334172093,log_CAA
8433.84338433843,0.0587507666889633,log_CAA
8434.84348434843,0.0587271091954093,log_CAA
8435.84358435844,0.0587034609331262,log_CAA
8436.84368436844,0.0586798218986943,log_CAA
8437.84378437844,0.0586561920886945,log_CAA
8438.84388438844,0.0586325714997096,log_CAA
8439.84398439844,0.0586089601283229,log_CAA
8440.84408440844,0.0585853579711193,log_CAA
8441.84418441844,0.0585617650246845,log_CAA
8442.84428442844,0.0585381812856056,log_CAA
8443.84438443844,0.0585146067504706,log_CAA
8444.84448444844,0.058491041415869,log_CAA
8445.84458445845,0.0584674852783911,log_CAA
8446.84468446845,0.0584439383346286,log_CAA
8447.84478447845,0.0584204005811741,log_CAA
8448.84488448845,0.0583968720146216,log_CAA
8449.84498449845,0.0583733526315659,log_CAA
8450.84508450845,0.0583498424286034,log_CAA
8451.84518451845,0.0583263414023313,log_CAA
8452.84528452845,0.0583028495493481,log_CAA
8453.84538453845,0.0582793668662533,log_CAA
8454.84548454845,0.0582558933496476,log_CAA
8455.84558455846,0.058232428996133,log_CAA
8456.84568456846,0.0582089738023125,log_CAA
8457.84578457846,0.0581855277647903,log_CAA
8458.84588458846,0.0581620908801715,log_CAA
8459.84598459846,0.0581386631450627,log_CAA
8460.84608460846,0.0581152445560714,log_CAA
8461.84618461846,0.0580918351098064,log_CAA
8462.84628462846,0.0580684348028776,log_CAA
8463.84638463846,0.0580450436318958,log_CAA
8464.84648464847,0.0580216615934734,log_CAA
8465.84658465847,0.0579982886842234,log_CAA
8466.84668466847,0.0579749249007605,log_CAA
8467.84678467847,0.0579515702397001,log_CAA
8468.84688468847,0.0579282246976589,log_CAA
8469.84698469847,0.0579048882712547,log_CAA
8470.84708470847,0.0578815609571066,log_CAA
8471.84718471847,0.0578582427518347,log_CAA
8472.84728472847,0.0578349336520601,log_CAA
8473.84738473847,0.0578116336544052,log_CAA
8474.84748474848,0.0577883427554937,log_CAA
8475.84758475848,0.0577650609519501,log_CAA
8476.84768476848,0.0577417882404002,log_CAA
8477.84778477848,0.057718524617471,log_CAA
8478.84788478848,0.0576952700797906,log_CAA
8479.84798479848,0.057672024623988,log_CAA
8480.84808480848,0.0576487882466937,log_CAA
8481.84818481848,0.0576255609445391,log_CAA
8482.84828482848,0.0576023427141569,log_CAA
8483.84838483849,0.0575791335521807,log_CAA
8484.84848484848,0.0575559334552454,log_CAA
8485.84858485849,0.0575327424199871,log_CAA
8486.84868486849,0.0575095604430428,log_CAA
8487.84878487849,0.0574863875210508,log_CAA
8488.84888488849,0.0574632236506506,log_CAA
8489.84898489849,0.0574400688284826,log_CAA
8490.84908490849,0.0574169230511886,log_CAA
8491.84918491849,0.0573937863154113,log_CAA
8492.84928492849,0.0573706586177946,log_CAA
8493.84938493849,0.0573475399549836,log_CAA
8494.84948494849,0.0573244303236246,log_CAA
8495.8495849585,0.0573013297203646,log_CAA
8496.8496849685,0.0572782381418524,log_CAA
8497.8497849785,0.0572551555847374,log_CAA
8498.8498849885,0.0572320820456704,log_CAA
8499.8499849985,0.0572090175213031,log_CAA
8500.8500850085,0.0571859620082885,log_CAA
8501.8501850185,0.0571629155032808,log_CAA
8502.8502850285,0.0571398780029351,log_CAA
8503.8503850385,0.0571168495039078,log_CAA
8504.8504850485,0.0570938300028564,log_CAA
8505.85058505851,0.0570708194964395,log_CAA
8506.85068506851,0.0570478179813168,log_CAA
8507.85078507851,0.0570248254541491,log_CAA
8508.85088508851,0.0570018419115985,log_CAA
8509.85098509851,0.056978867350328,log_CAA
8510.85108510851,0.0569559017670019,log_CAA
8511.85118511851,0.0569329451582856,log_CAA
8512.85128512851,0.0569099975208455,log_CAA
8513.85138513851,0.0568870588513493,log_CAA
8514.85148514852,0.0568641291464657,log_CAA
8515.85158515852,0.0568412084028645,log_CAA
8516.85168516852,0.0568182966172167,log_CAA
8517.85178517852,0.0567953937861944,log_CAA
8518.85188518852,0.0567724999064709,log_CAA
8519.85198519852,0.0567496149747206,log_CAA
8520.85208520852,0.0567267389876188,log_CAA
8521.85218521852,0.0567038719418422,log_CAA
8522.85228522852,0.0566810138340685,log_CAA
8523.85238523852,0.0566581646609766,log_CAA
8524.85248524853,0.0566353244192464,log_CAA
8525.85258525853,0.056612493105559,log_CAA
8526.85268526853,0.0565896707165966,log_CAA
8527.85278527853,0.0565668572490425,log_CAA
8528.85288528853,0.0565440526995812,log_CAA
8529.85298529853,0.0565212570648983,log_CAA
8530.85308530853,0.0564984703416804,log_CAA
8531.85318531853,0.0564756925266154,log_CAA
8532.85328532853,0.056452923616392,log_CAA
8533.85338533853,0.0564301636077006,log_CAA
8534.85348534854,0.0564074124972321,log_CAA
8535.85358535853,0.0563846702816789,log_CAA
8536.85368536854,0.0563619369577343,log_CAA
8537.85378537854,0.0563392125220929,log_CAA
8538.85388538854,0.0563164969714502,log_CAA
8539.85398539854,0.0562937903025032,log_CAA
8540.85408540854,0.0562710925119496,log_CAA
8541.85418541854,0.0562484035964884,log_CAA
8542.85428542854,0.0562257235528197,log_CAA
8543.85438543854,0.0562030523776447,log_CAA
8544.85448544854,0.0561803900676658,log_CAA
8545.85458545854,0.0561577366195864,log_CAA
8546.85468546855,0.0561350920301111,log_CAA
8547.85478547855,0.0561124562959455,log_CAA
8548.85488548855,0.0560898294137965,log_CAA
8549.85498549855,0.0560672113803719,log_CAA
8550.85508550855,0.0560446021923808,log_CAA
8551.85518551855,0.0560220018465333,log_CAA
8552.85528552855,0.0559994103395405,log_CAA
8553.85538553855,0.0559768276681151,log_CAA
8554.85548554855,0.0559542538289703,log_CAA
8555.85558555856,0.0559316888188207,log_CAA
8556.85568556856,0.0559091326343821,log_CAA
8557.85578557856,0.0558865852723713,log_CAA
8558.85588558856,0.0558640467295061,log_CAA
8559.85598559856,0.0558415170025057,log_CAA
8560.85608560856,0.05581899608809,log_CAA
8561.85618561856,0.0557964839829806,log_CAA
8562.85628562856,0.0557739806838995,log_CAA
8563.85638563856,0.0557514861875704,log_CAA
8564.85648564857,0.0557290004907178,log_CAA
8565.85658565857,0.0557065235900675,log_CAA
8566.85668566857,0.0556840554823461,log_CAA
8567.85678567857,0.0556615961642816,log_CAA
8568.85688568857,0.0556391456326031,log_CAA
8569.85698569857,0.0556167038840406,log_CAA
8570.85708570857,0.0555942709153254,log_CAA
8571.85718571857,0.0555718467231898,log_CAA
8572.85728572857,0.0555494313043673,log_CAA
8573.85738573857,0.0555270246555924,log_CAA
8574.85748574858,0.0555046267736008,log_CAA
8575.85758575858,0.0554822376551293,log_CAA
8576.85768576858,0.0554598572969157,log_CAA
8577.85778577858,0.055437485695699,log_CAA
8578.85788578858,0.0554151228482193,log_CAA
8579.85798579858,0.0553927687512177,log_CAA
8580.85808580858,0.0553704234014367,log_CAA
8581.85818581858,0.0553480867956195,log_CAA
8582.85828582858,0.0553257589305106,log_CAA
8583.85838583858,0.0553034398028558,log_CAA
8584.85848584859,0.0552811294094016,log_CAA
8585.85858585859,0.055258827746896,log_CAA
8586.85868586859,0.0552365348120877,log_CAA
8587.85878587859,0.055214250601727,log_CAA
8588.85888588859,0.0551919751125647,log_CAA
8589.85898589859,0.0551697083413533,log_CAA
8590.85908590859,0.0551474502848459,log_CAA
8591.85918591859,0.0551252009397971,log_CAA
8592.85928592859,0.0551029603029624,log_CAA
8593.85938593859,0.0550807283710984,log_CAA
8594.8594859486,0.0550585051409627,log_CAA
8595.85958595859,0.0550362906093144,log_CAA
8596.8596859686,0.0550140847729132,log_CAA
8597.8597859786,0.0549918876285202,log_CAA
8598.8598859886,0.0549696991728976,log_CAA
8599.8599859986,0.0549475194028086,log_CAA
8600.8600860086,0.0549253483150174,log_CAA
8601.8601860186,0.0549031859062897,log_CAA
8602.8602860286,0.0548810321733917,log_CAA
8603.8603860386,0.0548588871130913,log_CAA
8604.8604860486,0.054836750722157,log_CAA
8605.86058605861,0.0548146229973587,log_CAA
8606.86068606861,0.0547925039354674,log_CAA
8607.86078607861,0.054770393533255,log_CAA
8608.86088608861,0.0547482917874947,log_CAA
8609.86098609861,0.0547261986949606,log_CAA
8610.86108610861,0.0547041142524281,log_CAA
8611.86118611861,0.0546820384566736,log_CAA
8612.86128612861,0.0546599713044744,log_CAA
8613.86138613861,0.0546379127926093,log_CAA
8614.86148614862,0.0546158629178579,log_CAA
8615.86158615862,0.054593821677001,log_CAA
8616.86168616862,0.0545717890668205,log_CAA
8617.86178617862,0.0545497650840992,log_CAA
8618.86188618862,0.0545277497256214,log_CAA
8619.86198619862,0.054505742988172,log_CAA
8620.86208620862,0.0544837448685374,log_CAA
8621.86218621862,0.054461755363505,log_CAA
8622.86228622862,0.054439774469863,log_CAA
8623.86238623862,0.0544178021844011,log_CAA
8624.86248624863,0.0543958385039099,log_CAA
8625.86258625863,0.054373883425181,log_CAA
8626.86268626863,0.0543519369450072,log_CAA
8627.86278627863,0.0543299990601826,log_CAA
8628.86288628863,0.0543080697675019,log_CAA
8629.86298629863,0.0542861490637613,log_CAA
8630.86308630863,0.0542642369457579,log_CAA
8631.86318631863,0.0542423334102901,log_CAA
8632.86328632863,0.054220438454157,log_CAA
8633.86338633863,0.0541985520741592,log_CAA
8634.86348634864,0.0541766742670981,log_CAA
8635.86358635864,0.0541548050297764,log_CAA
8636.86368636864,0.0541329443589977,log_CAA
8637.86378637864,0.0541110922515669,log_CAA
8638.86388638864,0.0540892487042897,log_CAA
8639.86398639864,0.0540674137139732,log_CAA
8640.86408640864,0.0540455872774253,log_CAA
8641.86418641864,0.0540237693914552,log_CAA
8642.86428642864,0.0540019600528731,log_CAA
8643.86438643864,0.0539801592584904,log_CAA
8644.86448644865,0.0539583670051193,log_CAA
8645.86458645865,0.0539365832895734,log_CAA
8646.86468646865,0.0539148081086672,log_CAA
8647.86478647865,0.0538930414592164,log_CAA
8648.86488648865,0.0538712833380377,log_CAA
8649.86498649865,0.0538495337419488,log_CAA
8650.86508650865,0.0538277926677687,log_CAA
8651.86518651865,0.0538060601123174,log_CAA
8652.86528652865,0.0537843360724158,log_CAA
8653.86538653865,0.0537626205448863,log_CAA
8654.86548654865,0.0537409135265519,log_CAA
8655.86558655866,0.053719215014237,log_CAA
8656.86568656866,0.0536975250047669,log_CAA
8657.86578657866,0.0536758434949682,log_CAA
8658.86588658866,0.0536541704816685,log_CAA
8659.86598659866,0.0536325059616962,log_CAA
8660.86608660866,0.0536108499318812,log_CAA
8661.86618661866,0.0535892023890543,log_CAA
8662.86628662866,0.0535675633300473,log_CAA
8663.86638663866,0.0535459327516931,log_CAA
8664.86648664866,0.0535243106508259,log_CAA
8665.86658665867,0.0535026970242807,log_CAA
8666.86668666867,0.0534810918688937,log_CAA
8667.86678667867,0.0534594951815023,log_CAA
8668.86688668867,0.0534379069589448,log_CAA
8669.86698669867,0.0534163271980604,log_CAA
8670.86708670867,0.0533947558956899,log_CAA
8671.86718671867,0.0533731930486748,log_CAA
8672.86728672867,0.0533516386538578,log_CAA
8673.86738673867,0.0533300927080825,log_CAA
8674.86748674867,0.0533085552081939,log_CAA
8675.86758675868,0.0532870261510378,log_CAA
8676.86768676868,0.0532655055334611,log_CAA
8677.86778677868,0.053243993352312,log_CAA
8678.86788678868,0.0532224896044396,log_CAA
8679.86798679868,0.0532009942866939,log_CAA
8680.86808680868,0.0531795073959265,log_CAA
8681.86818681868,0.0531580289289895,log_CAA
8682.86828682868,0.0531365588827364,log_CAA
8683.86838683868,0.0531150972540217,log_CAA
8684.86848684868,0.053093644039701,log_CAA
8685.86858685869,0.0530721992366309,log_CAA
8686.86868686869,0.0530507628416691,log_CAA
8687.86878687869,0.0530293348516745,log_CAA
8688.86888688869,0.0530079152635068,log_CAA
8689.86898689869,0.0529865040740271,log_CAA
8690.86908690869,0.0529651012800973,log_CAA
8691.86918691869,0.0529437068785805,log_CAA
8692.86928692869,0.052922320866341,log_CAA
8693.86938693869,0.0529009432402437,log_CAA
8694.86948694869,0.0528795739971553,log_CAA
8695.8695869587,0.0528582131339428,log_CAA
8696.8696869687,0.0528368606474749,log_CAA
8697.8697869787,0.0528155165346209,log_CAA
8698.8698869887,0.0527941807922516,log_CAA
8699.8699869987,0.0527728534172384,log_CAA
8700.8700870087,0.0527515344064542,log_CAA
8701.8701870187,0.0527302237567727,log_CAA
8702.8702870287,0.0527089214650687,log_CAA
8703.8703870387,0.0526876275282183,log_CAA
8704.8704870487,0.0526663419430983,log_CAA
8705.87058705871,0.0526450647065869,log_CAA
8706.87068706871,0.0526237958155631,log_CAA
8707.87078707871,0.0526025352669072,log_CAA
8708.87088708871,0.0525812830575004,log_CAA
8709.87098709871,0.052560039184225,log_CAA
8710.87108710871,0.0525388036439644,log_CAA
8711.87118711871,0.0525175764336031,log_CAA
8712.87128712871,0.0524963575500266,log_CAA
8713.87138713871,0.0524751469901215,log_CAA
8714.87148714871,0.0524539447507755,log_CAA
8715.87158715872,0.0524327508288772,log_CAA
8716.87168716872,0.0524115652213164,log_CAA
8717.87178717872,0.052390387924984,log_CAA
8718.87188718872,0.0523692189367719,log_CAA
8719.87198719872,0.0523480582535731,log_CAA
8720.87208720872,0.0523269058722816,log_CAA
8721.87218721872,0.0523057617897925,log_CAA
8722.87228722872,0.0522846260030019,log_CAA
8723.87238723872,0.0522634985088071,log_CAA
8724.87248724872,0.0522423793041065,log_CAA
8725.87258725873,0.0522212683857992,log_CAA
8726.87268726873,0.0522001657507858,log_CAA
8727.87278727873,0.0521790713959676,log_CAA
8728.87288728873,0.0521579853182474,log_CAA
8729.87298729873,0.0521369075145285,log_CAA
8730.87308730873,0.0521158379817158,log_CAA
8731.87318731873,0.0520947767167148,log_CAA
8732.87328732873,0.0520737237164325,log_CAA
8733.87338733873,0.0520526789777765,log_CAA
8734.87348734873,0.0520316424976558,log_CAA
8735.87358735874,0.0520106142729803,log_CAA
8736.87368736874,0.0519895943006612,log_CAA
8737.87378737874,0.0519685825776103,log_CAA
8738.87388738874,0.0519475791007409,log_CAA
8739.87398739874,0.0519265838669671,log_CAA
8740.87408740874,0.0519055968732043,log_CAA
8741.87418741874,0.0518846181163685,log_CAA
8742.87428742874,0.0518636475933774,log_CAA
8743.87438743874,0.0518426853011491,log_CAA
8744.87448744874,0.0518217312366033,log_CAA
8745.87458745875,0.0518007853966603,log_CAA
8746.87468746875,0.0517798477782419,log_CAA
8747.87478747875,0.0517589183782707,log_CAA
8748.87488748875,0.0517379971936702,log_CAA
8749.87498749875,0.0517170842213653,log_CAA
8750.87508750875,0.0516961794582819,log_CAA
8751.87518751875,0.0516752829013466,log_CAA
8752.87528752875,0.0516543945474875,log_CAA
8753.87538753875,0.0516335143936335,log_CAA
8754.87548754875,0.0516126424367146,log_CAA
8755.87558755876,0.0515917786736618,log_CAA
8756.87568756876,0.0515709231014074,log_CAA
8757.87578757876,0.0515500757168844,log_CAA
8758.87588758876,0.0515292365170271,log_CAA
8759.87598759876,0.0515084054987708,log_CAA
8760.87608760876,0.0514875826590518,log_CAA
8761.87618761876,0.0514667679948074,log_CAA
8762.87628762876,0.0514459615029761,log_CAA
8763.87638763876,0.0514251631804974,log_CAA
8764.87648764876,0.0514043730243118,log_CAA
8765.87658765877,0.0513835910313609,log_CAA
8766.87668766877,0.0513628171985874,log_CAA
8767.87678767877,0.0513420515229348,log_CAA
8768.87688768877,0.051321294001348,log_CAA
8769.87698769877,0.0513005446307726,log_CAA
8770.87708770877,0.0512798034081556,log_CAA
8771.87718771877,0.0512590703304448,log_CAA
8772.87728772877,0.0512383453945892,log_CAA
8773.87738773877,0.0512176285975386,log_CAA
8774.87748774878,0.0511969199362442,log_CAA
8775.87758775878,0.0511762194076579,log_CAA
8776.87768776878,0.051155527008733,log_CAA
8777.87778777878,0.0511348427364234,log_CAA
8778.87788778878,0.0511141665876846,log_CAA
8779.87798779878,0.0510934985594726,log_CAA
8780.87808780878,0.0510728386487449,log_CAA
8781.87818781878,0.0510521868524596,log_CAA
8782.87828782878,0.0510315431675764,log_CAA
8783.87838783879,0.0510109075910554,log_CAA
8784.87848784878,0.0509902801198584,log_CAA
8785.87858785879,0.0509696607509476,log_CAA
8786.87868786879,0.0509490494812869,log_CAA
8787.87878787879,0.0509284463078406,log_CAA
8788.87888788879,0.0509078512275745,log_CAA
8789.87898789879,0.0508872642374553,log_CAA
8790.87908790879,0.0508666853344507,log_CAA
8791.87918791879,0.0508461145155294,log_CAA
8792.87928792879,0.0508255517776615,log_CAA
8793.87938793879,0.0508049971178175,log_CAA
8794.87948794879,0.0507844505329696,log_CAA
8795.8795879588,0.0507639120200905,log_CAA
8796.8796879688,0.0507433815761544,log_CAA
8797.8797879788,0.0507228591981362,log_CAA
8798.8798879888,0.050702344883012,log_CAA
8799.8799879988,0.050681838627759,log_CAA
8800.8800880088,0.0506613404293551,log_CAA
8801.8801880188,0.0506408502847798,log_CAA
8802.8802880288,0.0506203681910131,log_CAA
8803.8803880388,0.0505998941450363,log_CAA
8804.8804880488,0.0505794281438318,log_CAA
8805.8805880588,0.0505589701843829,log_CAA
8806.88068806881,0.0505385202636739,log_CAA
8807.88078807881,0.0505180783786904,log_CAA
8808.88088808881,0.0504976445264186,log_CAA
8809.88098809881,0.0504772187038462,log_CAA
8810.88108810881,0.0504568009079617,log_CAA
8811.88118811881,0.0504363911357546,log_CAA
8812.88128812881,0.0504159893842154,log_CAA
8813.88138813881,0.0503955956503361,log_CAA
8814.88148814881,0.050375209931109,log_CAA
8815.88158815882,0.050354832223528,log_CAA
8816.88168816882,0.0503344625245877,log_CAA
8817.88178817882,0.0503141008312841,log_CAA
8818.88188818882,0.0502937471406138,log_CAA
8819.88198819882,0.0502734014495748,log_CAA
8820.88208820882,0.0502530637551659,log_CAA
8821.88218821882,0.0502327340543871,log_CAA
8822.88228822882,0.0502124123442391,log_CAA
8823.88238823882,0.0501920986217242,log_CAA
8824.88248824883,0.0501717928838453,log_CAA
8825.88258825883,0.0501514951276064,log_CAA
8826.88268826883,0.0501312053500126,log_CAA
8827.88278827883,0.0501109235480701,log_CAA
8828.88288828883,0.0500906497187859,log_CAA
8829.88298829883,0.0500703838591683,log_CAA
8830.88308830883,0.0500501259662264,log_CAA
8831.88318831883,0.0500298760369704,log_CAA
8832.88328832883,0.0500096340684118,log_CAA
8833.88338833883,0.0499894000575627,log_CAA
8834.88348834884,0.0499691740014364,log_CAA
8835.88358835883,0.0499489558970474,log_CAA
8836.88368836884,0.049928745741411,log_CAA
8837.88378837884,0.0499085435315437,log_CAA
8838.88388838884,0.0498883492644628,log_CAA
8839.88398839884,0.0498681629371868,log_CAA
8840.88408840884,0.0498479845467353,log_CAA
8841.88418841884,0.0498278140901288,log_CAA
8842.88428842884,0.0498076515643888,log_CAA
8843.88438843884,0.049787496966538,log_CAA
8844.88448844884,0.0497673502935998,log_CAA
8845.88458845884,0.0497472115425991,log_CAA
8846.88468846885,0.0497270807105613,log_CAA
8847.88478847885,0.0497069577945133,log_CAA
8848.88488848885,0.0496868427914826,log_CAA
8849.88498849885,0.0496667356984982,log_CAA
8850.88508850885,0.0496466365125896,log_CAA
8851.88518851885,0.0496265452307879,log_CAA
8852.88528852885,0.0496064618501246,log_CAA
8853.88538853885,0.0495863863676328,log_CAA
8854.88548854885,0.0495663187803461,log_CAA
8855.88558855885,0.0495462590852996,log_CAA
8856.88568856886,0.0495262072795291,log_CAA
8857.88578857886,0.0495061633600716,log_CAA
8858.88588858886,0.0494861273239651,log_CAA
8859.88598859886,0.0494660991682484,log_CAA
8860.88608860886,0.0494460788899616,log_CAA
8861.88618861886,0.0494260664861458,log_CAA
8862.88628862886,0.0494060619538429,log_CAA
8863.88638863886,0.0493860652900962,log_CAA
8864.88648864886,0.0493660764919495,log_CAA
8865.88658865887,0.0493460955564481,log_CAA
8866.88668866887,0.049326122480638,log_CAA
8867.88678867887,0.0493061572615665,log_CAA
8868.88688868887,0.0492861998962817,log_CAA
8869.88698869887,0.0492662503818327,log_CAA
8870.88708870887,0.0492463087152698,log_CAA
8871.88718871887,0.0492263748936443,log_CAA
8872.88728872887,0.0492064489140083,log_CAA
8873.88738873887,0.0491865307734151,log_CAA
8874.88748874888,0.049166620468919,log_CAA
8875.88758875888,0.0491467179975754,log_CAA
8876.88768876888,0.0491268233564405,log_CAA
8877.88778877888,0.0491069365425716,log_CAA
8878.88788878888,0.0490870575530272,log_CAA
8879.88798879888,0.0490671863848666,log_CAA
8880.88808880888,0.0490473230351501,log_CAA
8881.88818881888,0.0490274675009392,log_CAA
8882.88828882888,0.0490076197792963,log_CAA
8883.88838883888,0.0489877798672849,log_CAA
8884.88848884889,0.0489679477619693,log_CAA
8885.88858885889,0.0489481234604151,log_CAA
8886.88868886889,0.0489283069596887,log_CAA
8887.88878887889,0.0489084982568577,log_CAA
8888.88888888889,0.0488886973489904,log_CAA
8889.88898889889,0.0488689042331566,log_CAA
8890.88908890889,0.0488491189064265,log_CAA
8891.88918891889,0.048829341365872,log_CAA
8892.88928892889,0.0488095716085654,log_CAA
8893.88938893889,0.0487898096315805,log_CAA
8894.8894889489,0.0487700554319917,log_CAA
8895.88958895889,0.0487503090068746,log_CAA
8896.8896889689,0.0487305703533059,log_CAA
8897.8897889789,0.0487108394683632,log_CAA
8898.8898889889,0.0486911163491252,log_CAA
8899.8899889989,0.0486714009926714,log_CAA
8900.8900890089,0.0486516933960825,log_CAA
8901.8901890189,0.0486319935564403,log_CAA
8902.8902890289,0.0486123014708273,log_CAA
8903.8903890389,0.0485926171363273,log_CAA
8904.8904890489,0.0485729405500248,log_CAA
8905.8905890589,0.0485532717090059,log_CAA
8906.89068906891,0.0485336106103569,log_CAA
8907.89078907891,0.0485139572511658,log_CAA
8908.89088908891,0.0484943116285212,log_CAA
8909.89098909891,0.0484746737395128,log_CAA
8910.89108910891,0.0484550435812315,log_CAA
8911.89118911891,0.048435421150769,log_CAA
8912.89128912891,0.0484158064452179,log_CAA
8913.89138913891,0.0483961994616722,log_CAA
8914.89148914891,0.0483766001972265,log_CAA
8915.89158915892,0.0483570086489768,log_CAA
8916.89168916892,0.0483374248140196,log_CAA
8917.89178917892,0.0483178486894529,log_CAA
8918.89188918892,0.0482982802723754,log_CAA
8919.89198919892,0.048278719559887,log_CAA
8920.89208920892,0.0482591665490884,log_CAA
8921.89218921892,0.0482396212370816,log_CAA
8922.89228922892,0.0482200836209692,log_CAA
8923.89238923892,0.048200553697855,log_CAA
8924.89248924893,0.0481810314648441,log_CAA
8925.89258925893,0.048161516919042,log_CAA
8926.89268926893,0.0481420100575558,log_CAA
8927.89278927893,0.0481225108774932,log_CAA
8928.89288928893,0.0481030193759631,log_CAA
8929.89298929893,0.0480835355500754,log_CAA
8930.89308930893,0.0480640593969407,log_CAA
8931.89318931893,0.0480445909136711,log_CAA
8932.89328932893,0.0480251300973792,log_CAA
8933.89338933893,0.0480056769451792,log_CAA
8934.89348934894,0.0479862314541856,log_CAA
8935.89358935894,0.0479667936215144,log_CAA
8936.89368936894,0.0479473634442825,log_CAA
8937.89378937894,0.0479279409196077,log_CAA
8938.89388938894,0.0479085260446087,log_CAA
8939.89398939894,0.0478891188164056,log_CAA
8940.89408940894,0.0478697192321191,log_CAA
8941.89418941894,0.0478503272888711,log_CAA
8942.89428942894,0.0478309429837845,log_CAA
8943.89438943894,0.047811566313983,log_CAA
8944.89448944895,0.0477921972765914,log_CAA
8945.89458945895,0.0477728358687358,log_CAA
8946.89468946895,0.0477534820875428,log_CAA
8947.89478947895,0.0477341359301404,log_CAA
8948.89488948895,0.0477147973936573,log_CAA
8949.89498949895,0.0476954664752234,log_CAA
8950.89508950895,0.0476761431719695,log_CAA
8951.89518951895,0.0476568274810274,log_CAA
8952.89528952895,0.0476375193995299,log_CAA
8953.89538953895,0.0476182189246109,log_CAA
8954.89548954895,0.0475989260534051,log_CAA
8955.89558955895,0.0475796407830484,log_CAA
8956.89568956896,0.0475603631106776,log_CAA
8957.89578957896,0.0475410930334303,log_CAA
8958.89588958896,0.0475218305484455,log_CAA
8959.89598959896,0.0475025756528629,log_CAA
8960.89608960896,0.0474833283438233,log_CAA
8961.89618961896,0.0474640886184684,log_CAA
8962.89628962896,0.047444856473941,log_CAA
8963.89638963896,0.0474256319073848,log_CAA
8964.89648964896,0.0474064149159446,log_CAA
8965.89658965897,0.0473872054967661,log_CAA
8966.89668966897,0.0473680036469961,log_CAA
8967.89678967897,0.0473488093637822,log_CAA
8968.89688968897,0.0473296226442732,log_CAA
8969.89698969897,0.0473104434856187,log_CAA
8970.89708970897,0.0472912718849695,log_CAA
8971.89718971897,0.0472721078394772,log_CAA
8972.89728972897,0.0472529513462945,log_CAA
8973.89738973897,0.0472338024025751,log_CAA
8974.89748974897,0.0472146610054736,log_CAA
8975.89758975898,0.0471955271521456,log_CAA
8976.89768976898,0.0471764008397478,log_CAA
8977.89778977898,0.0471572820654378,log_CAA
8978.89788978898,0.0471381708263742,log_CAA
8979.89798979898,0.0471190671197165,log_CAA
8980.89808980898,0.0470999709426255,log_CAA
8981.89818981898,0.0470808822922625,log_CAA
8982.89828982898,0.0470618011657903,log_CAA
8983.89838983898,0.0470427275603722,log_CAA
8984.89848984898,0.0470236614731729,log_CAA
8985.89858985899,0.0470046029013579,log_CAA
8986.89868986899,0.0469855518420936,log_CAA
8987.89878987899,0.0469665082925475,log_CAA
8988.89888988899,0.0469474722498882,log_CAA
8989.89898989899,0.046928443711285,log_CAA
8990.89908990899,0.0469094226739085,log_CAA
8991.89918991899,0.0468904091349299,log_CAA
8992.89928992899,0.0468714030915219,log_CAA
8993.89938993899,0.0468524045408576,log_CAA
8994.89948994899,0.0468334134801116,log_CAA
8995.899589959,0.0468144299064591,log_CAA
8996.899689969,0.0467954538170766,log_CAA
8997.899789979,0.0467764852091413,log_CAA
8998.899889989,0.0467575240798316,log_CAA
8999.899989999,0.0467385704263267,log_CAA
9000.900090009,0.0467196242458069,log_CAA
9001.900190019,0.0467006855354534,log_CAA
9002.900290029,0.0466817542924486,log_CAA
9003.900390039,0.0466628305139756,log_CAA
9004.900490049,0.0466439141972187,log_CAA
9005.90059005901,0.0466250053393629,log_CAA
9006.90069006901,0.0466061039375945,log_CAA
9007.90079007901,0.0465872099891005,log_CAA
9008.90089008901,0.0465683234910692,log_CAA
9009.90099009901,0.0465494444406896,log_CAA
9010.90109010901,0.0465305728351518,log_CAA
9011.90119011901,0.0465117086716468,log_CAA
9012.90129012901,0.0464928519473667,log_CAA
9013.90139013901,0.0464740026595045,log_CAA
9014.90149014901,0.0464551608052542,log_CAA
9015.90159015902,0.0464363263818107,log_CAA
9016.90169016902,0.04641749938637,log_CAA
9017.90179017902,0.046398679816129,log_CAA
9018.90189018902,0.0463798676682857,log_CAA
9019.90199019902,0.0463610629400388,log_CAA
9020.90209020902,0.0463422656285884,log_CAA
9021.90219021902,0.046323475731135,log_CAA
9022.90229022902,0.0463046932448807,log_CAA
9023.90239023902,0.046285918167028,log_CAA
9024.90249024902,0.0462671504947809,log_CAA
9025.90259025903,0.046248390225344,log_CAA
9026.90269026903,0.0462296373559232,log_CAA
9027.90279027903,0.0462108918837249,log_CAA
9028.90289028903,0.0461921538059569,log_CAA
9029.90299029903,0.0461734231198277,log_CAA
9030.90309030903,0.0461546998225471,log_CAA
9031.90319031903,0.0461359839113256,log_CAA
9032.90329032903,0.0461172753833747,log_CAA
9033.90339033903,0.0460985742359069,log_CAA
9034.90349034903,0.0460798804661358,log_CAA
9035.90359035904,0.0460611940712757,log_CAA
9036.90369036904,0.0460425150485422,log_CAA
9037.90379037904,0.0460238433951516,log_CAA
9038.90389038904,0.0460051791083213,log_CAA
9039.90399039904,0.0459865221852697,log_CAA
9040.90409040904,0.045967872623216,log_CAA
9041.90419041904,0.0459492304193806,log_CAA
9042.90429042904,0.0459305955709847,log_CAA
9043.90439043904,0.0459119680752506,log_CAA
9044.90449044904,0.0458933479294014,log_CAA
9045.90459045905,0.0458747351306613,log_CAA
9046.90469046905,0.0458561296762555,log_CAA
9047.90479047905,0.04583753156341,log_CAA
9048.90489048905,0.045818940789352,log_CAA
9049.90499049905,0.0458003573513093,log_CAA
9050.90509050905,0.0457817812465113,log_CAA
9051.90519051905,0.0457632124721876,log_CAA
9052.90529052905,0.0457446510255693,log_CAA
9053.90539053905,0.0457260969038884,log_CAA
9054.90549054905,0.0457075501043776,log_CAA
9055.90559055906,0.0456890106242708,log_CAA
9056.90569056906,0.0456704784608029,log_CAA
9057.90579057906,0.0456519536112096,log_CAA
9058.90589058906,0.0456334360727276,log_CAA
9059.90599059906,0.0456149258425947,log_CAA
9060.90609060906,0.0455964229180495,log_CAA
9061.90619061906,0.0455779272963317,log_CAA
9062.90629062906,0.0455594389746818,log_CAA
9063.90639063906,0.0455409579503414,log_CAA
9064.90649064906,0.0455224842205532,log_CAA
9065.90659065907,0.0455040177825604,log_CAA
9066.90669066907,0.0454855586336077,log_CAA
9067.90679067907,0.0454671067709403,log_CAA
9068.90689068907,0.0454486621918047,log_CAA
9069.90699069907,0.0454302248934483,log_CAA
9070.90709070907,0.0454117948731193,log_CAA
9071.90719071907,0.045393372128067,log_CAA
9072.90729072907,0.0453749566555417,log_CAA
9073.90739073907,0.0453565484527944,log_CAA
9074.90749074907,0.0453381475170775,log_CAA
9075.90759075908,0.0453197538456439,log_CAA
9076.90769076908,0.0453013674357478,log_CAA
9077.90779077908,0.0452829882846441,log_CAA
9078.90789078908,0.0452646163895889,log_CAA
9079.90799079908,0.0452462517478392,log_CAA
9080.90809080908,0.0452278943566528,log_CAA
9081.90819081908,0.0452095442132885,log_CAA
9082.90829082908,0.0451912013150063,log_CAA
9083.90839083908,0.0451728656590669,log_CAA
9084.90849084908,0.0451545372427321,log_CAA
9085.90859085909,0.0451362160632645,log_CAA
9086.90869086909,0.0451179021179279,log_CAA
9087.90879087909,0.0450995954039868,log_CAA
9088.90889088909,0.0450812959187068,log_CAA
9089.90899089909,0.0450630036593544,log_CAA
9090.90909090909,0.0450447186231972,log_CAA
9091.90919091909,0.0450264408075035,log_CAA
9092.90929092909,0.0450081702095428,log_CAA
9093.90939093909,0.0449899068265854,log_CAA
9094.90949094909,0.0449716506559027,log_CAA
9095.9095909591,0.0449534016947668,log_CAA
9096.9096909691,0.044935159940451,log_CAA
9097.9097909791,0.0449169253902296,log_CAA
9098.9098909891,0.0448986980413776,log_CAA
9099.9099909991,0.044880477891171,log_CAA
9100.9100910091,0.044862264936887,log_CAA
9101.9101910191,0.0448440591758036,log_CAA
9102.9102910291,0.0448258606051996,log_CAA
9103.9103910391,0.044807669222355,log_CAA
9104.9104910491,0.0447894850245505,log_CAA
9105.9105910591,0.0447713080090681,log_CAA
9106.91069106911,0.0447531381731904,log_CAA
9107.91079107911,0.0447349755142012,log_CAA
9108.91089108911,0.0447168200293852,log_CAA
9109.91099109911,0.0446986717160278,log_CAA
9110.91109110911,0.0446805305714158,log_CAA
9111.91119111911,0.0446623965928365,log_CAA
9112.91129112911,0.0446442697775784,log_CAA
9113.91139113911,0.0446261501229311,log_CAA
9114.91149114911,0.0446080376261847,log_CAA
9115.91159115912,0.0445899322846307,log_CAA
9116.91169116912,0.0445718340955612,log_CAA
9117.91179117912,0.0445537430562695,log_CAA
9118.91189118912,0.0445356591640498,log_CAA
9119.91199119912,0.044517582416197,log_CAA
9120.91209120912,0.0444995128100074,log_CAA
9121.91219121912,0.0444814503427778,log_CAA
9122.91229122912,0.0444633950118063,log_CAA
9123.91239123912,0.0444453468143917,log_CAA
9124.91249124913,0.0444273057478338,log_CAA
9125.91259125912,0.0444092718094335,log_CAA
9126.91269126913,0.0443912449964924,log_CAA
9127.91279127913,0.0443732253063133,log_CAA
9128.91289128913,0.0443552127361998,log_CAA
9129.91299129913,0.0443372072834564,log_CAA
9130.91309130913,0.0443192089453887,log_CAA
9131.91319131913,0.0443012177193031,log_CAA
9132.91329132913,0.044283233602507,log_CAA
9133.91339133913,0.0442652565923088,log_CAA
9134.91349134913,0.0442472866860177,log_CAA
9135.91359135913,0.044229323880944,log_CAA
9136.91369136914,0.044211368174399,log_CAA
9137.91379137914,0.0441934195636946,log_CAA
9138.91389138914,0.0441754780461439,log_CAA
9139.91399139914,0.0441575436190611,log_CAA
9140.91409140914,0.0441396162797609,log_CAA
9141.91419141914,0.0441216960255595,log_CAA
9142.91429142914,0.0441037828537734,log_CAA
9143.91439143914,0.0440858767617206,log_CAA
9144.91449144914,0.0440679777467197,log_CAA
9145.91459145914,0.0440500858060905,log_CAA
9146.91469146915,0.0440322009371534,log_CAA
9147.91479147915,0.0440143231372301,log_CAA
9148.91489148915,0.043996452403643,log_CAA
9149.91499149915,0.0439785887337156,log_CAA
9150.91509150915,0.0439607321247721,log_CAA
9151.91519151915,0.043942882574138,log_CAA
9152.91529152915,0.0439250400791395,log_CAA
9153.91539153915,0.0439072046371036,log_CAA
9154.91549154915,0.0438893762453586,log_CAA
9155.91559155915,0.0438715549012335,log_CAA
9156.91569156916,0.0438537406020582,log_CAA
9157.91579157916,0.0438359333451638,log_CAA
9158.91589158916,0.0438181331278821,log_CAA
9159.91599159916,0.0438003399475458,log_CAA
9160.91609160916,0.0437825538014887,log_CAA
9161.91619161916,0.0437647746870456,log_CAA
9162.91629162916,0.043747002601552,log_CAA
9163.91639163916,0.0437292375423444,log_CAA
9164.91649164916,0.0437114795067604,log_CAA
9165.91659165917,0.0436937284921384,log_CAA
9166.91669166917,0.0436759844958176,log_CAA
9167.91679167917,0.0436582475151386,log_CAA
9168.91689168917,0.0436405175474423,log_CAA
9169.91699169917,0.0436227945900711,log_CAA
9170.91709170917,0.0436050786403679,log_CAA
9171.91719171917,0.0435873696956769,log_CAA
9172.91729172917,0.0435696677533429,log_CAA
9173.91739173917,0.043551972810712,log_CAA
9174.91749174918,0.0435342848651308,log_CAA
9175.91759175918,0.0435166039139472,log_CAA
9176.91769176918,0.0434989299545099,log_CAA
9177.91779177918,0.0434812629841684,log_CAA
9178.91789178918,0.0434636030002734,log_CAA
9179.91799179918,0.0434459500001764,log_CAA
9180.91809180918,0.0434283039812296,log_CAA
9181.91819181918,0.0434106649407866,log_CAA
9182.91829182918,0.0433930328762015,log_CAA
9183.91839183918,0.0433754077848297,log_CAA
9184.91849184919,0.0433577896640271,log_CAA
9185.91859185918,0.043340178511151,log_CAA
9186.91869186919,0.0433225743235592,log_CAA
9187.91879187919,0.0433049770986108,log_CAA
9188.91889188919,0.0432873868336656,log_CAA
9189.91899189919,0.0432698035260843,log_CAA
9190.91909190919,0.0432522271732288,log_CAA
9191.91919191919,0.0432346577724616,log_CAA
9192.91929192919,0.0432170953211463,log_CAA
9193.91939193919,0.0431995398166474,log_CAA
9194.91949194919,0.0431819912563304,log_CAA
9195.91959195919,0.0431644496375615,log_CAA
9196.9196919692,0.0431469149577082,log_CAA
9197.9197919792,0.0431293872141385,log_CAA
9198.9198919892,0.0431118664042216,log_CAA
9199.9199919992,0.0430943525253276,log_CAA
9200.9200920092,0.0430768455748275,log_CAA
9201.9201920192,0.0430593455500932,log_CAA
9202.9202920292,0.0430418524484975,log_CAA
9203.9203920392,0.0430243662674141,log_CAA
9204.9204920492,0.0430068870042178,log_CAA
9205.9205920592,0.0429894146562842,log_CAA
9206.92069206921,0.0429719492209898,log_CAA
9207.92079207921,0.0429544906957121,log_CAA
9208.92089208921,0.0429370390778294,log_CAA
9209.92099209921,0.0429195943647211,log_CAA
9210.92109210921,0.0429021565537673,log_CAA
9211.92119211921,0.0428847256423493,log_CAA
9212.92129212921,0.042867301627849,log_CAA
9213.92139213921,0.0428498845076497,log_CAA
9214.92149214921,0.042832474279135,log_CAA
9215.92159215922,0.0428150709396898,log_CAA
9216.92169216922,0.0427976744867,log_CAA
9217.92179217922,0.0427802849175522,log_CAA
9218.92189218922,0.042762902229634,log_CAA
9219.92199219922,0.0427455264203339,log_CAA
9220.92209220922,0.0427281574870413,log_CAA
9221.92219221922,0.0427107954271468,log_CAA
9222.92229222922,0.0426934402380413,log_CAA
9223.92239223922,0.0426760919171174,log_CAA
9224.92249224923,0.0426587504617679,log_CAA
9225.92259225923,0.0426414158693871,log_CAA
9226.92269226923,0.0426240881373697,log_CAA
9227.92279227923,0.0426067672631118,log_CAA
9228.92289228923,0.04258945324401,log_CAA
9229.92299229923,0.0425721460774622,log_CAA
9230.92309230923,0.0425548457608669,log_CAA
9231.92319231923,0.0425375522916237,log_CAA
9232.92329232923,0.042520265667133,log_CAA
9233.92339233923,0.0425029858847963,log_CAA
9234.92349234924,0.0424857129420158,log_CAA
9235.92359235924,0.0424684468361948,log_CAA
9236.92369236924,0.0424511875647373,log_CAA
9237.92379237924,0.0424339351250485,log_CAA
9238.92389238924,0.0424166895145341,log_CAA
9239.92399239924,0.0423994507306013,log_CAA
9240.92409240924,0.0423822187706577,log_CAA
9241.92419241924,0.042364993632112,log_CAA
9242.92429242924,0.0423477753123739,log_CAA
9243.92439243924,0.0423305638088539,log_CAA
9244.92449244925,0.0423133591189633,log_CAA
9245.92459245924,0.0422961612401147,log_CAA
9246.92469246925,0.0422789701697212,log_CAA
9247.92479247925,0.0422617859051971,log_CAA
9248.92489248925,0.0422446084439574,log_CAA
9249.92499249925,0.0422274377834182,log_CAA
9250.92509250925,0.0422102739209963,log_CAA
9251.92519251925,0.0421931168541096,log_CAA
9252.92529252925,0.0421759665801769,log_CAA
9253.92539253925,0.0421588230966178,log_CAA
9254.92549254925,0.0421416864008528,log_CAA
9255.92559255925,0.0421245564903034,log_CAA
9256.92569256926,0.0421074333623922,log_CAA
9257.92579257926,0.0420903170145421,log_CAA
9258.92589258926,0.0420732074441777,log_CAA
9259.92599259926,0.0420561046487238,log_CAA
9260.92609260926,0.0420390086256067,log_CAA
9261.92619261926,0.0420219193722531,log_CAA
9262.92629262926,0.042004836886091,log_CAA
9263.92639263926,0.0419877611645491,log_CAA
9264.92649264926,0.041970692205057,log_CAA
9265.92659265927,0.0419536300050454,log_CAA
9266.92669266927,0.0419365745619456,log_CAA
9267.92679267927,0.0419195258731901,log_CAA
9268.92689268927,0.0419024839362122,log_CAA
9269.92699269927,0.041885448748446,log_CAA
9270.92709270927,0.0418684203073267,log_CAA
9271.92719271927,0.0418513986102902,log_CAA
9272.92729272927,0.0418343836547736,log_CAA
9273.92739273927,0.0418173754382145,log_CAA
9274.92749274927,0.0418003739580517,log_CAA
9275.92759275928,0.0417833792117249,log_CAA
9276.92769276928,0.0417663911966746,log_CAA
9277.92779277928,0.0417494099103422,log_CAA
9278.92789278928,0.0417324353501701,log_CAA
9279.92799279928,0.0417154675136015,log_CAA
9280.92809280928,0.0416985063980806,log_CAA
9281.92819281928,0.0416815520010524,log_CAA
9282.92829282928,0.0416646043199628,log_CAA
9283.92839283928,0.0416476633522588,log_CAA
9284.92849284928,0.0416307290953882,log_CAA
9285.92859285929,0.0416138015467995,log_CAA
9286.92869286929,0.0415968807039423,log_CAA
9287.92879287929,0.0415799665642671,log_CAA
9288.92889288929,0.0415630591252253,log_CAA
9289.92899289929,0.0415461583842691,log_CAA
9290.92909290929,0.0415292643388518,log_CAA
9291.92919291929,0.0415123769864274,log_CAA
9292.92929292929,0.0414954963244508,log_CAA
9293.92939293929,0.041478622350378,log_CAA
9294.92949294929,0.0414617550616657,log_CAA
9295.9295929593,0.0414448944557716,log_CAA
9296.92969296929,0.0414280405301543,log_CAA
9297.9297929793,0.0414111932822732,log_CAA
9298.9298929893,0.0413943527095887,log_CAA
9299.9299929993,0.0413775188095621,log_CAA
9300.9300930093,0.0413606915796556,log_CAA
9301.9301930193,0.0413438710173321,log_CAA
9302.9302930293,0.0413270571200557,log_CAA
9303.9303930393,0.0413102498852913,log_CAA
9304.9304930493,0.0412934493105046,log_CAA
9305.9305930593,0.0412766553931622,log_CAA
9306.93069306931,0.0412598681307318,log_CAA
9307.93079307931,0.0412430875206817,log_CAA
9308.93089308931,0.0412263135604812,log_CAA
9309.93099309931,0.0412095462476008,log_CAA
9310.93109310931,0.0411927855795114,log_CAA
9311.93119311931,0.0411760315536851,log_CAA
9312.93129312931,0.0411592841675949,log_CAA
9313.93139313931,0.0411425434187144,log_CAA
9314.93149314931,0.0411258093045186,log_CAA
9315.93159315932,0.0411090818224829,log_CAA
9316.93169316932,0.041092360970084,log_CAA
9317.93179317932,0.0410756467447991,log_CAA
9318.93189318932,0.0410589391441066,log_CAA
9319.93199319932,0.0410422381654856,log_CAA
9320.93209320932,0.0410255438064162,log_CAA
9321.93219321932,0.0410088560643795,log_CAA
9322.93229322932,0.0409921749368572,log_CAA
9323.93239323932,0.0409755004213321,log_CAA
9324.93249324932,0.0409588325152879,log_CAA
9325.93259325933,0.0409421712162091,log_CAA
9326.93269326933,0.0409255165215811,log_CAA
9327.93279327933,0.0409088684288902,log_CAA
9328.93289328933,0.0408922269356238,log_CAA
9329.93299329933,0.0408755920392697,log_CAA
9330.93309330933,0.0408589637373171,log_CAA
9331.93319331933,0.0408423420272557,log_CAA
9332.93329332933,0.0408257269065766,log_CAA
9333.93339333933,0.0408091183727711,log_CAA
9334.93349334933,0.0407925164233319,log_CAA
9335.93359335934,0.0407759210557525,log_CAA
9336.93369336934,0.0407593322675271,log_CAA
9337.93379337934,0.040742750056151,log_CAA
9338.93389338934,0.0407261744191203,log_CAA
9339.93399339934,0.0407096053539319,log_CAA
9340.93409340934,0.0406930428580838,log_CAA
9341.93419341934,0.0406764869290746,log_CAA
9342.93429342934,0.0406599375644041,log_CAA
9343.93439343934,0.0406433947615728,log_CAA
9344.93449344934,0.0406268585180821,log_CAA
9345.93459345935,0.0406103288314343,log_CAA
9346.93469346935,0.0405938056991326,log_CAA
9347.93479347935,0.0405772891186811,log_CAA
9348.93489348935,0.0405607790875848,log_CAA
9349.93499349935,0.0405442756033495,log_CAA
9350.93509350935,0.040527778663482,log_CAA
9351.93519351935,0.0405112882654897,log_CAA
9352.93529352935,0.0404948044068814,log_CAA
9353.93539353935,0.0404783270851663,log_CAA
9354.93549354935,0.0404618562978548,log_CAA
9355.93559355936,0.040445392042458,log_CAA
9356.93569356936,0.0404289343164878,log_CAA
9357.93579357936,0.0404124831174573,log_CAA
9358.93589358936,0.0403960384428803,log_CAA
9359.93599359936,0.0403796002902714,log_CAA
9360.93609360936,0.0403631686571462,log_CAA
9361.93619361936,0.0403467435410212,log_CAA
9362.93629362936,0.0403303249394136,log_CAA
9363.93639363936,0.0403139128498417,log_CAA
9364.93649364936,0.0402975072698246,log_CAA
9365.93659365937,0.0402811081968823,log_CAA
9366.93669366937,0.0402647156285356,log_CAA
9367.93679367937,0.0402483295623063,log_CAA
9368.93689368937,0.0402319499957169,log_CAA
9369.93699369937,0.0402155769262909,log_CAA
9370.93709370937,0.0401992103515529,log_CAA
9371.93719371937,0.0401828502690278,log_CAA
9372.93729372937,0.0401664966762421,log_CAA
9373.93739373937,0.0401501495707225,log_CAA
9374.93749374937,0.040133808949997,log_CAA
9375.93759375938,0.0401174748115945,log_CAA
9376.93769376938,0.0401011471530444,log_CAA
9377.93779377938,0.0400848259718774,log_CAA
9378.93789378938,0.0400685112656249,log_CAA
9379.93799379938,0.040052203031819,log_CAA
9380.93809380938,0.040035901267993,log_CAA
9381.93819381938,0.040019605971681,log_CAA
9382.93829382938,0.0400033171404177,log_CAA
9383.93839383938,0.039987034771739,log_CAA
9384.93849384938,0.0399707588631816,log_CAA
9385.93859385939,0.0399544894122829,log_CAA
9386.93869386939,0.0399382264165814,log_CAA
9387.93879387939,0.0399219698736163,log_CAA
9388.93889388939,0.039905719780928,log_CAA
9389.93899389939,0.0398894761360572,log_CAA
9390.93909390939,0.0398732389365459,log_CAA
9391.93919391939,0.039857008179937,log_CAA
9392.93929392939,0.0398407838637741,log_CAA
9393.93939393939,0.0398245659856016,log_CAA
9394.93949394939,0.0398083545429651,log_CAA
9395.9395939594,0.0397921495334107,log_CAA
9396.9396939694,0.0397759509544856,log_CAA
9397.9397939794,0.0397597588037379,log_CAA
9398.9398939894,0.0397435730787164,log_CAA
9399.9399939994,0.0397273937769707,log_CAA
9400.9400940094,0.0397112208960518,log_CAA
9401.9401940194,0.0396950544335108,log_CAA
9402.9402940294,0.0396788943869004,log_CAA
9403.9403940394,0.0396627407537737,log_CAA
9404.9404940494,0.0396465935316848,log_CAA
9405.94059405941,0.0396304527181887,log_CAA
9406.94069406941,0.0396143183108412,log_CAA
9407.94079407941,0.0395981903071991,log_CAA
9408.94089408941,0.0395820687048199,log_CAA
9409.94099409941,0.0395659535012622,log_CAA
9410.94109410941,0.0395498446940852,log_CAA
9411.94119411941,0.0395337422808492,log_CAA
9412.94129412941,0.0395176462591151,log_CAA
9413.94139413941,0.039501556626445,log_CAA
9414.94149414941,0.0394854733804016,log_CAA
9415.94159415942,0.0394693965185486,log_CAA
9416.94169416942,0.0394533260384505,log_CAA
9417.94179417942,0.0394372619376728,log_CAA
9418.94189418942,0.0394212042137816,log_CAA
9419.94199419942,0.0394051528643442,log_CAA
9420.94209420942,0.0393891078869284,log_CAA
9421.94219421942,0.0393730692791034,log_CAA
9422.94229422942,0.0393570370384385,log_CAA
9423.94239423942,0.0393410111625047,log_CAA
9424.94249424943,0.0393249916488732,log_CAA
9425.94259425942,0.0393089784951164,log_CAA
9426.94269426943,0.0392929716988074,log_CAA
9427.94279427943,0.0392769712575204,log_CAA
9428.94289428943,0.0392609771688303,log_CAA
9429.94299429943,0.0392449894303128,log_CAA
9430.94309430943,0.0392290080395446,log_CAA
9431.94319431943,0.0392130329941032,log_CAA
9432.94329432943,0.0391970642915669,log_CAA
9433.94339433943,0.039181101929515,log_CAA
9434.94349434943,0.0391651459055276,log_CAA
9435.94359435943,0.0391491962171856,log_CAA
9436.94369436944,0.0391332528620709,log_CAA
9437.94379437944,0.0391173158377661,log_CAA
9438.94389438944,0.0391013851418548,log_CAA
9439.94399439944,0.0390854607719214,log_CAA
9440.94409440944,0.0390695427255511,log_CAA
9441.94419441944,0.03905363100033,log_CAA
9442.94429442944,0.0390377255938452,log_CAA
9443.94439443944,0.0390218265036845,log_CAA
9444.94449444944,0.0390059337274365,log_CAA
9445.94459445944,0.0389900472626909,log_CAA
9446.94469446945,0.0389741671070381,log_CAA
9447.94479447945,0.0389582932580693,log_CAA
9448.94489448945,0.0389424257133767,log_CAA
9449.94499449945,0.0389265644705532,log_CAA
9450.94509450945,0.0389107095271928,log_CAA
9451.94519451945,0.0388948608808902,log_CAA
9452.94529452945,0.0388790185292408,log_CAA
9453.94539453945,0.0388631824698412,log_CAA
9454.94549454945,0.0388473527002886,log_CAA
9455.94559455945,0.0388315292181812,log_CAA
9456.94569456946,0.0388157120211179,log_CAA
9457.94579457946,0.0387999011066986,log_CAA
9458.94589458946,0.038784096472524,log_CAA
9459.94599459946,0.0387682981161958,log_CAA
9460.94609460946,0.0387525060353161,log_CAA
9461.94619461946,0.0387367202274885,log_CAA
9462.94629462946,0.038720940690317,log_CAA
9463.94639463946,0.0387051674214066,log_CAA
9464.94649464946,0.038689400418363,log_CAA
9465.94659465947,0.0386736396787932,log_CAA
9466.94669466947,0.0386578852003044,log_CAA
9467.94679467947,0.0386421369805052,log_CAA
9468.94689468947,0.0386263950170048,log_CAA
9469.94699469947,0.0386106593074134,log_CAA
9470.94709470947,0.0385949298493418,log_CAA
9471.94719471947,0.0385792066404019,log_CAA
9472.94729472947,0.0385634896782063,log_CAA
9473.94739473947,0.0385477789603686,log_CAA
9474.94749474948,0.0385320744845031,log_CAA
9475.94759475948,0.0385163762482251,log_CAA
9476.94769476948,0.0385006842491506,log_CAA
9477.94779477948,0.0384849984848965,log_CAA
9478.94789478948,0.0384693189530806,log_CAA
9479.94799479948,0.0384536456513216,log_CAA
9480.94809480948,0.0384379785772388,log_CAA
9481.94819481948,0.0384223177284526,log_CAA
9482.94829482948,0.0384066631025843,log_CAA
9483.94839483948,0.0383910146972557,log_CAA
9484.94849484949,0.0383753725100898,log_CAA
9485.94859485948,0.0383597365387103,log_CAA
9486.94869486949,0.0383441067807417,log_CAA
9487.94879487949,0.0383284832338095,log_CAA
9488.94889488949,0.0383128658955399,log_CAA
9489.94899489949,0.0382972547635601,log_CAA
9490.94909490949,0.038281649835498,log_CAA
9491.94919491949,0.0382660511089824,log_CAA
9492.94929492949,0.0382504585816429,log_CAA
9493.94939493949,0.03823487225111,log_CAA
9494.94949494949,0.0382192921150152,log_CAA
9495.94959495949,0.0382037181709905,log_CAA
9496.9496949695,0.0381881504166691,log_CAA
9497.9497949795,0.0381725888496847,log_CAA
9498.9498949895,0.0381570334676722,log_CAA
9499.9499949995,0.038141484268267,log_CAA
9500.9500950095,0.0381259412491057,log_CAA
9501.9501950195,0.0381104044078255,log_CAA
9502.9502950295,0.0380948737420644,log_CAA
9503.9503950395,0.0380793492494615,log_CAA
9504.9504950495,0.0380638309276564,log_CAA
9505.9505950595,0.03804831877429,log_CAA
9506.95069506951,0.0380328127870036,log_CAA
9507.95079507951,0.0380173129634396,log_CAA
9508.95089508951,0.038001819301241,log_CAA
9509.95099509951,0.037986331798052,log_CAA
9510.95109510951,0.0379708504515175,log_CAA
9511.95119511951,0.0379553752592829,log_CAA
9512.95129512951,0.0379399062189951,log_CAA
9513.95139513951,0.0379244433283012,log_CAA
9514.95149514951,0.0379089865848494,log_CAA
9515.95159515952,0.0378935359862891,log_CAA
9516.95169516952,0.0378780915302698,log_CAA
9517.95179517952,0.0378626532144424,log_CAA
9518.95189518952,0.0378472210364585,log_CAA
9519.95199519952,0.0378317949939706,log_CAA
9520.95209520952,0.0378163750846317,log_CAA
9521.95219521952,0.0378009613060962,log_CAA
9522.95229522952,0.0377855536560188,log_CAA
9523.95239523952,0.0377701521320554,log_CAA
9524.95249524953,0.0377547567318626,log_CAA
9525.95259525953,0.0377393674530977,log_CAA
9526.95269526953,0.0377239842934193,log_CAA
9527.95279527953,0.0377086072504863,log_CAA
9528.95289528953,0.0376932363219586,log_CAA
9529.95299529953,0.0376778715054973,log_CAA
9530.95309530953,0.0376625127987638,log_CAA
9531.95319531953,0.0376471601994206,log_CAA
9532.95329532953,0.037631813705131,log_CAA
9533.95339533953,0.0376164733135593,log_CAA
9534.95349534954,0.0376011390223703,log_CAA
9535.95359535954,0.03758581082923,log_CAA
9536.95369536954,0.0375704887318049,log_CAA
9537.95379537954,0.0375551727277626,log_CAA
9538.95389538954,0.0375398628147713,log_CAA
9539.95399539954,0.0375245589905003,log_CAA
9540.95409540954,0.0375092612526195,log_CAA
9541.95419541954,0.0374939695987997,log_CAA
9542.95429542954,0.0374786840267128,log_CAA
9543.95439543954,0.037463404534031,log_CAA
9544.95449544955,0.0374481311184277,log_CAA
9545.95459545954,0.0374328637775772,log_CAA
9546.95469546955,0.0374176025091544,log_CAA
9547.95479547955,0.0374023473108352,log_CAA
9548.95489548955,0.0373870981802961,log_CAA
9549.95499549955,0.0373718551152148,log_CAA
9550.95509550955,0.0373566181132694,log_CAA
9551.95519551955,0.0373413871721392,log_CAA
9552.95529552955,0.0373261622895042,log_CAA
9553.95539553955,0.0373109434630452,log_CAA
9554.95549554955,0.0372957306904438,log_CAA
9555.95559555955,0.0372805239693825,log_CAA
9556.95569556956,0.0372653232975446,log_CAA
9557.95579557956,0.0372501286726143,log_CAA
9558.95589558956,0.0372349400922765,log_CAA
9559.95599559956,0.0372197575542171,log_CAA
9560.95609560956,0.0372045810561226,log_CAA
9561.95619561956,0.0371894105956805,log_CAA
9562.95629562956,0.0371742461705791,log_CAA
9563.95639563956,0.0371590877785075,log_CAA
9564.95649564956,0.0371439354171557,log_CAA
9565.95659565957,0.0371287890842144,log_CAA
9566.95669566957,0.0371136487773753,log_CAA
9567.95679567957,0.0370985144943306,log_CAA
9568.95689568957,0.0370833862327738,log_CAA
9569.95699569957,0.0370682639903988,log_CAA
9570.95709570957,0.0370531477649007,log_CAA
9571.95719571957,0.037038037553975,log_CAA
9572.95729572957,0.0370229333553184,log_CAA
9573.95739573957,0.0370078351666283,log_CAA
9574.95749574957,0.0369927429856029,log_CAA
9575.95759575958,0.0369776568099411,log_CAA
9576.95769576958,0.036962576637343,log_CAA
9577.95779577958,0.036947502465509,log_CAA
9578.95789578958,0.0369324342921409,log_CAA
9579.95799579958,0.0369173721149407,log_CAA
9580.95809580958,0.0369023159316119,log_CAA
9581.95819581958,0.0368872657398583,log_CAA
9582.95829582958,0.0368722215373848,log_CAA
9583.95839583958,0.0368571833218968,log_CAA
9584.95849584958,0.0368421510911011,log_CAA
9585.95859585959,0.0368271248427046,log_CAA
9586.95869586959,0.0368121045744157,log_CAA
9587.95879587959,0.0367970902839432,log_CAA
9588.95889588959,0.0367820819689968,log_CAA
9589.95899589959,0.0367670796272871,log_CAA
9590.95909590959,0.0367520832565255,log_CAA
9591.95919591959,0.0367370928544242,log_CAA
9592.95929592959,0.0367221084186962,log_CAA
9593.95939593959,0.0367071299470554,log_CAA
9594.95949594959,0.0366921574372164,log_CAA
9595.9595959596,0.0366771908868947,log_CAA
9596.95969596959,0.0366622302938067,log_CAA
9597.9597959796,0.0366472756556694,log_CAA
9598.9598959896,0.0366323269702008,log_CAA
9599.9599959996,0.0366173842351196,log_CAA
9600.9600960096,0.0366024474481455,log_CAA
9601.9601960196,0.0365875166069989,log_CAA
9602.9602960296,0.0365725917094009,log_CAA
9603.9603960396,0.0365576727530736,log_CAA
9604.9604960496,0.0365427597357399,log_CAA
9605.9605960596,0.0365278526551234,log_CAA
9606.96069606961,0.0365129515089487,log_CAA
9607.96079607961,0.0364980562949409,log_CAA
9608.96089608961,0.0364831670108264,log_CAA
9609.96099609961,0.0364682836543319,log_CAA
9610.96109610961,0.0364534062231853,log_CAA
9611.96119611961,0.0364385347151151,log_CAA
9612.96129612961,0.0364236691278508,log_CAA
9613.96139613961,0.0364088094591225,log_CAA
9614.96149614961,0.0363939557066613,log_CAA
9615.96159615962,0.0363791078681989,log_CAA
9616.96169616962,0.0363642659414681,log_CAA
9617.96179617962,0.0363494299242022,log_CAA
9618.96189618962,0.0363345998141357,log_CAA
9619.96199619962,0.0363197756090036,log_CAA
9620.96209620962,0.0363049573065417,log_CAA
9621.96219621962,0.0362901449044868,log_CAA
9622.96229622962,0.0362753384005765,log_CAA
9623.96239623962,0.036260537792549,log_CAA
9624.96249624962,0.0362457430781436,log_CAA
9625.96259625963,0.0362309542551003,log_CAA
9626.96269626963,0.0362161713211597,log_CAA
9627.96279627963,0.0362013942740635,log_CAA
9628.96289628963,0.0361866231115541,log_CAA
9629.96299629963,0.0361718578313747,log_CAA
9630.96309630963,0.0361570984312694,log_CAA
9631.96319631963,0.036142344908983,log_CAA
9632.96329632963,0.0361275972622612,log_CAA
9633.96339633963,0.0361128554888503,log_CAA
9634.96349634963,0.0360981195864977,log_CAA
9635.96359635964,0.0360833895529515,log_CAA
9636.96369636964,0.0360686653859606,log_CAA
9637.96379637964,0.0360539470832746,log_CAA
9638.96389638964,0.0360392346426441,log_CAA
9639.96399639964,0.0360245280618203,log_CAA
9640.96409640964,0.0360098273385555,log_CAA
9641.96419641964,0.0359951324706026,log_CAA
9642.96429642964,0.0359804434557152,log_CAA
9643.96439643964,0.035965760291648,log_CAA
9644.96449644964,0.0359510829761563,log_CAA
9645.96459645965,0.0359364115069963,log_CAA
9646.96469646965,0.0359217458819249,log_CAA
9647.96479647965,0.0359070860986999,log_CAA
9648.96489648965,0.0358924321550801,log_CAA
9649.96499649965,0.0358777840488246,log_CAA
9650.96509650965,0.0358631417776937,log_CAA
9651.96519651965,0.0358485053394484,log_CAA
9652.96529652965,0.0358338747318506,log_CAA
9653.96539653965,0.0358192499526629,log_CAA
9654.96549654965,0.0358046309996486,log_CAA
9655.96559655966,0.035790017870572,log_CAA
9656.96569656966,0.0357754105631982,log_CAA
9657.96579657966,0.0357608090752929,log_CAA
9658.96589658966,0.0357462134046228,log_CAA
9659.96599659966,0.0357316235489554,log_CAA
9660.96609660966,0.0357170395060589,log_CAA
9661.96619661966,0.0357024612737023,log_CAA
9662.96629662966,0.0356878888496556,log_CAA
9663.96639663966,0.0356733222316893,log_CAA
9664.96649664966,0.035658761417575,log_CAA
9665.96659665967,0.0356442064050848,log_CAA
9666.96669666967,0.0356296571919919,log_CAA
9667.96679667967,0.03561511377607,log_CAA
9668.96689668967,0.035600576155094,log_CAA
9669.96699669967,0.0355860443268392,log_CAA
9670.96709670967,0.0355715182890819,log_CAA
9671.96719671967,0.0355569980395992,log_CAA
9672.96729672967,0.035542483576169,log_CAA
9673.96739673967,0.0355279748965699,log_CAA
9674.96749674967,0.0355134719985814,log_CAA
9675.96759675968,0.0354989748799837,log_CAA
9676.96769676968,0.0354844835385581,log_CAA
9677.96779677968,0.0354699979720861,log_CAA
9678.96789678968,0.0354555181783507,log_CAA
9679.96799679968,0.0354410441551352,log_CAA
9680.96809680968,0.035426575900224,log_CAA
9681.96819681968,0.0354121134114019,log_CAA
9682.96829682968,0.0353976566864551,log_CAA
9683.96839683968,0.03538320572317,log_CAA
9684.96849684968,0.0353687605193341,log_CAA
9685.96859685969,0.0353543210727358,log_CAA
9686.96869686969,0.035339887381164,log_CAA
9687.96879687969,0.0353254594424086,log_CAA
9688.96889688969,0.0353110372542602,log_CAA
9689.96899689969,0.0352966208145103,log_CAA
9690.96909690969,0.0352822101209512,log_CAA
9691.96919691969,0.0352678051713758,log_CAA
9692.96929692969,0.035253405963578,log_CAA
9693.96939693969,0.0352390124953523,log_CAA
9694.96949694969,0.0352246247644943,log_CAA
9695.9695969597,0.0352102427688002,log_CAA
9696.9696969697,0.0351958665060668,log_CAA
9697.9697969797,0.0351814959740921,log_CAA
9698.9698969897,0.0351671311706746,log_CAA
9699.9699969997,0.0351527720936138,log_CAA
9700.9700970097,0.0351384187407097,log_CAA
9701.9701970197,0.0351240711097635,log_CAA
9702.9702970297,0.0351097291985768,log_CAA
9703.9703970397,0.0350953930049521,log_CAA
9704.9704970497,0.035081062526693,log_CAA
9705.97059705971,0.0350667377616034,log_CAA
9706.97069706971,0.0350524187074884,log_CAA
9707.97079707971,0.0350381053621536,log_CAA
9708.97089708971,0.0350237977234057,log_CAA
9709.97099709971,0.0350094957890519,log_CAA
9710.97109710971,0.0349951995569002,log_CAA
9711.97119711971,0.0349809090247597,log_CAA
9712.97129712971,0.0349666241904399,log_CAA
9713.97139713971,0.0349523450517514,log_CAA
9714.97149714971,0.0349380716065054,log_CAA
9715.97159715972,0.0349238038525141,log_CAA
9716.97169716972,0.0349095417875901,log_CAA
9717.97179717972,0.0348952854095471,log_CAA
9718.97189718972,0.0348810347161996,log_CAA
9719.97199719972,0.0348667897053629,log_CAA
9720.97209720972,0.0348525503748527,log_CAA
9721.97219721972,0.0348383167224861,log_CAA
9722.97229722972,0.0348240887460805,log_CAA
9723.97239723972,0.0348098664434542,log_CAA
9724.97249724973,0.0347956498124266,log_CAA
9725.97259725972,0.0347814388508174,log_CAA
9726.97269726973,0.0347672335564474,log_CAA
9727.97279727973,0.0347530339271382,log_CAA
9728.97289728973,0.0347388399607119,log_CAA
9729.97299729973,0.0347246516549918,log_CAA
9730.97309730973,0.0347104690078016,log_CAA
9731.97319731973,0.034696292016966,log_CAA
9732.97329732973,0.0346821206803105,log_CAA
9733.97339733973,0.0346679549956613,log_CAA
9734.97349734973,0.0346537949608454,log_CAA
9735.97359735973,0.0346396405736906,log_CAA
9736.97369736974,0.0346254918320254,log_CAA
9737.97379737974,0.0346113487336793,log_CAA
9738.97389738974,0.0345972112764823,log_CAA
9739.97399739974,0.0345830794582655,log_CAA
9740.97409740974,0.0345689532768604,log_CAA
9741.97419741974,0.0345548327300997,log_CAA
9742.97429742974,0.0345407178158166,log_CAA
9743.97439743974,0.0345266085318452,log_CAA
9744.97449744974,0.0345125048760202,log_CAA
9745.97459745974,0.0344984068461774,log_CAA
9746.97469746975,0.0344843144401532,log_CAA
9747.97479747975,0.0344702276557846,log_CAA
9748.97489748975,0.0344561464909098,log_CAA
9749.97499749975,0.0344420709433675,log_CAA
9750.97509750975,0.0344280010109971,log_CAA
9751.97519751975,0.034413936691639,log_CAA
9752.97529752975,0.0343998779831344,log_CAA
9753.97539753975,0.0343858248833251,log_CAA
9754.97549754975,0.0343717773900536,log_CAA
9755.97559755975,0.0343577355011636,log_CAA
9756.97569756976,0.0343436992144991,log_CAA
9757.97579757976,0.0343296685279053,log_CAA
9758.97589758976,0.0343156434392277,log_CAA
9759.97599759976,0.0343016239463131,log_CAA
9760.97609760976,0.0342876100470087,log_CAA
9761.97619761976,0.0342736017391627,log_CAA
9762.97629762976,0.0342595990206239,log_CAA
9763.97639763976,0.034245601889242,log_CAA
9764.97649764976,0.0342316103428675,log_CAA
9765.97659765977,0.0342176243793515,log_CAA
9766.97669766977,0.034203643996546,log_CAA
9767.97679767977,0.0341896691923039,log_CAA
9768.97689768977,0.0341756999644786,log_CAA
9769.97699769977,0.0341617363109246,log_CAA
9770.97709770977,0.0341477782294969,log_CAA
9771.97719771977,0.0341338257180513,log_CAA
9772.97729772977,0.0341198787744446,log_CAA
9773.97739773977,0.0341059373965341,log_CAA
9774.97749774978,0.0340920015821781,log_CAA
9775.97759775978,0.0340780713292355,log_CAA
9776.97769776978,0.0340641466355661,log_CAA
9777.97779777978,0.0340502274990305,log_CAA
9778.97789778978,0.0340363139174898,log_CAA
9779.97799779978,0.0340224058888063,log_CAA
9780.97809780978,0.0340085034108426,log_CAA
9781.97819781978,0.0339946064814626,log_CAA
9782.97829782978,0.0339807150985304,log_CAA
9783.97839783978,0.0339668292599114,log_CAA
9784.97849784979,0.0339529489634714,log_CAA
9785.97859785978,0.0339390742070773,log_CAA
9786.97869786979,0.0339252049885964,log_CAA
9787.97879787979,0.0339113413058969,log_CAA
9788.97889788979,0.033897483156848,log_CAA
9789.97899789979,0.0338836305393195,log_CAA
9790.97909790979,0.0338697834511818,log_CAA
9791.97919791979,0.0338559418903064,log_CAA
9792.97929792979,0.0338421058545653,log_CAA
9793.97939793979,0.0338282753418315,log_CAA
9794.97949794979,0.0338144503499785,log_CAA
9795.97959795979,0.0338006308768808,log_CAA
9796.9796979698,0.0337868169204136,log_CAA
9797.9797979798,0.0337730084784528,log_CAA
9798.9798979898,0.0337592055488753,log_CAA
9799.9799979998,0.0337454081295584,log_CAA
9800.9800980098,0.0337316162183804,log_CAA
9801.9801980198,0.0337178298132204,log_CAA
9802.9802980298,0.0337040489119582,log_CAA
9803.9803980398,0.0336902735124743,log_CAA
9804.9804980498,0.0336765036126501,log_CAA
9805.9805980598,0.0336627392103677,log_CAA
9806.98069806981,0.0336489803035099,log_CAA
9807.98079807981,0.0336352268899604,log_CAA
9808.98089808981,0.0336214789676036,log_CAA
9809.98099809981,0.0336077365343248,log_CAA
9810.98109810981,0.0335939995880096,log_CAA
9811.98119811981,0.0335802681265451,log_CAA
9812.98129812981,0.0335665421478184,log_CAA
9813.98139813981,0.033552821649718,log_CAA
9814.98149814981,0.0335391066301329,log_CAA
9815.98159815982,0.0335253970869527,log_CAA
9816.98169816982,0.033511693018068,log_CAA
9817.98179817982,0.0334979944213701,log_CAA
9818.98189818982,0.033484301294751,log_CAA
9819.98199819982,0.0334706136361037,log_CAA
9820.98209820982,0.0334569314433216,log_CAA
9821.98219821982,0.0334432547142991,log_CAA
9822.98229822982,0.0334295834469313,log_CAA
9823.98239823982,0.0334159176391142,log_CAA
9824.98249824983,0.0334022572887442,log_CAA
9825.98259825983,0.033388602393719,log_CAA
9826.98269826983,0.0333749529519365,log_CAA
9827.98279827983,0.0333613089612957,log_CAA
9828.98289828983,0.0333476704196964,log_CAA
9829.98299829983,0.0333340373250389,log_CAA
9830.98309830983,0.0333204096752244,log_CAA
9831.98319831983,0.033306787468155,log_CAA
9832.98329832983,0.0332931707017334,log_CAA
9833.98339833983,0.033279559373863,log_CAA
9834.98349834984,0.0332659534824481,log_CAA
9835.98359835984,0.0332523530253937,log_CAA
9836.98369836984,0.0332387580006056,log_CAA
9837.98379837984,0.0332251684059904,log_CAA
9838.98389838984,0.0332115842394552,log_CAA
9839.98399839984,0.0331980054989082,log_CAA
9840.98409840984,0.0331844321822581,log_CAA
9841.98419841984,0.0331708642874145,log_CAA
9842.98429842984,0.0331573018122879,log_CAA
9843.98439843984,0.0331437447547891,log_CAA
9844.98449844985,0.0331301931128301,log_CAA
9845.98459845984,0.0331166468843235,log_CAA
9846.98469846985,0.0331031060671825,log_CAA
9847.98479847985,0.0330895706593215,log_CAA
9848.98489848985,0.0330760406586551,log_CAA
9849.98499849985,0.033062516063099,log_CAA
9850.98509850985,0.0330489968705697,log_CAA
9851.98519851985,0.0330354830789842,log_CAA
9852.98529852985,0.0330219746862604,log_CAA
9853.98539853985,0.033008471690317,log_CAA
9854.98549854985,0.0329949740890734,log_CAA
9855.98559855985,0.0329814818804498,log_CAA
9856.98569856986,0.032967995062367,log_CAA
9857.98579857986,0.0329545136327467,log_CAA
9858.98589858986,0.0329410375895114,log_CAA
9859.98599859986,0.0329275669305843,log_CAA
9860.98609860986,0.0329141016538891,log_CAA
9861.98619861986,0.0329006417573508,log_CAA
9862.98629862986,0.0328871872388946,log_CAA
9863.98639863986,0.0328737380964468,log_CAA
9864.98649864986,0.0328602943279344,log_CAA
9865.98659865987,0.0328468559312849,log_CAA
9866.98669866987,0.0328334229044269,log_CAA
9867.98679867987,0.0328199952452896,log_CAA
9868.98689868987,0.0328065729518029,log_CAA
9869.98699869987,0.0327931560218975,log_CAA
9870.98709870987,0.032779744453505,log_CAA
9871.98719871987,0.0327663382445574,log_CAA
9872.98729872987,0.0327529373929877,log_CAA
9873.98739873987,0.0327395418967298,log_CAA
9874.98749874987,0.0327261517537179,log_CAA
9875.98759875988,0.0327127669618874,log_CAA
9876.98769876988,0.0326993875191742,log_CAA
9877.98779877988,0.032686013423515,log_CAA
9878.98789878988,0.0326726446728472,log_CAA
9879.98799879988,0.0326592812651091,log_CAA
9880.98809880988,0.0326459231982397,log_CAA
9881.98819881988,0.0326325704701786,log_CAA
9882.98829882988,0.0326192230788663,log_CAA
9883.98839883988,0.032605881022244,log_CAA
9884.98849884988,0.0325925442982537,log_CAA
9885.98859885989,0.0325792129048379,log_CAA
9886.98869886989,0.0325658868399403,log_CAA
9887.98879887989,0.032552566101505,log_CAA
9888.98889888989,0.032539250687477,log_CAA
9889.98899889989,0.0325259405958018,log_CAA
9890.98909890989,0.032512635824426,log_CAA
9891.98919891989,0.0324993363712968,log_CAA
9892.98929892989,0.032486042234362,log_CAA
9893.98939893989,0.0324727534115704,log_CAA
9894.98949894989,0.0324594699008713,log_CAA
9895.9895989599,0.032446191700215,log_CAA
9896.98969896989,0.0324329188075523,log_CAA
9897.9897989799,0.0324196512208349,log_CAA
9898.9898989899,0.0324063889380153,log_CAA
9899.9899989999,0.0323931319570464,log_CAA
9900.9900990099,0.0323798802758823,log_CAA
9901.9901990199,0.0323666338924775,log_CAA
9902.9902990299,0.0323533928047876,log_CAA
9903.9903990399,0.0323401570107684,log_CAA
9904.9904990499,0.032326926508377,log_CAA
9905.9905990599,0.0323137012955709,log_CAA
9906.99069906991,0.0323004813703085,log_CAA
9907.99079907991,0.0322872667305489,log_CAA
9908.99089908991,0.0322740573742518,log_CAA
9909.99099909991,0.032260853299378,log_CAA
9910.99109910991,0.0322476545038886,log_CAA
9911.99119911991,0.0322344609857458,log_CAA
9912.99129912991,0.0322212727429124,log_CAA
9913.99139913991,0.0322080897733519,log_CAA
9914.99149914991,0.0321949120750286,log_CAA
9915.99159915992,0.0321817396459075,log_CAA
9916.99169916992,0.0321685724839543,log_CAA
9917.99179917992,0.0321554105871356,log_CAA
9918.99189918992,0.0321422539534187,log_CAA
9919.99199919992,0.0321291025807715,log_CAA
9920.99209920992,0.0321159564671627,log_CAA
9921.99219921992,0.0321028156105618,log_CAA
9922.99229922992,0.032089680008939,log_CAA
9923.99239923992,0.0320765496602652,log_CAA
9924.99249924992,0.0320634245625122,log_CAA
9925.99259925993,0.0320503047136522,log_CAA
9926.99269926993,0.0320371901116586,log_CAA
9927.99279927993,0.0320240807545051,log_CAA
9928.99289928993,0.0320109766401665,log_CAA
9929.99299929993,0.031997877766618,log_CAA
9930.99309930993,0.0319847841318358,log_CAA
9931.99319931993,0.0319716957337967,log_CAA
9932.99329932993,0.0319586125704784,log_CAA
9933.99339933993,0.031945534639859,log_CAA
9934.99349934993,0.0319324619399177,log_CAA
9935.99359935994,0.0319193944686343,log_CAA
9936.99369936994,0.0319063322239892,log_CAA
9937.99379937994,0.0318932752039638,log_CAA
9938.99389938994,0.03188022340654,log_CAA
9939.99399939994,0.0318671768297005,log_CAA
9940.99409940994,0.0318541354714289,log_CAA
9941.99419941994,0.0318410993297093,log_CAA
9942.99429942994,0.0318280684025266,log_CAA
9943.99439943994,0.0318150426878665,log_CAA
9944.99449944994,0.0318020221837154,log_CAA
9945.99459945995,0.0317890068880604,log_CAA
9946.99469946995,0.0317759967988895,log_CAA
9947.99479947995,0.0317629919141912,log_CAA
9948.99489948995,0.0317499922319547,log_CAA
9949.99499949995,0.0317369977501703,log_CAA
9950.99509950995,0.0317240084668287,log_CAA
9951.99519951995,0.0317110243799214,log_CAA
9952.99529952995,0.0316980454874406,log_CAA
9953.99539953995,0.0316850717873794,log_CAA
9954.99549954995,0.0316721032777316,log_CAA
9955.99559955996,0.0316591399564914,log_CAA
9956.99569956996,0.0316461818216542,log_CAA
9957.99579957996,0.0316332288712158,log_CAA
9958.99589958996,0.0316202811031729,log_CAA
9959.99599959996,0.0316073385155229,log_CAA
9960.99609960996,0.0315944011062638,log_CAA
9961.99619961996,0.0315814688733946,log_CAA
9962.99629962996,0.0315685418149147,log_CAA
9963.99639963996,0.0315556199288244,log_CAA
9964.99649964996,0.0315427032131249,log_CAA
9965.99659965997,0.0315297916658178,log_CAA
9966.99669966997,0.0315168852849056,log_CAA
9967.99679967997,0.0315039840683915,log_CAA
9968.99689968997,0.0314910880142795,log_CAA
9969.99699969997,0.0314781971205742,log_CAA
9970.99709970997,0.0314653113852811,log_CAA
9971.99719971997,0.0314524308064061,log_CAA
9972.99729972997,0.0314395553819563,log_CAA
9973.99739973997,0.031426685109939,log_CAA
9974.99749974997,0.0314138199883628,log_CAA
9975.99759975998,0.0314009600152365,log_CAA
9976.99769976998,0.03138810518857,log_CAA
9977.99779977998,0.0313752555063737,log_CAA
9978.99789978998,0.0313624109666587,log_CAA
9979.99799979998,0.0313495715674372,log_CAA
9980.99809980998,0.0313367373067216,log_CAA
9981.99819981998,0.0313239081825253,log_CAA
9982.99829982998,0.0313110841928626,log_CAA
9983.99839983998,0.0312982653357482,log_CAA
9984.99849984998,0.0312854516091976,log_CAA
9985.99859985999,0.0312726430112272,log_CAA
9986.99869986999,0.0312598395398539,log_CAA
9987.99879987999,0.0312470411930954,log_CAA
9988.99889988999,0.0312342479689703,log_CAA
9989.99899989999,0.0312214598654976,log_CAA
9990.99909990999,0.0312086768806973,log_CAA
9991.99919991999,0.03119589901259,log_CAA
9992.99929992999,0.031183126259197,log_CAA
9993.99939993999,0.0311703586185404,log_CAA
9994.99949994999,0.0311575960886429,log_CAA
9995.99959996,0.0311448386675281,log_CAA
9996.99969997,0.0311320863532203,log_CAA
9997.99979998,0.0311193391437442,log_CAA
9998.99989999,0.0311065970371257,log_CAA
10000,0.031093860031391,log_CAA
